﻿<project version="2.6" name="全名当铺" ID="AA9ECF51-9EB0-485A-A949-94A2C205D154">
  <params>
    <pageParam version="4.8" minAllowVersion="4.8"/>
    <projectParam version="2.6" minAllowVersion="2.6" platform="MtDesktop" pageSize="(800,600)" backgroundColor="4294967295" fontSize="0" fontFamily="" projectType="ptPersonalProject" isShowTitleIndex="False"/>
    <previewParam version="1.0"/>
    <colorParam version="1.0"/>
  </params>
  <pages>
    <page name="首页" ID="3DA89501-2912-4F01-BD31-6C136B68EF26" expanded="True" code="nfQtfwjlt3" thumbCode="nfQtfwjlt3" status="psWhite" isfolder="False" isshownode="True">
      <images>
        <image key="467605F5F90D9FF65132C1A6EF883F26.svg"/>
      </images>
      <page name="项目详情" ID="4246E384-736C-427F-A998-939C712DCFCD" expanded="True" code="5gHB9mhBHZ" thumbCode="5gHB9mhBHZ" status="psWhite" isfolder="False" isshownode="True">
        <images>
          <image key="474A61FDC203C97B2EEFAF494C017CCB.svg"/>
          <image key="467605F5F90D9FF65132C1A6EF883F26.svg"/>
        </images>
      </page>
      <page name="登录页面" ID="B0EF2CE6-0EDB-4121-80FC-2026BEADA8DA" expanded="True" code="FU3Mh4JFf3" thumbCode="FU3Mh4JFf3" status="psWhite" isfolder="False" isshownode="True"/>
      <page name="会员资料" ID="A2834834-2799-4B97-926D-9C330DC0F157" expanded="True" code="wkf3XhIUnM" thumbCode="wkf3XhIUnM" status="psWhite" isfolder="False" isshownode="True">
        <images>
          <image key="467605F5F90D9FF65132C1A6EF883F26.svg"/>
        </images>
      </page>
      <page name="个人资料" ID="719414EA-50C4-43F1-B5EE-27180DF77EDD" expanded="True" code="EMNV59ZcnL" thumbCode="EMNV59ZcnL" status="psWhite" isfolder="False" isshownode="True">
        <images>
          <image key="467605F5F90D9FF65132C1A6EF883F26.svg"/>
        </images>
      </page>
      <page name="密码修改" ID="8F6BB274-AE98-419C-B0B2-E2E98B143C46" expanded="True" code="wpfbUPfYNT" thumbCode="wpfbUPfYNT" status="psWhite" isfolder="False" isshownode="True">
        <images>
          <image key="467605F5F90D9FF65132C1A6EF883F26.svg"/>
        </images>
      </page>
      <page name="人员管理" ID="4F95D9FF-76A6-4369-B0F8-5A88650A34EC" expanded="True" code="3ebbtIiHPV" thumbCode="3ebbtIiHPV" isLastOpen="True" status="psWhite" isfolder="False" isshownode="True">
        <images>
          <image key="467605F5F90D9FF65132C1A6EF883F26.svg"/>
        </images>
        <page name="人员架构" ID="A17043B4-3D53-40E4-8EFD-5B615C769814" expanded="True" code="TCZCthJ6gP" thumbCode="7XVUZb1uGu" status="psWhite" isfolder="False" isshownode="True">
          <images>
            <image key="467605F5F90D9FF65132C1A6EF883F26.svg"/>
          </images>
        </page>
        <page name="信息录入" ID="B33FA9D0-58C9-4056-8CA7-90D1FD327B12" expanded="True" code="I5CwLJ2wLZ" thumbCode="I5CwLJ2wLZ" status="psWhite" isfolder="False" isshownode="True">
          <images>
            <image key="467605F5F90D9FF65132C1A6EF883F26.svg"/>
          </images>
        </page>
      </page>
      <page name="已投项目" ID="342B47AB-8F0F-465D-B6C1-6F6D1D1C4D67" expanded="True" code="bV8xYsjpZi" thumbCode="bV8xYsjpZi" status="psWhite" isfolder="False" isshownode="True">
        <images>
          <image key="467605F5F90D9FF65132C1A6EF883F26.svg"/>
        </images>
      </page>
    </page>
    <page name="关于我们" ID="B3C77AE0-1F34-4926-8FEB-512DFA278218" expanded="True" code="opplOFhx9n" thumbCode="opplOFhx9n" status="psWhite" isfolder="False" isshownode="True">
      <images>
        <image key="467605F5F90D9FF65132C1A6EF883F26.svg"/>
      </images>
    </page>
    <page name="全民当铺" ID="87A4EA95-BB7C-4625-BF19-5905CDEA9677" expanded="True" code="UTAfYAxGQL" thumbCode="UTAfYAxGQL" status="psWhite" isfolder="False" isshownode="True">
      <images>
        <image key="94E9452D20864CF3FBC79CD2C4E76723.svg"/>
      </images>
      <page name="首页产品详情页" ID="B63CDB00-AD6A-4B5B-9A22-F0DCE37510B6" expanded="True" code="uXDSGNple4" thumbCode="uXDSGNple4" status="psWhite" isfolder="False" isshownode="True">
        <images>
          <image key="94E9452D20864CF3FBC79CD2C4E76723.svg"/>
        </images>
      </page>
      <page name="长安街当铺" ID="439E8FBE-939F-451B-90F7-63C19D72BA3B" expanded="True" code="WCBcuxoaEx" thumbCode="WCBcuxoaEx" status="psWhite" isfolder="False" isshownode="True">
        <images>
          <image key="94E9452D20864CF3FBC79CD2C4E76723.svg"/>
        </images>
        <page name="产品详情" ID="C41F9B4C-0345-4BAD-B982-D06C8D64D75D" expanded="True" code="QVbQxnOgDy" thumbCode="QVbQxnOgDy" status="psWhite" isfolder="False" isshownode="True">
          <images>
            <image key="94E9452D20864CF3FBC79CD2C4E76723.svg"/>
          </images>
        </page>
      </page>
      <page name="长安街当铺2" ID="3BFFB2E1-151F-4FFE-95D3-E6BD67A8E065" expanded="True" code="K9hcuFDGWn" thumbCode="5eZjKnlYDf" status="psWhite" isfolder="False" isshownode="True">
        <images>
          <image key="94E9452D20864CF3FBC79CD2C4E76723.svg"/>
        </images>
      </page>
      <page name="长安街当铺3" ID="72CC5105-F138-419C-9645-646557E92C58" expanded="True" code="mHSDeoQUdI" thumbCode="5ybdIILm6A" status="psWhite" isfolder="False" isshownode="True">
        <images>
          <image key="94E9452D20864CF3FBC79CD2C4E76723.svg"/>
        </images>
      </page>
      <page name="长安街当铺4" ID="CAA6299E-CD03-4124-A8DC-15D967A8BAD5" expanded="True" code="UmKV82vlKC" thumbCode="JgyUZZ1TlO" status="psWhite" isfolder="False" isshownode="True">
        <images>
          <image key="94E9452D20864CF3FBC79CD2C4E76723.svg"/>
        </images>
      </page>
      <page name="长安街当铺5" ID="1197A491-9B8A-4184-B523-D2ED9C440162" expanded="True" code="ong6WI1tQL" thumbCode="ong6WI1tQL" status="psWhite" isfolder="False" isshownode="True">
        <images>
          <image key="94E9452D20864CF3FBC79CD2C4E76723.svg"/>
        </images>
      </page>
      <page name="长安街当铺6" ID="D655A5A8-94FF-4BDA-A816-BF80130148C6" expanded="True" code="E63F879M8i" thumbCode="E63F879M8i" status="psWhite" isfolder="False" isshownode="True">
        <images>
          <image key="94E9452D20864CF3FBC79CD2C4E76723.svg"/>
        </images>
      </page>
      <page name="热门" ID="5F1A0E7C-3B97-436E-8FE8-A8417EF29A72" expanded="True" code="mu8nPZpxRV" thumbCode="mu8nPZpxRV" status="psWhite" isfolder="False" isshownode="True">
        <images>
          <image key="94E9452D20864CF3FBC79CD2C4E76723.svg"/>
        </images>
      </page>
      <page name="积分" ID="84C1AA0E-4E45-47B3-BAB0-0D5DD23F0883" expanded="True" code="HLX8KteNBo" thumbCode="HLX8KteNBo" status="psWhite" isfolder="False" isshownode="True">
        <images>
          <image key="94E9452D20864CF3FBC79CD2C4E76723.svg"/>
        </images>
      </page>
      <page name="后台" ID="2E3B5A08-97A0-4258-8A88-4AB1DAE24113" expanded="True" code="lXGPtJkyCe" thumbCode="lXGPtJkyCe" status="psWhite" isfolder="False" isshownode="True"/>
    </page>
  </pages>
  <masters>
    <master name="母版1" ID="5E23118D-D1EB-4D7D-9011-EFAC212F5852" code="i579v6uv5j" status="psWhite" createDate="2017-09-11 14:31:31">
      <refPages/>
    </master>
    <master name="母版2" ID="114A9CE0-90CE-4720-937C-9AABE8131D61" code="b34xQ583fB" status="psWhite" createDate="2017-09-11 14:57:13">
      <refPages>
        <page ID="8F6BB274-AE98-419C-B0B2-E2E98B143C46" refCount="1"/>
        <page ID="3DA89501-2912-4F01-BD31-6C136B68EF26" refCount="1"/>
        <page ID="A2834834-2799-4B97-926D-9C330DC0F157" refCount="1"/>
        <page ID="719414EA-50C4-43F1-B5EE-27180DF77EDD" refCount="1"/>
        <page ID="B33FA9D0-58C9-4056-8CA7-90D1FD327B12" refCount="1"/>
        <page ID="A17043B4-3D53-40E4-8EFD-5B615C769814" refCount="1"/>
        <page ID="B3C77AE0-1F34-4926-8FEB-512DFA278218" refCount="1"/>
        <page ID="342B47AB-8F0F-465D-B6C1-6F6D1D1C4D67" refCount="1"/>
        <page ID="4F95D9FF-76A6-4369-B0F8-5A88650A34EC" refCount="1"/>
        <page ID="4246E384-736C-427F-A998-939C712DCFCD" refCount="1"/>
      </refPages>
    </master>
    <master name="母版" ID="C093F9E6-8DD1-4C7B-8980-C4E087FE62F9" code="lhaRdhT9TV" status="psWhite" createDate="2017-09-13 15:02:57">
      <refPages>
        <page ID="3DA89501-2912-4F01-BD31-6C136B68EF26" refCount="1"/>
        <page ID="4246E384-736C-427F-A998-939C712DCFCD" refCount="1"/>
      </refPages>
      <images>
        <image key="467605F5F90D9FF65132C1A6EF883F26.svg"/>
      </images>
    </master>
    <master name="母版3" ID="9EA1AA4E-37D2-48E2-87F2-B81C0EE8518A" code="qaqMIb73Hn" status="psWhite" createDate="2017-09-13 16:16:57">
      <refPages/>
    </master>
    <master name="母版4" ID="F40BD275-907F-4885-A87A-15EB8DE2D51D" code="7jvzNynZ3G" status="psWhite" createDate="2017-09-13 16:18:03">
      <refPages>
        <page ID="72CC5105-F138-419C-9645-646557E92C58" refCount="1"/>
        <page ID="D655A5A8-94FF-4BDA-A816-BF80130148C6" refCount="1"/>
        <page ID="CAA6299E-CD03-4124-A8DC-15D967A8BAD5" refCount="1"/>
        <page ID="C41F9B4C-0345-4BAD-B982-D06C8D64D75D" refCount="1"/>
        <page ID="84C1AA0E-4E45-47B3-BAB0-0D5DD23F0883" refCount="1"/>
        <page ID="5F1A0E7C-3B97-436E-8FE8-A8417EF29A72" refCount="1"/>
        <page ID="439E8FBE-939F-451B-90F7-63C19D72BA3B" refCount="1"/>
        <page ID="3BFFB2E1-151F-4FFE-95D3-E6BD67A8E065" refCount="1"/>
        <page ID="B63CDB00-AD6A-4B5B-9A22-F0DCE37510B6" refCount="1"/>
        <page ID="1197A491-9B8A-4184-B523-D2ED9C440162" refCount="1"/>
      </refPages>
    </master>
    <master name="母版5" ID="159C7035-DDA8-48F1-AA2D-227245CE386F" code="xGt4YzmN9f" status="psWhite" createDate="2017-09-13 16:19:31">
      <refPages>
        <page ID="5F1A0E7C-3B97-436E-8FE8-A8417EF29A72" refCount="1"/>
        <page ID="84C1AA0E-4E45-47B3-BAB0-0D5DD23F0883" refCount="1"/>
      </refPages>
    </master>
    <master name="母版6" ID="8684CB1E-D6BF-4730-9F20-ED6DFE64752E" code="Sy8TXD1re1" status="psWhite" createDate="2017-09-13 16:24:44">
      <refPages>
        <page ID="72CC5105-F138-419C-9645-646557E92C58" refCount="1"/>
        <page ID="D655A5A8-94FF-4BDA-A816-BF80130148C6" refCount="1"/>
        <page ID="1197A491-9B8A-4184-B523-D2ED9C440162" refCount="1"/>
        <page ID="87A4EA95-BB7C-4625-BF19-5905CDEA9677" refCount="1"/>
        <page ID="84C1AA0E-4E45-47B3-BAB0-0D5DD23F0883" refCount="1"/>
        <page ID="C41F9B4C-0345-4BAD-B982-D06C8D64D75D" refCount="1"/>
        <page ID="5F1A0E7C-3B97-436E-8FE8-A8417EF29A72" refCount="1"/>
        <page ID="439E8FBE-939F-451B-90F7-63C19D72BA3B" refCount="1"/>
        <page ID="3BFFB2E1-151F-4FFE-95D3-E6BD67A8E065" refCount="1"/>
        <page ID="B63CDB00-AD6A-4B5B-9A22-F0DCE37510B6" refCount="1"/>
        <page ID="CAA6299E-CD03-4124-A8DC-15D967A8BAD5" refCount="1"/>
      </refPages>
      <images>
        <image key="94E9452D20864CF3FBC79CD2C4E76723.svg"/>
      </images>
    </master>
  </masters>
  <images>
    <image key="474A61FDC203C97B2EEFAF494C017CCB.svg"/>
    <image key="94E9452D20864CF3FBC79CD2C4E76723.svg"/>
    <image key="467605F5F90D9FF65132C1A6EF883F26.svg"/>
  </images>
</project>