﻿<mockup version="4.8" minAllowVersion="4.8" ID="45CAE0F1-4A3A-43E8-9785-821F670251C4" platform="MtDesktop" defaultW="800" defaultH="600" measureW="800" measureH="600" mobileScreenScale="0">
  <controls controlCount="37">
    <control controlID="E4B8B310-FAF2-4ED9-9621-9A4E7F927F85" controlTypeID="Shape" x="690" y="9" w="69" h="31" zOrder="0">
      <color>4278229503</color>
      <borderVisible>False</borderVisible>
      <remarkText>%E6%96%B0%E5%BB%BA</remarkText>
      <font family="%E5%BE%AE%E8%BD%AF%E9%9B%85%E9%BB%91" displayName="%E5%BE%AE%E8%BD%AF%E9%9B%85%E9%BB%91" postScript="" weightStyle="Regular" weight="400" isBold="False" isItalic="False"/>
      <lineSpacing>16</lineSpacing>
      <selectedIndex>-1</selectedIndex>
      <radius>4</radius>
    </control>
    <control controlID="BF3ACE42-63AF-4F56-85BD-B44E46A0BD31" controlTypeID="Shape" x="0" y="0" w="188" h="600" zOrder="1">
      <color>436247039</color>
      <borderColor>436247039</borderColor>
      <font family="%E5%BE%AE%E8%BD%AF%E9%9B%85%E9%BB%91" displayName="%E5%BE%AE%E8%BD%AF%E9%9B%85%E9%BB%91" postScript="" weightStyle="Regular" weight="400" isBold="False" isItalic="False"/>
      <lineSpacing>16</lineSpacing>
      <selectedIndex>-1</selectedIndex>
    </control>
    <control controlID="C53F71FA-B1DF-47CC-84AD-439F4D9914D1" controlTypeID="Shape" x="0" y="0" w="188" h="40" zOrder="2">
      <color>4278229503</color>
      <font family="%E5%BE%AE%E8%BD%AF%E9%9B%85%E9%BB%91" displayName="%E5%BE%AE%E8%BD%AF%E9%9B%85%E9%BB%91" postScript="" weightStyle="Regular" weight="400" isBold="False" isItalic="False"/>
      <text>%E4%BC%97%E7%AD%B9%E7%AE%A1%E7%90%86</text>
      <textColor>4294967295</textColor>
      <textSize>18</textSize>
      <lineSpacing>24</lineSpacing>
      <useDefaultTextSize>False</useDefaultTextSize>
      <selectedIndex>-1</selectedIndex>
    </control>
    <control controlID="A82CD9ED-301F-44CF-8DA1-DCC0A8A4A8DA" controlTypeID="Shape" x="0" y="39" w="188" h="40" zOrder="3">
      <color>4288256409</color>
      <font family="%E5%BE%AE%E8%BD%AF%E9%9B%85%E9%BB%91" displayName="%E5%BE%AE%E8%BD%AF%E9%9B%85%E9%BB%91" postScript="" weightStyle="Regular" weight="400" isBold="False" isItalic="False"/>
      <text>%E9%A1%B9%E7%9B%AE%E8%AE%BE%E7%BD%AE</text>
      <textColor>4294967295</textColor>
      <textSize>18</textSize>
      <lineSpacing>24</lineSpacing>
      <useDefaultTextSize>False</useDefaultTextSize>
      <selectedIndex>-1</selectedIndex>
    </control>
    <control controlID="0E950831-43F7-4F2B-95E6-36FD1A8345A7" controlTypeID="Shape" x="0" y="78" w="188" h="40" zOrder="4">
      <color>4288256409</color>
      <font family="%E5%BE%AE%E8%BD%AF%E9%9B%85%E9%BB%91" displayName="%E5%BE%AE%E8%BD%AF%E9%9B%85%E9%BB%91" postScript="" weightStyle="Regular" weight="400" isBold="False" isItalic="False"/>
      <text>%E9%A1%B9%E7%9B%AE%E7%8A%B6%E6%80%81</text>
      <textColor>4294967295</textColor>
      <textSize>18</textSize>
      <lineSpacing>24</lineSpacing>
      <useDefaultTextSize>False</useDefaultTextSize>
      <selectedIndex>-1</selectedIndex>
    </control>
    <control controlID="57F8476D-C7EB-4763-875E-07E76314F056" controlTypeID="Shape" x="0" y="117" w="188" h="40" zOrder="5">
      <color>4288256409</color>
      <font family="%E5%BE%AE%E8%BD%AF%E9%9B%85%E9%BB%91" displayName="%E5%BE%AE%E8%BD%AF%E9%9B%85%E9%BB%91" postScript="" weightStyle="Regular" weight="400" isBold="False" isItalic="False"/>
      <text>%E4%BA%A4%E6%98%93%E5%BD%95%E5%85%A5</text>
      <textColor>4294967295</textColor>
      <textSize>18</textSize>
      <lineSpacing>24</lineSpacing>
      <useDefaultTextSize>False</useDefaultTextSize>
      <selectedIndex>-1</selectedIndex>
    </control>
    <control controlID="342DDB93-D785-40D2-8133-D5AAE4358B4B" controlTypeID="Shape" x="0" y="156" w="188" h="40" zOrder="6">
      <color>4288256409</color>
      <font family="%E5%BE%AE%E8%BD%AF%E9%9B%85%E9%BB%91" displayName="%E5%BE%AE%E8%BD%AF%E9%9B%85%E9%BB%91" postScript="" weightStyle="Regular" weight="400" isBold="False" isItalic="False"/>
      <text>%E4%BA%BA%E5%91%98%E5%88%97%E8%A1%A8</text>
      <textColor>4294967295</textColor>
      <textSize>18</textSize>
      <lineSpacing>24</lineSpacing>
      <useDefaultTextSize>False</useDefaultTextSize>
      <selectedIndex>-1</selectedIndex>
    </control>
    <control controlID="4C280DD5-708D-42FE-8563-EF6F3FA64044" controlTypeID="Shape" x="0" y="260" w="188" h="40" zOrder="7">
      <color>4278229503</color>
      <font family="%E5%BE%AE%E8%BD%AF%E9%9B%85%E9%BB%91" displayName="%E5%BE%AE%E8%BD%AF%E9%9B%85%E9%BB%91" postScript="" weightStyle="Regular" weight="400" isBold="False" isItalic="False"/>
      <text>%E5%95%86%E5%9F%8E%E7%AE%A1%E7%90%86+</text>
      <textColor>4294967295</textColor>
      <textSize>18</textSize>
      <lineSpacing>24</lineSpacing>
      <useDefaultTextSize>False</useDefaultTextSize>
      <selectedIndex>-1</selectedIndex>
    </control>
    <control controlID="46400487-1A72-4CEA-A2F7-B43B70FCBA38" controlTypeID="Shape" x="0" y="297" w="188" h="40" zOrder="8">
      <color>4288256409</color>
      <font family="%E5%BE%AE%E8%BD%AF%E9%9B%85%E9%BB%91" displayName="%E5%BE%AE%E8%BD%AF%E9%9B%85%E9%BB%91" postScript="" weightStyle="Regular" weight="400" isBold="False" isItalic="False"/>
      <text>%E5%95%86%E5%93%81%E8%AE%BE%E7%BD%AE</text>
      <textColor>4294967295</textColor>
      <textSize>18</textSize>
      <lineSpacing>24</lineSpacing>
      <useDefaultTextSize>False</useDefaultTextSize>
      <selectedIndex>-1</selectedIndex>
    </control>
    <control controlID="B096E43E-AAB9-42EB-AB19-9CCDCA6C1E5C" controlTypeID="Shape" x="0" y="334" w="188" h="40" zOrder="9">
      <color>4288256409</color>
      <font family="%E5%BE%AE%E8%BD%AF%E9%9B%85%E9%BB%91" displayName="%E5%BE%AE%E8%BD%AF%E9%9B%85%E9%BB%91" postScript="" weightStyle="Regular" weight="400" isBold="False" isItalic="False"/>
      <text>%E5%95%86%E5%93%81%E5%88%97%E8%A1%A8</text>
      <textColor>4294967295</textColor>
      <textSize>18</textSize>
      <lineSpacing>24</lineSpacing>
      <useDefaultTextSize>False</useDefaultTextSize>
      <selectedIndex>-1</selectedIndex>
    </control>
    <control controlID="6AE0016D-89F3-4759-96F0-BA8BC821B359" controlTypeID="Label" x="325" y="119" w="41" h="19" zOrder="10">
      <font family="%E5%BE%AE%E8%BD%AF%E9%9B%85%E9%BB%91" displayName="%E5%BE%AE%E8%BD%AF%E9%9B%85%E9%BB%91" postScript="" weightStyle="Regular" weight="400" isBold="False" isItalic="False"/>
      <text>%E5%A7%93%E5%90%8D%EF%BC%9A</text>
      <lineSpacing>18</lineSpacing>
      <useDefaultTextSize>False</useDefaultTextSize>
      <selectedIndex>-1</selectedIndex>
    </control>
    <control controlID="C6EECA9A-1923-49C6-A093-A1355A4F67F8" controlTypeID="Label" x="336" y="156" w="28" h="19" zOrder="11">
      <font family="%E5%BE%AE%E8%BD%AF%E9%9B%85%E9%BB%91" displayName="%E5%BE%AE%E8%BD%AF%E9%9B%85%E9%BB%91" postScript="" weightStyle="Regular" weight="400" isBold="False" isItalic="False"/>
      <text>ID%EF%BC%9A</text>
      <lineSpacing>18</lineSpacing>
      <useDefaultTextSize>False</useDefaultTextSize>
      <selectedIndex>-1</selectedIndex>
    </control>
    <control controlID="7C2DB67D-32FF-4B67-8D62-B54C044EAF8A" controlTypeID="Label" x="301" y="193" w="69" h="19" zOrder="12">
      <font family="%E5%BE%AE%E8%BD%AF%E9%9B%85%E9%BB%91" displayName="%E5%BE%AE%E8%BD%AF%E9%9B%85%E9%BB%91" postScript="" weightStyle="Regular" weight="400" isBold="False" isItalic="False"/>
      <text>%E9%A1%B9%E7%9B%AE%E5%90%8D%E7%A7%B0%EF%BC%9A</text>
      <lineSpacing>18</lineSpacing>
      <useDefaultTextSize>False</useDefaultTextSize>
      <selectedIndex>-1</selectedIndex>
    </control>
    <control controlID="8C072FB6-A666-4543-BCB5-1B7C7D519163" controlTypeID="Label" x="313" y="379" w="55" h="19" zOrder="13">
      <font family="%E5%BE%AE%E8%BD%AF%E9%9B%85%E9%BB%91" displayName="%E5%BE%AE%E8%BD%AF%E9%9B%85%E9%BB%91" postScript="" weightStyle="Regular" weight="400" isBold="False" isItalic="False"/>
      <text>%E7%BB%8F%E5%8A%9E%E4%BA%BA%EF%BC%9A</text>
      <lineSpacing>18</lineSpacing>
      <useDefaultTextSize>False</useDefaultTextSize>
      <selectedIndex>-1</selectedIndex>
    </control>
    <control controlID="C31D3215-C744-4669-900A-185634A45671" controlTypeID="Label" x="325" y="304" w="41" h="19" zOrder="14">
      <font family="%E5%BE%AE%E8%BD%AF%E9%9B%85%E9%BB%91" displayName="%E5%BE%AE%E8%BD%AF%E9%9B%85%E9%BB%91" postScript="" weightStyle="Regular" weight="400" isBold="False" isItalic="False"/>
      <text>%E6%97%B6%E9%97%B4%EF%BC%9A</text>
      <lineSpacing>18</lineSpacing>
      <useDefaultTextSize>False</useDefaultTextSize>
      <selectedIndex>-1</selectedIndex>
    </control>
    <control controlID="F1E3F84B-C4C8-4852-8A1E-ED880B921EFC" controlTypeID="Label" x="325" y="230" w="41" h="19" zOrder="15">
      <font family="%E5%BE%AE%E8%BD%AF%E9%9B%85%E9%BB%91" displayName="%E5%BE%AE%E8%BD%AF%E9%9B%85%E9%BB%91" postScript="" weightStyle="Regular" weight="400" isBold="False" isItalic="False"/>
      <text>%E9%87%91%E9%A2%9D%EF%BC%9A</text>
      <lineSpacing>18</lineSpacing>
      <useDefaultTextSize>False</useDefaultTextSize>
      <selectedIndex>-1</selectedIndex>
    </control>
    <control controlID="19FC3DD0-F8CD-4D43-8F6C-C2F2811230D5" controlTypeID="Label" x="325" y="267" w="41" h="19" zOrder="16">
      <font family="%E5%BE%AE%E8%BD%AF%E9%9B%85%E9%BB%91" displayName="%E5%BE%AE%E8%BD%AF%E9%9B%85%E9%BB%91" postScript="" weightStyle="Regular" weight="400" isBold="False" isItalic="False"/>
      <text>%E7%A7%AF%E5%88%86%EF%BC%9A</text>
      <lineSpacing>18</lineSpacing>
      <useDefaultTextSize>False</useDefaultTextSize>
      <selectedIndex>-1</selectedIndex>
    </control>
    <control controlID="1C1F4B7A-3D4E-496A-9736-98DB7793E145" controlTypeID="Label" x="301" y="341" w="69" h="19" zOrder="17">
      <font family="%E5%BE%AE%E8%BD%AF%E9%9B%85%E9%BB%91" displayName="%E5%BE%AE%E8%BD%AF%E9%9B%85%E9%BB%91" postScript="" weightStyle="Regular" weight="400" isBold="False" isItalic="False"/>
      <text>%E4%BA%A4%E6%98%93%E5%9C%B0%E7%82%B9%EF%BC%9A</text>
      <lineSpacing>18</lineSpacing>
      <useDefaultTextSize>False</useDefaultTextSize>
      <selectedIndex>-1</selectedIndex>
    </control>
    <control controlID="18ADC2F4-BC4C-4473-9337-D849500B3B1F" controlTypeID="Label" x="218" y="14" w="78" h="24" zOrder="18">
      <font family="%E5%BE%AE%E8%BD%AF%E9%9B%85%E9%BB%91" displayName="%E5%BE%AE%E8%BD%AF%E9%9B%85%E9%BB%91+Bold" postScript="" weightStyle="Bold" weight="700" isBold="True" isItalic="False"/>
      <text>%E4%BF%A1%E6%81%AF%E5%BD%95%E5%85%A5</text>
      <textColor>4288256409</textColor>
      <textSize>18</textSize>
      <lineSpacing>24</lineSpacing>
      <textStyles>[fsBold]</textStyles>
      <useDefaultTextSize>False</useDefaultTextSize>
      <selectedIndex>-1</selectedIndex>
    </control>
    <control controlID="DF88AA42-28C0-4E41-AE94-976629714BCD" controlTypeID="TextInput" x="389" y="117" w="138" h="24" zOrder="19">
      <font family="%E5%BE%AE%E8%BD%AF%E9%9B%85%E9%BB%91" displayName="%E5%BE%AE%E8%BD%AF%E9%9B%85%E9%BB%91" postScript="" weightStyle="Regular" weight="400" isBold="False" isItalic="False"/>
      <textSize>12</textSize>
      <lineSpacing>16</lineSpacing>
      <selectedIndex>-1</selectedIndex>
    </control>
    <control controlID="F99A8484-A61E-48E7-8EE9-BE0335B871F9" controlTypeID="TextInput" x="389" y="230" w="138" h="24" zOrder="20">
      <font family="%E5%BE%AE%E8%BD%AF%E9%9B%85%E9%BB%91" displayName="%E5%BE%AE%E8%BD%AF%E9%9B%85%E9%BB%91" postScript="" weightStyle="Regular" weight="400" isBold="False" isItalic="False"/>
      <text>5</text>
      <textSize>12</textSize>
      <textAlign>HaCenter</textAlign>
      <lineSpacing>16</lineSpacing>
      <selectedIndex>-1</selectedIndex>
    </control>
    <control controlID="935E0C40-6E7A-43E2-AB52-DDC4B23FD2BF" controlTypeID="TextInput" x="389" y="376" w="138" h="24" zOrder="21">
      <font family="%E5%BE%AE%E8%BD%AF%E9%9B%85%E9%BB%91" displayName="%E5%BE%AE%E8%BD%AF%E9%9B%85%E9%BB%91" postScript="" weightStyle="Regular" weight="400" isBold="False" isItalic="False"/>
      <textSize>12</textSize>
      <lineSpacing>16</lineSpacing>
      <selectedIndex>-1</selectedIndex>
    </control>
    <control controlID="5C174FB3-B24C-4687-B4EA-086ADECD699B" controlTypeID="TextInput" x="389" y="342" w="138" h="24" zOrder="22">
      <font family="%E5%BE%AE%E8%BD%AF%E9%9B%85%E9%BB%91" displayName="%E5%BE%AE%E8%BD%AF%E9%9B%85%E9%BB%91" postScript="" weightStyle="Regular" weight="400" isBold="False" isItalic="False"/>
      <textSize>12</textSize>
      <lineSpacing>16</lineSpacing>
      <selectedIndex>-1</selectedIndex>
    </control>
    <control controlID="E79088D0-0F86-48D8-9BD9-9D2E4742DDB0" controlTypeID="CompositeComboBox" x="389" y="192" w="133" h="24" zOrder="23">
      <groupChildrenDescriptors>
        <control controlID="9C51590F-A2C6-4755-90D7-6395C3AA4BA3" controlTypeID="TextInput" x="0" y="0" w="110" h="24" zOrder="0">
          <locked>True</locked>
          <canMove>False</canMove>
          <alias>input</alias>
          <font family="%E5%BE%AE%E8%BD%AF%E9%9B%85%E9%BB%91" displayName="%E5%BE%AE%E8%BD%AF%E9%9B%85%E9%BB%91" postScript="" weightStyle="Regular" weight="400" isBold="False" isItalic="False"/>
          <text>%E9%95%BF%E5%AE%89%E8%A1%97%E5%BD%93%E9%93%BA</text>
          <textSize>12</textSize>
          <lineSpacing>16</lineSpacing>
          <selectedIndex>-1</selectedIndex>
        </control>
        <control controlID="62E7E78B-5AA5-4A8E-8CEB-C367443610C6" controlTypeID="Button" x="109" y="0" w="24" h="24" zOrder="1">
          <locked>True</locked>
          <canMove>False</canMove>
          <alias>button</alias>
          <font family="%E5%BE%AE%E8%BD%AF%E9%9B%85%E9%BB%91" displayName="%E5%BE%AE%E8%BD%AF%E9%9B%85%E9%BB%91" postScript="" weightStyle="Regular" weight="400" isBold="False" isItalic="False"/>
          <textSize>12</textSize>
          <lineSpacing>16</lineSpacing>
          <selectedIndex>-1</selectedIndex>
          <radius>0</radius>
        </control>
        <control controlID="3197CC35-0E06-403D-B9AC-0A4A0DB63FA8" controlTypeID="List" x="0" y="24" w="133" h="144" zOrder="2">
          <isShow>False</isShow>
          <canMove>False</canMove>
          <alias>dropDown</alias>
          <font family="%E5%BE%AE%E8%BD%AF%E9%9B%85%E9%BB%91" displayName="%E5%BE%AE%E8%BD%AF%E9%9B%85%E9%BB%91" postScript="" weightStyle="Regular" weight="400" isBold="False" isItalic="False"/>
          <text>%E9%95%BF%E5%AE%89%E8%A1%97%E5%BD%93%E9%93%BA%0D%0A%E9%95%BF%E5%AE%89%E8%A1%97%E5%BD%93%E9%93%BA2%0D%0A%E9%95%BF%E5%AE%89%E8%A1%97%E5%BD%93%E9%93%BA3%0D%0A%E9%95%BF%E5%AE%89%E8%A1%97%E5%BD%93%E9%93%BA4%0D%0A%E9%95%BF%E5%AE%89%E8%A1%97%E5%BD%93%E9%93%BA5%0D%0A%E9%95%BF%E5%AE%89%E8%A1%97%E5%BD%93%E9%93%BA6</text>
          <lineSpacing>16</lineSpacing>
          <itemHeight>24</itemHeight>
          <interlaceColor>4294967295</interlaceColor>
        </control>
      </groupChildrenDescriptors>
      <baseHeight>24</baseHeight>
      <font family="%E5%BE%AE%E8%BD%AF%E9%9B%85%E9%BB%91"/>
    </control>
    <control controlID="00BA0101-736B-464C-A373-7977DF63FC12" controlTypeID="DateTimePicker" x="389" y="307" w="138" h="24" zOrder="24">
      <font family="%E5%BE%AE%E8%BD%AF%E9%9B%85%E9%BB%91" displayName="%E5%BE%AE%E8%BD%AF%E9%9B%85%E9%BB%91" postScript="" weightStyle="Regular" weight="400" isBold="False" isItalic="False"/>
      <text>03+%2F+10+%2F+2014</text>
      <lineSpacing>16</lineSpacing>
      <selectedIndex>-1</selectedIndex>
    </control>
    <control controlID="04E2FDF4-1D4F-479C-8B6C-E4EE97778165" controlTypeID="Icon" x="537" y="342" w="24" h="24" zOrder="25">
      <icon>
        <ID/>
        <iconFontName>jdIonicons</iconFontName>
        <iconCode>62371</iconCode>
      </icon>
      <URL>474A61FDC203C97B2EEFAF494C017CCB.svg</URL>
    </control>
    <control controlID="69E1EA3D-37DF-42EA-B29C-D0D43B508B3C" controlTypeID="Label" x="537" y="232" w="19" h="19" zOrder="26">
      <font family="%E5%BE%AE%E8%BD%AF%E9%9B%85%E9%BB%91" displayName="%E5%BE%AE%E8%BD%AF%E9%9B%85%E9%BB%91" postScript="" weightStyle="Regular" weight="400" isBold="False" isItalic="False"/>
      <text>%E4%B8%87</text>
      <lineSpacing>18</lineSpacing>
      <useDefaultTextSize>False</useDefaultTextSize>
      <selectedIndex>-1</selectedIndex>
    </control>
    <control controlID="C618F2AB-9EDF-46E9-974E-4D98B04CA5AD" controlTypeID="Button" x="404" y="471" w="94" h="38" zOrder="27">
      <color>4294901811</color>
      <borderVisible>False</borderVisible>
      <font family="%E5%BE%AE%E8%BD%AF%E9%9B%85%E9%BB%91" displayName="%E5%BE%AE%E8%BD%AF%E9%9B%85%E9%BB%91" postScript="" weightStyle="Regular" weight="400" isBold="False" isItalic="False"/>
      <text>%E4%BF%9D%E5%AD%98</text>
      <textColor>4294967295</textColor>
      <textSize>18</textSize>
      <lineSpacing>24</lineSpacing>
      <useDefaultTextSize>False</useDefaultTextSize>
      <selectedIndex>-1</selectedIndex>
      <radius>4</radius>
    </control>
    <control controlID="9EBCD076-90DA-49EC-BF6D-597A3A8B888C" controlTypeID="Label" x="435" y="267" w="49" h="19" zOrder="28">
      <font family="%E5%BE%AE%E8%BD%AF%E9%9B%85%E9%BB%91" displayName="%E5%BE%AE%E8%BD%AF%E9%9B%85%E9%BB%91" postScript="" weightStyle="Regular" weight="400" isBold="False" isItalic="False"/>
      <text>50%2C000</text>
      <lineSpacing>18</lineSpacing>
      <useDefaultTextSize>False</useDefaultTextSize>
      <selectedIndex>-1</selectedIndex>
    </control>
    <control controlID="B95665F3-B6FD-4F16-9B99-3A037857E225" controlTypeID="Label" x="435" y="156" w="46" h="19" zOrder="29">
      <font family="%E5%BE%AE%E8%BD%AF%E9%9B%85%E9%BB%91" displayName="%E5%BE%AE%E8%BD%AF%E9%9B%85%E9%BB%91" postScript="" weightStyle="Regular" weight="400" isBold="False" isItalic="False"/>
      <text>00001</text>
      <lineSpacing>18</lineSpacing>
      <useDefaultTextSize>False</useDefaultTextSize>
      <selectedIndex>-1</selectedIndex>
    </control>
    <control controlID="1F9722CC-A68E-413F-9DEC-61D0135C7118" controlTypeID="Icon" x="712" y="12" w="24" h="24" zOrder="30">
      <color>4294967295</color>
      <icon>
        <ID/>
        <iconFontName>jdFontAwesome</iconFontName>
        <iconCode>61543</iconCode>
      </icon>
      <URL>EE7359E0CDCE9EB32A54E4CFD04736E2.svg</URL>
    </control>
    <control controlID="8FF1C797-2B45-4771-98EB-5E8D5B73721A" controlTypeID="Shape" x="0" y="451" w="188" h="40" zOrder="31">
      <color>4288256409</color>
      <font family="%E5%BE%AE%E8%BD%AF%E9%9B%85%E9%BB%91" displayName="%E5%BE%AE%E8%BD%AF%E9%9B%85%E9%BB%91" postScript="" weightStyle="Regular" weight="400" isBold="False" isItalic="False"/>
      <text>%E5%95%86%E5%93%81%E5%9B%9E%E6%94%B6%E7%AB%99</text>
      <textColor>4294967295</textColor>
      <textSize>18</textSize>
      <lineSpacing>24</lineSpacing>
      <useDefaultTextSize>False</useDefaultTextSize>
      <selectedIndex>-1</selectedIndex>
    </control>
    <control controlID="2C8198BC-B988-4E9F-BB67-8CEB588C57F5" controlTypeID="Shape" x="0" y="373" w="188" h="40" zOrder="32">
      <color>4288256409</color>
      <font family="%E5%BE%AE%E8%BD%AF%E9%9B%85%E9%BB%91" displayName="%E5%BE%AE%E8%BD%AF%E9%9B%85%E9%BB%91" postScript="" weightStyle="Regular" weight="400" isBold="False" isItalic="False"/>
      <text>%E4%BA%A4%E6%98%93%E5%BD%95%E5%85%A5</text>
      <textColor>4294967295</textColor>
      <textSize>18</textSize>
      <lineSpacing>24</lineSpacing>
      <useDefaultTextSize>False</useDefaultTextSize>
      <selectedIndex>-1</selectedIndex>
    </control>
    <control controlID="0E86D2CF-D1E8-40AE-A4EB-0EEB32FF6860" controlTypeID="Shape" x="0" y="412" w="188" h="40" zOrder="33">
      <color>4288256409</color>
      <font family="%E5%BE%AE%E8%BD%AF%E9%9B%85%E9%BB%91" displayName="%E5%BE%AE%E8%BD%AF%E9%9B%85%E9%BB%91" postScript="" weightStyle="Regular" weight="400" isBold="False" isItalic="False"/>
      <text>%E4%BA%BA%E5%91%98%E5%88%97%E8%A1%A8</text>
      <textColor>4294967295</textColor>
      <textSize>18</textSize>
      <lineSpacing>24</lineSpacing>
      <useDefaultTextSize>False</useDefaultTextSize>
      <selectedIndex>-1</selectedIndex>
    </control>
  </controls>
  <param>
    <backgroundColor>4294967295</backgroundColor>
    <fontSize>12</fontSize>
    <fontFamily>%E5%BE%AE%E8%BD%AF%E9%9B%85%E9%BB%91</fontFamily>
    <guideLines/>
  </param>
</mockup>