﻿<mockup version="4.8" minAllowVersion="4.8" ID="5F1A0E7C-3B97-436E-8FE8-A8417EF29A72" platform="MtDesktop" defaultW="800" defaultH="600" measureW="800" measureH="1400" mobileScreenScale="0">
  <controls controlCount="105">
    <control controlID="1B7345EE-D186-443C-A5CB-92CC78400490" controlTypeID="Shape" x="0" y="0" w="800" h="37" zOrder="0">
      <color>4291611852</color>
      <font family="%E5%BE%AE%E8%BD%AF%E9%9B%85%E9%BB%91" displayName="%E5%BE%AE%E8%BD%AF%E9%9B%85%E9%BB%91" postScript="" weightStyle="Regular" weight="400" isBold="False" isItalic="False"/>
      <lineSpacing>16</lineSpacing>
      <selectedIndex>-1</selectedIndex>
    </control>
    <control controlID="35B3F98B-F127-4B1F-87B0-E6F64535F0CD" controlTypeID="Shape" x="29" y="47" w="158" h="73" zOrder="1">
      <font family="%E5%BE%AE%E8%BD%AF%E9%9B%85%E9%BB%91" displayName="%E5%BE%AE%E8%BD%AF%E9%9B%85%E9%BB%91" postScript="" weightStyle="Regular" weight="400" isBold="False" isItalic="False"/>
      <text>LOGO</text>
      <lineSpacing>16</lineSpacing>
      <selectedIndex>-1</selectedIndex>
    </control>
    <control controlID="3FBAF0CB-DD76-47D0-910C-24DD247E9C96" controlTypeID="__group__" x="400" y="78" w="300" h="32" zOrder="2">
      <groupChildrenDescriptors>
        <control controlID="EA60AB1D-950C-4072-86BD-847F8CF8781E" controlTypeID="Shape" x="0" y="0" w="238" h="32" zOrder="0">
          <font family="%E5%BE%AE%E8%BD%AF%E9%9B%85%E9%BB%91" displayName="%E5%BE%AE%E8%BD%AF%E9%9B%85%E9%BB%91" postScript="" weightStyle="Regular" weight="400" isBold="False" isItalic="False"/>
          <lineSpacing>16</lineSpacing>
          <selectedIndex>-1</selectedIndex>
        </control>
        <control controlID="98E6554F-2E2A-479D-80CE-943EF45DC9E1" controlTypeID="Shape" x="237" y="0" w="63" h="32" zOrder="1">
          <color>4291611852</color>
          <font family="%E5%BE%AE%E8%BD%AF%E9%9B%85%E9%BB%91" displayName="%E5%BE%AE%E8%BD%AF%E9%9B%85%E9%BB%91" postScript="" weightStyle="Regular" weight="400" isBold="False" isItalic="False"/>
          <text>%E6%90%9C%E7%B4%A2</text>
          <lineSpacing>16</lineSpacing>
          <selectedIndex>-1</selectedIndex>
        </control>
      </groupChildrenDescriptors>
    </control>
    <control controlID="399E3DE7-55BC-4712-A3DA-96C88C9D1C27" controlTypeID="Label" x="29" y="10" w="107" h="16" zOrder="3">
      <font family="%E5%BE%AE%E8%BD%AF%E9%9B%85%E9%BB%91" displayName="%E5%BE%AE%E8%BD%AF%E9%9B%85%E9%BB%91" postScript="" weightStyle="Regular" weight="400" isBold="False" isItalic="False"/>
      <text>%E6%AC%A2%E8%BF%8E%E6%9D%A5%E5%88%B0%E5%85%A8%E6%B0%91%E5%BD%93%E9%93%BA%EF%BC%81</text>
      <textSize>12</textSize>
      <lineSpacing>16</lineSpacing>
      <selectedIndex>-1</selectedIndex>
    </control>
    <control controlID="25777D72-3C30-448F-8E72-62BB5FD48171" controlTypeID="BreadCrumbs" x="33" y="184" w="59" h="16" zOrder="4">
      <font family="%E5%BE%AE%E8%BD%AF%E9%9B%85%E9%BB%91" displayName="%E5%BE%AE%E8%BD%AF%E9%9B%85%E9%BB%91" postScript="" weightStyle="Regular" weight="400" isBold="False" isItalic="False"/>
      <text>%E9%A6%96%E9%A1%B5%2C%E7%83%AD%E9%97%A8</text>
      <lineSpacing>16</lineSpacing>
    </control>
    <control controlID="54EAA4F9-D3A0-40D7-8530-C0371CF80873" controlTypeID="Master" x="0" y="136" w="800" h="38" zOrder="5" masterID="7A4FFAD8-41BC-4917-BF0F-C063553DC1B3">
      <groupChildrenDescriptors>
        <control controlID="806681D9-569B-4297-804E-8AA11B464EE8" controlTypeID="__group__" x="0" y="0" w="800" h="38" zOrder="0">
          <groupChildrenDescriptors>
            <control controlID="2A315ADA-B99C-475C-8D1E-D62FBFB29D90" controlTypeID="Shape" x="54" y="0" w="114" h="32" zOrder="0">
              <color>4294901811</color>
              <borderVisible>False</borderVisible>
              <font family="%E5%BE%AE%E8%BD%AF%E9%9B%85%E9%BB%91" displayName="%E5%BE%AE%E8%BD%AF%E9%9B%85%E9%BB%91+Bold" postScript="" weightStyle="Bold" weight="700" isBold="True" isItalic="False"/>
              <text>%E5%85%A8%E6%B0%91%E5%BD%93%E9%93%BA</text>
              <textColor>4294967295</textColor>
              <textSize>16</textSize>
              <lineSpacing>21</lineSpacing>
              <textStyles>[fsBold]</textStyles>
              <useDefaultTextSize>False</useDefaultTextSize>
              <selectedIndex>-1</selectedIndex>
            </control>
            <control controlID="CB130D1E-0239-415C-8198-D58CE6E7EC09" controlTypeID="Label" x="243" y="5" w="38" h="22" zOrder="1">
              <font family="%E5%BE%AE%E8%BD%AF%E9%9B%85%E9%BB%91" displayName="%E5%BE%AE%E8%BD%AF%E9%9B%85%E9%BB%91+Bold" postScript="" weightStyle="Bold" weight="700" isBold="True" isItalic="False"/>
              <text>%E9%A6%96%E9%A1%B5</text>
              <textColor>4281545523</textColor>
              <textSize>16</textSize>
              <lineSpacing>21</lineSpacing>
              <textStyles>[fsBold]</textStyles>
              <useDefaultTextSize>False</useDefaultTextSize>
              <selectedIndex>-1</selectedIndex>
            </control>
            <control controlID="403B094F-376D-4A26-A5F6-4A3EA117C5C7" controlTypeID="Label" x="318" y="5" w="38" h="22" zOrder="2">
              <font family="%E5%BE%AE%E8%BD%AF%E9%9B%85%E9%BB%91" displayName="%E5%BE%AE%E8%BD%AF%E9%9B%85%E9%BB%91+Bold" postScript="" weightStyle="Bold" weight="700" isBold="True" isItalic="False"/>
              <text>%E7%83%AD%E9%97%A8</text>
              <textColor>4281545523</textColor>
              <textSize>16</textSize>
              <lineSpacing>21</lineSpacing>
              <textStyles>[fsBold]</textStyles>
              <useDefaultTextSize>False</useDefaultTextSize>
              <selectedIndex>-1</selectedIndex>
            </control>
            <control controlID="EE3CBEB0-6CCD-4B9B-A15F-3F44040C4368" controlTypeID="Label" x="391" y="5" w="38" h="22" zOrder="3">
              <font family="%E5%BE%AE%E8%BD%AF%E9%9B%85%E9%BB%91" displayName="%E5%BE%AE%E8%BD%AF%E9%9B%85%E9%BB%91+Bold" postScript="" weightStyle="Bold" weight="700" isBold="True" isItalic="False"/>
              <text>%E7%A7%AF%E5%88%86</text>
              <textColor>4281545523</textColor>
              <textSize>16</textSize>
              <lineSpacing>21</lineSpacing>
              <textStyles>[fsBold]</textStyles>
              <useDefaultTextSize>False</useDefaultTextSize>
              <selectedIndex>-1</selectedIndex>
            </control>
            <control controlID="2BA6C790-9AB2-4B11-9AD3-B6D673356AEA" controlTypeID="HRule" x="0" y="26" w="800" h="12" zOrder="4">
              <color>4294901811</color>
              <remarkText>%E9%A2%9C%E8%89%B2%EF%BC%9AFF0033</remarkText>
            </control>
          </groupChildrenDescriptors>
        </control>
      </groupChildrenDescriptors>
    </control>
    <control controlID="37B70BEF-2E11-47F5-B580-B08EC8FA1DA8" controlTypeID="Master" x="0" y="932" w="800" h="468" zOrder="6" masterID="419175C4-37D4-4EED-A961-036FA80C180B">
      <groupChildrenDescriptors>
        <control controlID="B3FFC4E4-C8CF-493A-89A3-2FA16EADB04F" controlTypeID="__group__" x="0" y="0" w="792" h="170" zOrder="0">
          <groupChildrenDescriptors>
            <control controlID="E1629675-560B-473E-ABC1-DED8ADC85AEA" controlTypeID="Line" x="0" y="168" w="792" h="2" zOrder="0">
              <font family="%E5%BE%AE%E8%BD%AF%E9%9B%85%E9%BB%91" displayName="%E5%BE%AE%E8%BD%AF%E9%9B%85%E9%BB%91" postScript="" weightStyle="Regular" weight="400" isBold="False" isItalic="False"/>
              <lineSpacing>16</lineSpacing>
              <selectedIndex>-1</selectedIndex>
              <controlPoint>(396,1)</controlPoint>
              <startPoint>(0,1)</startPoint>
              <endPoint>(792,1)</endPoint>
            </control>
            <control controlID="F9E3BA92-0390-42F5-97AA-2139DA009707" controlTypeID="Label" x="348" y="0" w="87" h="27" zOrder="1">
              <remarkText>%E9%A2%9C%E8%89%B2%EF%BC%9A333333%0D%0A%E5%AD%97%E4%BD%93%EF%BC%9A20</remarkText>
              <font family="%E5%BE%AE%E8%BD%AF%E9%9B%85%E9%BB%91" displayName="%E5%BE%AE%E8%BD%AF%E9%9B%85%E9%BB%91+Bold" postScript="" weightStyle="Bold" weight="700" isBold="True" isItalic="False"/>
              <text>%E5%85%A8%E6%B0%91%E5%BD%93%E9%93%BA</text>
              <textColor>4281545523</textColor>
              <textSize>20</textSize>
              <lineSpacing>26</lineSpacing>
              <textStyles>[fsBold]</textStyles>
              <useDefaultTextSize>False</useDefaultTextSize>
              <selectedIndex>-1</selectedIndex>
            </control>
            <control controlID="F93437EC-2AD3-4410-B823-A5AD800041E9" controlTypeID="Line" x="29" y="12" w="310" h="2" zOrder="2">
              <font family="%E5%BE%AE%E8%BD%AF%E9%9B%85%E9%BB%91" displayName="%E5%BE%AE%E8%BD%AF%E9%9B%85%E9%BB%91" postScript="" weightStyle="Regular" weight="400" isBold="False" isItalic="False"/>
              <lineSpacing>16</lineSpacing>
              <selectedIndex>-1</selectedIndex>
              <controlPoint>(156,1)</controlPoint>
              <startPoint>(1,1)</startPoint>
              <endPoint>(310,1)</endPoint>
            </control>
            <control controlID="F7B255FD-782B-40CF-A014-EF5AC1EF9365" controlTypeID="Line" x="432" y="12" w="314" h="2" zOrder="3">
              <font family="%E5%BE%AE%E8%BD%AF%E9%9B%85%E9%BB%91" displayName="%E5%BE%AE%E8%BD%AF%E9%9B%85%E9%BB%91" postScript="" weightStyle="Regular" weight="400" isBold="False" isItalic="False"/>
              <lineSpacing>16</lineSpacing>
              <selectedIndex>-1</selectedIndex>
              <controlPoint>(158,1)</controlPoint>
              <startPoint>(1,1)</startPoint>
              <endPoint>(314,1)</endPoint>
            </control>
            <control controlID="C9AC061B-D513-47B5-9677-CAB9D0458300" controlTypeID="Circle" x="28" y="77" w="50" h="50" zOrder="4">
              <color>4294901811</color>
              <borderVisible>False</borderVisible>
              <remarkText>%E5%B0%BA%E5%AF%B8%EF%BC%9A50%0D%0A%E5%AD%97%E4%BD%93%EF%BC%9A20</remarkText>
              <font family="%E5%BE%AE%E8%BD%AF%E9%9B%85%E9%BB%91" displayName="%E5%BE%AE%E8%BD%AF%E9%9B%85%E9%BB%91" postScript="" weightStyle="Regular" weight="400" isBold="False" isItalic="False"/>
              <text>%E4%BC%98</text>
              <textColor>4294967295</textColor>
              <textSize>20</textSize>
              <lineSpacing>26</lineSpacing>
              <useDefaultTextSize>False</useDefaultTextSize>
              <selectedIndex>-1</selectedIndex>
              <shapeBorderType>SbEllipse</shapeBorderType>
            </control>
            <control controlID="6B6DC3FC-4883-4F80-9A38-6B4A061FC5F2" controlTypeID="Circle" x="301" y="77" w="50" h="50" zOrder="5">
              <color>4294901811</color>
              <borderVisible>False</borderVisible>
              <font family="%E5%BE%AE%E8%BD%AF%E9%9B%85%E9%BB%91" displayName="%E5%BE%AE%E8%BD%AF%E9%9B%85%E9%BB%91" postScript="" weightStyle="Regular" weight="400" isBold="False" isItalic="False"/>
              <text>%E4%BF%9D</text>
              <textColor>4294967295</textColor>
              <textSize>20</textSize>
              <lineSpacing>26</lineSpacing>
              <useDefaultTextSize>False</useDefaultTextSize>
              <selectedIndex>-1</selectedIndex>
              <shapeBorderType>SbEllipse</shapeBorderType>
            </control>
            <control controlID="C3552265-7969-4E95-9EC7-18194846F959" controlTypeID="Circle" x="575" y="77" w="50" h="50" zOrder="6">
              <color>4294901811</color>
              <borderVisible>False</borderVisible>
              <font family="%E5%BE%AE%E8%BD%AF%E9%9B%85%E9%BB%91" displayName="%E5%BE%AE%E8%BD%AF%E9%9B%85%E9%BB%91" postScript="" weightStyle="Regular" weight="400" isBold="False" isItalic="False"/>
              <text>%E8%AF%9A</text>
              <textColor>4294967295</textColor>
              <textSize>20</textSize>
              <lineSpacing>26</lineSpacing>
              <useDefaultTextSize>False</useDefaultTextSize>
              <selectedIndex>-1</selectedIndex>
              <shapeBorderType>SbEllipse</shapeBorderType>
            </control>
            <control controlID="24A069E6-67EF-4AF8-BC55-7A240248F1A3" controlTypeID="Label" x="91" y="81" w="61" h="19" zOrder="7">
              <remarkText>%E9%A2%9C%E8%89%B2%EF%BC%9A333333%0D%0A%E5%AD%97%E4%BD%9314</remarkText>
              <font family="%E5%BE%AE%E8%BD%AF%E9%9B%85%E9%BB%91" displayName="%E5%BE%AE%E8%BD%AF%E9%9B%85%E9%BB%91+Bold" postScript="" weightStyle="Bold" weight="700" isBold="True" isItalic="False"/>
              <text>%E5%93%81%E8%B4%A8%E4%BF%9D%E8%AF%81</text>
              <textColor>4281545523</textColor>
              <lineSpacing>18</lineSpacing>
              <textStyles>[fsBold]</textStyles>
              <useDefaultTextSize>False</useDefaultTextSize>
              <selectedIndex>-1</selectedIndex>
            </control>
            <control controlID="81A8A564-C564-4D77-B66B-1F5C511D6ED1" controlTypeID="Label" x="361" y="81" w="61" h="19" zOrder="8">
              <font family="%E5%BE%AE%E8%BD%AF%E9%9B%85%E9%BB%91" displayName="%E5%BE%AE%E8%BD%AF%E9%9B%85%E9%BB%91+Bold" postScript="" weightStyle="Bold" weight="700" isBold="True" isItalic="False"/>
              <text>%E4%BA%A4%E6%98%93%E4%BF%9D%E8%AF%81</text>
              <textColor>4281545523</textColor>
              <lineSpacing>18</lineSpacing>
              <textStyles>[fsBold]</textStyles>
              <useDefaultTextSize>False</useDefaultTextSize>
              <selectedIndex>-1</selectedIndex>
            </control>
            <control controlID="F31F1C0B-98B4-4F5C-8B60-67E3A3F179EC" controlTypeID="Label" x="633" y="82" w="61" h="19" zOrder="9">
              <font family="%E5%BE%AE%E8%BD%AF%E9%9B%85%E9%BB%91" displayName="%E5%BE%AE%E8%BD%AF%E9%9B%85%E9%BB%91+Bold" postScript="" weightStyle="Bold" weight="700" isBold="True" isItalic="False"/>
              <text>%E8%AF%9A%E4%BF%A1%E4%BF%9D%E8%AF%81</text>
              <textColor>4281545523</textColor>
              <lineSpacing>18</lineSpacing>
              <textStyles>[fsBold]</textStyles>
              <useDefaultTextSize>False</useDefaultTextSize>
              <selectedIndex>-1</selectedIndex>
            </control>
            <control controlID="BA8C3A66-F613-472E-9F4B-9F084F86CA60" controlTypeID="Label" x="91" y="105" w="121" h="19" zOrder="10">
              <remarkText>%E9%A2%9C%E8%89%B2%EF%BC%9A999999%0D%0A%E5%AD%97%E4%BD%93%EF%BC%9A14</remarkText>
              <font family="%E5%BE%AE%E8%BD%AF%E9%9B%85%E9%BB%91" displayName="%E5%BE%AE%E8%BD%AF%E9%9B%85%E9%BB%91" postScript="" weightStyle="Regular" weight="400" isBold="False" isItalic="False"/>
              <text>%E5%93%81%E8%B4%A8%E6%8A%A4%E8%88%AA+%E8%B4%AD%E7%89%A9%E6%97%A0%E5%BF%A7</text>
              <textColor>4288256409</textColor>
              <lineSpacing>18</lineSpacing>
              <useDefaultTextSize>False</useDefaultTextSize>
              <selectedIndex>-1</selectedIndex>
            </control>
            <control controlID="15C72132-6207-48CE-83E3-586493C1FE02" controlTypeID="Label" x="361" y="102" w="149" h="19" zOrder="11">
              <font family="%E5%BE%AE%E8%BD%AF%E9%9B%85%E9%BB%91" displayName="%E5%BE%AE%E8%BD%AF%E9%9B%85%E9%BB%91" postScript="" weightStyle="Regular" weight="400" isBold="False" isItalic="False"/>
              <text>%E7%BA%BF%E4%B8%8B%E4%BA%A4%E6%98%93+%E6%9C%80%E5%AE%89%E5%85%A8%E7%9A%84%E4%BF%9D%E9%9A%9C</text>
              <textColor>4288256409</textColor>
              <lineSpacing>18</lineSpacing>
              <useDefaultTextSize>False</useDefaultTextSize>
              <selectedIndex>-1</selectedIndex>
            </control>
            <control controlID="51E7DC91-DDC7-4C8B-85EF-1129CB96C8B9" controlTypeID="Label" x="633" y="103" w="121" h="19" zOrder="12">
              <font family="%E5%BE%AE%E8%BD%AF%E9%9B%85%E9%BB%91" displayName="%E5%BE%AE%E8%BD%AF%E9%9B%85%E9%BB%91" postScript="" weightStyle="Regular" weight="400" isBold="False" isItalic="False"/>
              <text>%E8%AF%9A%E4%BF%A1%E5%95%86%E9%93%BA+%E8%AF%9A%E6%84%8F%E5%BE%85%E4%BA%BA</text>
              <textColor>4288256409</textColor>
              <lineSpacing>18</lineSpacing>
              <useDefaultTextSize>False</useDefaultTextSize>
              <selectedIndex>-1</selectedIndex>
            </control>
            <control controlID="846E0E51-3995-4F1A-A103-11509B7F7445" controlTypeID="Line" x="252" y="90" w="2" h="24" zOrder="13">
              <font family="%E5%BE%AE%E8%BD%AF%E9%9B%85%E9%BB%91" displayName="%E5%BE%AE%E8%BD%AF%E9%9B%85%E9%BB%91" postScript="" weightStyle="Regular" weight="400" isBold="False" isItalic="False"/>
              <lineSpacing>16</lineSpacing>
              <selectedIndex>-1</selectedIndex>
              <controlPoint>(1,12)</controlPoint>
              <startPoint>(1,0)</startPoint>
              <endPoint>(1,24)</endPoint>
            </control>
            <control controlID="3C2B10B4-9426-4BEF-9BBC-F9209A1424CF" controlTypeID="Line" x="531" y="90" w="2" h="24" zOrder="14">
              <font family="%E5%BE%AE%E8%BD%AF%E9%9B%85%E9%BB%91" displayName="%E5%BE%AE%E8%BD%AF%E9%9B%85%E9%BB%91" postScript="" weightStyle="Regular" weight="400" isBold="False" isItalic="False"/>
              <lineSpacing>16</lineSpacing>
              <selectedIndex>-1</selectedIndex>
              <controlPoint>(1,12)</controlPoint>
              <startPoint>(1,0)</startPoint>
              <endPoint>(1,24)</endPoint>
            </control>
          </groupChildrenDescriptors>
        </control>
        <control controlID="86718EE0-2A9D-4A08-9F74-01BDC6EB6E52" controlTypeID="__group__" x="0" y="188" w="800" h="280" zOrder="1">
          <groupChildrenDescriptors>
            <control controlID="E8F3C316-B752-4AD9-8029-C9FF818ED229" controlTypeID="Shape" x="0" y="0" w="800" h="239" zOrder="0">
              <color>4294111986</color>
              <borderVisible>False</borderVisible>
              <remarkText>%E9%A2%9C%E8%89%B2%EF%BC%9AF2F2F2</remarkText>
              <font family="%E5%BE%AE%E8%BD%AF%E9%9B%85%E9%BB%91" displayName="%E5%BE%AE%E8%BD%AF%E9%9B%85%E9%BB%91" postScript="" weightStyle="Regular" weight="400" isBold="False" isItalic="False"/>
              <lineSpacing>16</lineSpacing>
              <selectedIndex>-1</selectedIndex>
            </control>
            <control controlID="40E8BCC6-29A9-4DD2-839E-DEBFE4D8AB59" controlTypeID="Shape" x="0" y="239" w="800" h="41" zOrder="1">
              <color>4281742902</color>
              <font family="%E5%BE%AE%E8%BD%AF%E9%9B%85%E9%BB%91" displayName="%E5%BE%AE%E8%BD%AF%E9%9B%85%E9%BB%91" postScript="" weightStyle="Regular" weight="400" isBold="False" isItalic="False"/>
              <text>%E5%A4%87%E6%A1%88%E5%8F%B7%EF%BC%9A009001010101</text>
              <lineSpacing>16</lineSpacing>
              <selectedIndex>-1</selectedIndex>
            </control>
            <control controlID="529D375B-6571-4830-91AE-CA324B51148A" controlTypeID="Label" x="513" y="98" w="102" h="22" zOrder="2">
              <font family="%E5%BE%AE%E8%BD%AF%E9%9B%85%E9%BB%91" displayName="%E5%BE%AE%E8%BD%AF%E9%9B%85%E9%BB%91" postScript="" weightStyle="Regular" weight="400" isBold="False" isItalic="False"/>
              <text>%E6%9C%8D%E5%8A%A1%E5%92%A8%E8%AF%A2%E7%83%AD%E7%BA%BF</text>
              <textSize>16</textSize>
              <lineSpacing>21</lineSpacing>
              <useDefaultTextSize>False</useDefaultTextSize>
              <selectedIndex>-1</selectedIndex>
            </control>
            <control controlID="A1104D83-F786-47FA-B97A-1CE7BD1601B6" controlTypeID="Icon" x="467" y="97" w="29" h="29" zOrder="3">
              <icon>
                <ID/>
                <iconFontName>jdIonicons</iconFontName>
                <iconCode>62162</iconCode>
              </icon>
              <URL>94E9452D20864CF3FBC79CD2C4E76723.svg</URL>
            </control>
            <control controlID="F00A2615-3A3B-4615-A273-36961F8D485D" controlTypeID="Label" x="513" y="135" w="144" h="32" zOrder="4">
              <font family="%E5%BE%AE%E8%BD%AF%E9%9B%85%E9%BB%91" displayName="%E5%BE%AE%E8%BD%AF%E9%9B%85%E9%BB%91" postScript="" weightStyle="Regular" weight="400" isBold="False" isItalic="False"/>
              <text>028-998765</text>
              <textSize>24</textSize>
              <lineSpacing>32</lineSpacing>
              <useDefaultTextSize>False</useDefaultTextSize>
              <selectedIndex>-1</selectedIndex>
            </control>
            <control controlID="4B4F3E80-7D65-4DAF-A27F-878381BA78B7" controlTypeID="QRCode" x="699" y="90" w="51" h="51" zOrder="5"/>
            <control controlID="D4005F01-3FA9-41C1-84D6-679717B16901" controlTypeID="Label" x="712" y="151" w="28" h="16" zOrder="6">
              <font family="%E5%BE%AE%E8%BD%AF%E9%9B%85%E9%BB%91" displayName="%E5%BE%AE%E8%BD%AF%E9%9B%85%E9%BB%91" postScript="" weightStyle="Regular" weight="400" isBold="False" isItalic="False"/>
              <text>%E5%BE%AE%E4%BF%A1</text>
              <textSize>12</textSize>
              <lineSpacing>16</lineSpacing>
              <selectedIndex>-1</selectedIndex>
            </control>
            <control controlID="4A4CE155-AD50-4EE9-B8AB-714616274515" controlTypeID="Label" x="33" y="97" w="114" h="24" zOrder="7">
              <font family="%E5%BE%AE%E8%BD%AF%E9%9B%85%E9%BB%91" displayName="%E5%BE%AE%E8%BD%AF%E9%9B%85%E9%BB%91" postScript="" weightStyle="Regular" weight="400" isBold="False" isItalic="False"/>
              <text>%E5%85%A8%E5%90%8D%E5%BD%93%E9%93%BA%E5%95%86%E5%9F%8E</text>
              <textSize>18</textSize>
              <lineSpacing>24</lineSpacing>
              <useDefaultTextSize>False</useDefaultTextSize>
              <selectedIndex>-1</selectedIndex>
            </control>
            <control controlID="FC544D1D-78C2-41DC-9166-B505DC381EAD" controlTypeID="Label" x="156" y="126" w="46" h="19" zOrder="8">
              <font family="%E5%BE%AE%E8%BD%AF%E9%9B%85%E9%BB%91" displayName="%E5%BE%AE%E8%BD%AF%E9%9B%85%E9%BB%91" postScript="" weightStyle="Regular" weight="400" isBold="False" isItalic="False"/>
              <text>%E4%BC%97%E7%AD%B9%E7%BD%91</text>
              <lineSpacing>18</lineSpacing>
              <useDefaultTextSize>False</useDefaultTextSize>
              <selectedIndex>-1</selectedIndex>
            </control>
            <control controlID="65277091-9AB1-4E23-AC67-1647115EE511" controlTypeID="Label" x="243" y="126" w="61" h="19" zOrder="9">
              <font family="%E5%BE%AE%E8%BD%AF%E9%9B%85%E9%BB%91" displayName="%E5%BE%AE%E8%BD%AF%E9%9B%85%E9%BB%91" postScript="" weightStyle="Regular" weight="400" isBold="False" isItalic="False"/>
              <text>%E5%85%B3%E4%BA%8E%E6%88%91%E4%BB%AC</text>
              <lineSpacing>18</lineSpacing>
              <useDefaultTextSize>False</useDefaultTextSize>
              <selectedIndex>-1</selectedIndex>
            </control>
            <control controlID="D27C6D27-B7EA-4E3F-BC6C-86E489F43C6C" controlTypeID="Image" x="287" y="194" w="104" h="35" zOrder="10">
              <URL>4EA0B1978D92F5CF5D16CEE8674C39D0.png</URL>
            </control>
            <control controlID="4DCF0CB1-6199-41A5-9E41-673891209516" controlTypeID="Image" x="401" y="194" w="102" h="35" zOrder="11">
              <URL>43204CFCA029D0EFACC05A4177288EAF.png</URL>
            </control>
            <control controlID="7E508049-2D87-43F8-9A5C-688D88958941" controlTypeID="Image" x="519" y="194" w="106" h="35" zOrder="12">
              <URL>93825D35F2E309B037D5F369D90AD014.png</URL>
            </control>
          </groupChildrenDescriptors>
        </control>
      </groupChildrenDescriptors>
    </control>
    <control controlID="86AA8650-684C-4F51-ADED-6FCB8CD65FC7" controlTypeID="Shape" x="622" y="236" w="150" h="189" zOrder="7">
      <remarkText>%E5%B0%BA%E5%AF%B8%EF%BC%9A236*302</remarkText>
      <font family="%E5%BE%AE%E8%BD%AF%E9%9B%85%E9%BB%91" displayName="%E5%BE%AE%E8%BD%AF%E9%9B%85%E9%BB%91" postScript="" weightStyle="Regular" weight="400" isBold="False" isItalic="False"/>
      <lineSpacing>16</lineSpacing>
      <selectedIndex>-1</selectedIndex>
    </control>
    <control controlID="C4F9384F-1A56-4BEB-9423-7EAB13303BB9" controlTypeID="Shape" x="620" y="459" w="150" h="189" zOrder="8">
      <remarkText>%E5%B0%BA%E5%AF%B8%EF%BC%9A236*302</remarkText>
      <font family="%E5%BE%AE%E8%BD%AF%E9%9B%85%E9%BB%91" displayName="%E5%BE%AE%E8%BD%AF%E9%9B%85%E9%BB%91" postScript="" weightStyle="Regular" weight="400" isBold="False" isItalic="False"/>
      <lineSpacing>16</lineSpacing>
      <selectedIndex>-1</selectedIndex>
    </control>
    <control controlID="D4D92561-DD6F-4B1C-AF41-9BA4B9BC630A" controlTypeID="Shape" x="618" y="683" w="150" h="189" zOrder="9">
      <remarkText>%E5%B0%BA%E5%AF%B8%EF%BC%9A236*302</remarkText>
      <font family="%E5%BE%AE%E8%BD%AF%E9%9B%85%E9%BB%91" displayName="%E5%BE%AE%E8%BD%AF%E9%9B%85%E9%BB%91" postScript="" weightStyle="Regular" weight="400" isBold="False" isItalic="False"/>
      <lineSpacing>16</lineSpacing>
      <selectedIndex>-1</selectedIndex>
    </control>
    <control controlID="EA257134-9000-4E26-8436-E364DC2A1016" controlTypeID="Shape" x="425" y="232" w="150" h="189" zOrder="10">
      <remarkText>%E5%B0%BA%E5%AF%B8%EF%BC%9A236*302</remarkText>
      <font family="%E5%BE%AE%E8%BD%AF%E9%9B%85%E9%BB%91" displayName="%E5%BE%AE%E8%BD%AF%E9%9B%85%E9%BB%91" postScript="" weightStyle="Regular" weight="400" isBold="False" isItalic="False"/>
      <lineSpacing>16</lineSpacing>
      <selectedIndex>-1</selectedIndex>
    </control>
    <control controlID="3AB61E09-4D53-44C8-8600-82EB4B78A951" controlTypeID="Shape" x="423" y="455" w="150" h="189" zOrder="11">
      <remarkText>%E5%B0%BA%E5%AF%B8%EF%BC%9A236*302</remarkText>
      <font family="%E5%BE%AE%E8%BD%AF%E9%9B%85%E9%BB%91" displayName="%E5%BE%AE%E8%BD%AF%E9%9B%85%E9%BB%91" postScript="" weightStyle="Regular" weight="400" isBold="False" isItalic="False"/>
      <lineSpacing>16</lineSpacing>
      <selectedIndex>-1</selectedIndex>
    </control>
    <control controlID="B82684AC-DC5F-45CC-82A9-427206CEC207" controlTypeID="Shape" x="421" y="679" w="150" h="189" zOrder="12">
      <remarkText>%E5%B0%BA%E5%AF%B8%EF%BC%9A236*302</remarkText>
      <font family="%E5%BE%AE%E8%BD%AF%E9%9B%85%E9%BB%91" displayName="%E5%BE%AE%E8%BD%AF%E9%9B%85%E9%BB%91" postScript="" weightStyle="Regular" weight="400" isBold="False" isItalic="False"/>
      <lineSpacing>16</lineSpacing>
      <selectedIndex>-1</selectedIndex>
    </control>
    <control controlID="5912A4FE-6D8F-4A69-97A3-B6C2AF0CF564" controlTypeID="Shape" x="227" y="232" w="150" h="189" zOrder="13">
      <remarkText>%E5%B0%BA%E5%AF%B8%EF%BC%9A236*302</remarkText>
      <font family="%E5%BE%AE%E8%BD%AF%E9%9B%85%E9%BB%91" displayName="%E5%BE%AE%E8%BD%AF%E9%9B%85%E9%BB%91" postScript="" weightStyle="Regular" weight="400" isBold="False" isItalic="False"/>
      <lineSpacing>16</lineSpacing>
      <selectedIndex>-1</selectedIndex>
    </control>
    <control controlID="4E0336FC-2D03-4838-8213-D37E03BB4B2E" controlTypeID="Shape" x="225" y="455" w="150" h="189" zOrder="14">
      <remarkText>%E5%B0%BA%E5%AF%B8%EF%BC%9A236*302</remarkText>
      <font family="%E5%BE%AE%E8%BD%AF%E9%9B%85%E9%BB%91" displayName="%E5%BE%AE%E8%BD%AF%E9%9B%85%E9%BB%91" postScript="" weightStyle="Regular" weight="400" isBold="False" isItalic="False"/>
      <lineSpacing>16</lineSpacing>
      <selectedIndex>-1</selectedIndex>
    </control>
    <control controlID="03456139-A6C5-4179-AE4F-B203434F13E4" controlTypeID="Shape" x="223" y="679" w="150" h="189" zOrder="15">
      <remarkText>%E5%B0%BA%E5%AF%B8%EF%BC%9A236*302</remarkText>
      <font family="%E5%BE%AE%E8%BD%AF%E9%9B%85%E9%BB%91" displayName="%E5%BE%AE%E8%BD%AF%E9%9B%85%E9%BB%91" postScript="" weightStyle="Regular" weight="400" isBold="False" isItalic="False"/>
      <lineSpacing>16</lineSpacing>
      <selectedIndex>-1</selectedIndex>
    </control>
    <control controlID="711D70CF-E7E0-4B42-A725-1F04D34A0AA5" controlTypeID="Shape" x="31" y="236" w="150" h="189" zOrder="16">
      <remarkText>%E5%B0%BA%E5%AF%B8%EF%BC%9A236*302</remarkText>
      <font family="%E5%BE%AE%E8%BD%AF%E9%9B%85%E9%BB%91" displayName="%E5%BE%AE%E8%BD%AF%E9%9B%85%E9%BB%91" postScript="" weightStyle="Regular" weight="400" isBold="False" isItalic="False"/>
      <lineSpacing>16</lineSpacing>
      <selectedIndex>-1</selectedIndex>
    </control>
    <control controlID="E2436B36-176A-40B8-B5B2-25DB5C8B30E9" controlTypeID="Shape" x="29" y="459" w="150" h="189" zOrder="17">
      <remarkText>%E5%B0%BA%E5%AF%B8%EF%BC%9A236*302</remarkText>
      <font family="%E5%BE%AE%E8%BD%AF%E9%9B%85%E9%BB%91" displayName="%E5%BE%AE%E8%BD%AF%E9%9B%85%E9%BB%91" postScript="" weightStyle="Regular" weight="400" isBold="False" isItalic="False"/>
      <lineSpacing>16</lineSpacing>
      <selectedIndex>-1</selectedIndex>
    </control>
    <control controlID="9B083DD8-62D8-4E12-A528-1247DCD6CC69" controlTypeID="Shape" x="27" y="683" w="150" h="189" zOrder="18">
      <remarkText>%E5%B0%BA%E5%AF%B8%EF%BC%9A236*302</remarkText>
      <font family="%E5%BE%AE%E8%BD%AF%E9%9B%85%E9%BB%91" displayName="%E5%BE%AE%E8%BD%AF%E9%9B%85%E9%BB%91" postScript="" weightStyle="Regular" weight="400" isBold="False" isItalic="False"/>
      <lineSpacing>16</lineSpacing>
      <selectedIndex>-1</selectedIndex>
    </control>
    <control controlID="6F6690C9-427A-4281-A0E2-061A2CB3323F" controlTypeID="Label" x="671" y="402" w="52" h="19" zOrder="19">
      <font family="%E5%BE%AE%E8%BD%AF%E9%9B%85%E9%BB%91" displayName="%E5%BE%AE%E8%BD%AF%E9%9B%85%E9%BB%91" postScript="" weightStyle="Regular" weight="400" isBold="False" isItalic="False"/>
      <text>%EF%BF%A53000</text>
      <textColor>4294901811</textColor>
      <lineSpacing>18</lineSpacing>
      <useDefaultTextSize>False</useDefaultTextSize>
      <selectedIndex>-1</selectedIndex>
    </control>
    <control controlID="E6B05034-14AF-48AC-B619-3C5DE739C440" controlTypeID="Label" x="669" y="625" w="52" h="19" zOrder="20">
      <font family="%E5%BE%AE%E8%BD%AF%E9%9B%85%E9%BB%91" displayName="%E5%BE%AE%E8%BD%AF%E9%9B%85%E9%BB%91" postScript="" weightStyle="Regular" weight="400" isBold="False" isItalic="False"/>
      <text>%EF%BF%A53000</text>
      <textColor>4294901811</textColor>
      <lineSpacing>18</lineSpacing>
      <useDefaultTextSize>False</useDefaultTextSize>
      <selectedIndex>-1</selectedIndex>
    </control>
    <control controlID="DA8A7292-E268-4740-9293-093F38AD3046" controlTypeID="Label" x="667" y="849" w="52" h="19" zOrder="21">
      <font family="%E5%BE%AE%E8%BD%AF%E9%9B%85%E9%BB%91" displayName="%E5%BE%AE%E8%BD%AF%E9%9B%85%E9%BB%91" postScript="" weightStyle="Regular" weight="400" isBold="False" isItalic="False"/>
      <text>%EF%BF%A53000</text>
      <textColor>4294901811</textColor>
      <lineSpacing>18</lineSpacing>
      <useDefaultTextSize>False</useDefaultTextSize>
      <selectedIndex>-1</selectedIndex>
    </control>
    <control controlID="3ED59A44-97C0-4A0A-995D-C2FADC56DD20" controlTypeID="Label" x="474" y="398" w="52" h="19" zOrder="22">
      <font family="%E5%BE%AE%E8%BD%AF%E9%9B%85%E9%BB%91" displayName="%E5%BE%AE%E8%BD%AF%E9%9B%85%E9%BB%91" postScript="" weightStyle="Regular" weight="400" isBold="False" isItalic="False"/>
      <text>%EF%BF%A53000</text>
      <textColor>4294901811</textColor>
      <lineSpacing>18</lineSpacing>
      <useDefaultTextSize>False</useDefaultTextSize>
      <selectedIndex>-1</selectedIndex>
    </control>
    <control controlID="A7D26ADB-A120-48E4-9525-7FF790EC50CC" controlTypeID="Label" x="472" y="621" w="52" h="19" zOrder="23">
      <font family="%E5%BE%AE%E8%BD%AF%E9%9B%85%E9%BB%91" displayName="%E5%BE%AE%E8%BD%AF%E9%9B%85%E9%BB%91" postScript="" weightStyle="Regular" weight="400" isBold="False" isItalic="False"/>
      <text>%EF%BF%A53000</text>
      <textColor>4294901811</textColor>
      <lineSpacing>18</lineSpacing>
      <useDefaultTextSize>False</useDefaultTextSize>
      <selectedIndex>-1</selectedIndex>
    </control>
    <control controlID="702087A7-A7C7-4657-A115-225C7CD9C10E" controlTypeID="Label" x="470" y="845" w="52" h="19" zOrder="24">
      <font family="%E5%BE%AE%E8%BD%AF%E9%9B%85%E9%BB%91" displayName="%E5%BE%AE%E8%BD%AF%E9%9B%85%E9%BB%91" postScript="" weightStyle="Regular" weight="400" isBold="False" isItalic="False"/>
      <text>%EF%BF%A53000</text>
      <textColor>4294901811</textColor>
      <lineSpacing>18</lineSpacing>
      <useDefaultTextSize>False</useDefaultTextSize>
      <selectedIndex>-1</selectedIndex>
    </control>
    <control controlID="8385BAD5-B6F5-4A30-890C-E4182FF72618" controlTypeID="Label" x="276" y="398" w="52" h="19" zOrder="25">
      <font family="%E5%BE%AE%E8%BD%AF%E9%9B%85%E9%BB%91" displayName="%E5%BE%AE%E8%BD%AF%E9%9B%85%E9%BB%91" postScript="" weightStyle="Regular" weight="400" isBold="False" isItalic="False"/>
      <text>%EF%BF%A53000</text>
      <textColor>4294901811</textColor>
      <lineSpacing>18</lineSpacing>
      <useDefaultTextSize>False</useDefaultTextSize>
      <selectedIndex>-1</selectedIndex>
    </control>
    <control controlID="CB0D7A9E-D1F4-481F-B1D9-E2985571716C" controlTypeID="Label" x="274" y="621" w="52" h="19" zOrder="26">
      <font family="%E5%BE%AE%E8%BD%AF%E9%9B%85%E9%BB%91" displayName="%E5%BE%AE%E8%BD%AF%E9%9B%85%E9%BB%91" postScript="" weightStyle="Regular" weight="400" isBold="False" isItalic="False"/>
      <text>%EF%BF%A53000</text>
      <textColor>4294901811</textColor>
      <lineSpacing>18</lineSpacing>
      <useDefaultTextSize>False</useDefaultTextSize>
      <selectedIndex>-1</selectedIndex>
    </control>
    <control controlID="B0EA4F3F-1CCC-4D29-9E9B-7F77D5931CEF" controlTypeID="Label" x="272" y="845" w="52" h="19" zOrder="27">
      <font family="%E5%BE%AE%E8%BD%AF%E9%9B%85%E9%BB%91" displayName="%E5%BE%AE%E8%BD%AF%E9%9B%85%E9%BB%91" postScript="" weightStyle="Regular" weight="400" isBold="False" isItalic="False"/>
      <text>%EF%BF%A53000</text>
      <textColor>4294901811</textColor>
      <lineSpacing>18</lineSpacing>
      <useDefaultTextSize>False</useDefaultTextSize>
      <selectedIndex>-1</selectedIndex>
    </control>
    <control controlID="E095AB2F-F896-430D-B95A-5C6EEE00B62F" controlTypeID="Label" x="80" y="402" w="52" h="19" zOrder="28">
      <font family="%E5%BE%AE%E8%BD%AF%E9%9B%85%E9%BB%91" displayName="%E5%BE%AE%E8%BD%AF%E9%9B%85%E9%BB%91" postScript="" weightStyle="Regular" weight="400" isBold="False" isItalic="False"/>
      <text>%EF%BF%A53000</text>
      <textColor>4294901811</textColor>
      <lineSpacing>18</lineSpacing>
      <useDefaultTextSize>False</useDefaultTextSize>
      <selectedIndex>-1</selectedIndex>
    </control>
    <control controlID="F1D03ADD-0614-4E64-A179-A2337162EEB6" controlTypeID="Label" x="78" y="625" w="52" h="19" zOrder="29">
      <font family="%E5%BE%AE%E8%BD%AF%E9%9B%85%E9%BB%91" displayName="%E5%BE%AE%E8%BD%AF%E9%9B%85%E9%BB%91" postScript="" weightStyle="Regular" weight="400" isBold="False" isItalic="False"/>
      <text>%EF%BF%A53000</text>
      <textColor>4294901811</textColor>
      <lineSpacing>18</lineSpacing>
      <useDefaultTextSize>False</useDefaultTextSize>
      <selectedIndex>-1</selectedIndex>
    </control>
    <control controlID="D630652C-BF65-440C-BBA9-E8C334C6D303" controlTypeID="Label" x="76" y="849" w="52" h="19" zOrder="30">
      <font family="%E5%BE%AE%E8%BD%AF%E9%9B%85%E9%BB%91" displayName="%E5%BE%AE%E8%BD%AF%E9%9B%85%E9%BB%91" postScript="" weightStyle="Regular" weight="400" isBold="False" isItalic="False"/>
      <text>%EF%BF%A53000</text>
      <textColor>4294901811</textColor>
      <lineSpacing>18</lineSpacing>
      <useDefaultTextSize>False</useDefaultTextSize>
      <selectedIndex>-1</selectedIndex>
    </control>
    <control controlID="66173EB1-C476-47A3-853E-D717C5B9B9FD" controlTypeID="Label" x="654" y="384" w="89" h="16" zOrder="31">
      <font family="%E5%BE%AE%E8%BD%AF%E9%9B%85%E9%BB%91" displayName="%E5%BE%AE%E8%BD%AF%E9%9B%85%E9%BB%91" postScript="" weightStyle="Regular" weight="400" isBold="False" isItalic="False"/>
      <text>%E5%90%8D%E7%A7%B0%EF%BC%9A1101001</text>
      <textSize>12</textSize>
      <lineSpacing>16</lineSpacing>
      <selectedIndex>-1</selectedIndex>
    </control>
    <control controlID="54575E3A-C121-4960-A009-BC7539B5764A" controlTypeID="Label" x="652" y="607" w="89" h="16" zOrder="32">
      <font family="%E5%BE%AE%E8%BD%AF%E9%9B%85%E9%BB%91" displayName="%E5%BE%AE%E8%BD%AF%E9%9B%85%E9%BB%91" postScript="" weightStyle="Regular" weight="400" isBold="False" isItalic="False"/>
      <text>%E5%90%8D%E7%A7%B0%EF%BC%9A1101001</text>
      <textSize>12</textSize>
      <lineSpacing>16</lineSpacing>
      <selectedIndex>-1</selectedIndex>
    </control>
    <control controlID="F8B18199-2B38-45A0-A4C0-8B945AB8AF4C" controlTypeID="Label" x="650" y="831" w="89" h="16" zOrder="33">
      <font family="%E5%BE%AE%E8%BD%AF%E9%9B%85%E9%BB%91" displayName="%E5%BE%AE%E8%BD%AF%E9%9B%85%E9%BB%91" postScript="" weightStyle="Regular" weight="400" isBold="False" isItalic="False"/>
      <text>%E5%90%8D%E7%A7%B0%EF%BC%9A1101001</text>
      <textSize>12</textSize>
      <lineSpacing>16</lineSpacing>
      <selectedIndex>-1</selectedIndex>
    </control>
    <control controlID="2F533940-5E46-4E33-819C-9ADA429D5CF6" controlTypeID="Label" x="457" y="380" w="89" h="16" zOrder="34">
      <font family="%E5%BE%AE%E8%BD%AF%E9%9B%85%E9%BB%91" displayName="%E5%BE%AE%E8%BD%AF%E9%9B%85%E9%BB%91" postScript="" weightStyle="Regular" weight="400" isBold="False" isItalic="False"/>
      <text>%E5%90%8D%E7%A7%B0%EF%BC%9A1101001</text>
      <textSize>12</textSize>
      <lineSpacing>16</lineSpacing>
      <selectedIndex>-1</selectedIndex>
    </control>
    <control controlID="B7FE8637-79A7-4C2F-BF4C-3BDED6450886" controlTypeID="Label" x="455" y="603" w="89" h="16" zOrder="35">
      <font family="%E5%BE%AE%E8%BD%AF%E9%9B%85%E9%BB%91" displayName="%E5%BE%AE%E8%BD%AF%E9%9B%85%E9%BB%91" postScript="" weightStyle="Regular" weight="400" isBold="False" isItalic="False"/>
      <text>%E5%90%8D%E7%A7%B0%EF%BC%9A1101001</text>
      <textSize>12</textSize>
      <lineSpacing>16</lineSpacing>
      <selectedIndex>-1</selectedIndex>
    </control>
    <control controlID="74B89C87-3D32-48D2-A260-B2FF6F61DC3A" controlTypeID="Label" x="453" y="827" w="89" h="16" zOrder="36">
      <font family="%E5%BE%AE%E8%BD%AF%E9%9B%85%E9%BB%91" displayName="%E5%BE%AE%E8%BD%AF%E9%9B%85%E9%BB%91" postScript="" weightStyle="Regular" weight="400" isBold="False" isItalic="False"/>
      <text>%E5%90%8D%E7%A7%B0%EF%BC%9A1101001</text>
      <textSize>12</textSize>
      <lineSpacing>16</lineSpacing>
      <selectedIndex>-1</selectedIndex>
    </control>
    <control controlID="810B6E2A-120D-44BF-8702-7B997AC897FF" controlTypeID="Label" x="259" y="380" w="89" h="16" zOrder="37">
      <font family="%E5%BE%AE%E8%BD%AF%E9%9B%85%E9%BB%91" displayName="%E5%BE%AE%E8%BD%AF%E9%9B%85%E9%BB%91" postScript="" weightStyle="Regular" weight="400" isBold="False" isItalic="False"/>
      <text>%E5%90%8D%E7%A7%B0%EF%BC%9A1101001</text>
      <textSize>12</textSize>
      <lineSpacing>16</lineSpacing>
      <selectedIndex>-1</selectedIndex>
    </control>
    <control controlID="433C87F6-FA12-42A2-AC37-115E8A23B9FD" controlTypeID="Label" x="257" y="603" w="89" h="16" zOrder="38">
      <font family="%E5%BE%AE%E8%BD%AF%E9%9B%85%E9%BB%91" displayName="%E5%BE%AE%E8%BD%AF%E9%9B%85%E9%BB%91" postScript="" weightStyle="Regular" weight="400" isBold="False" isItalic="False"/>
      <text>%E5%90%8D%E7%A7%B0%EF%BC%9A1101001</text>
      <textSize>12</textSize>
      <lineSpacing>16</lineSpacing>
      <selectedIndex>-1</selectedIndex>
    </control>
    <control controlID="85F3987B-860C-4290-A92A-08C7120CAEB6" controlTypeID="Label" x="255" y="827" w="89" h="16" zOrder="39">
      <font family="%E5%BE%AE%E8%BD%AF%E9%9B%85%E9%BB%91" displayName="%E5%BE%AE%E8%BD%AF%E9%9B%85%E9%BB%91" postScript="" weightStyle="Regular" weight="400" isBold="False" isItalic="False"/>
      <text>%E5%90%8D%E7%A7%B0%EF%BC%9A1101001</text>
      <textSize>12</textSize>
      <lineSpacing>16</lineSpacing>
      <selectedIndex>-1</selectedIndex>
    </control>
    <control controlID="6D88BE85-6B21-40F9-96A6-5E6EA2F2DCB4" controlTypeID="Label" x="63" y="384" w="89" h="16" zOrder="40">
      <font family="%E5%BE%AE%E8%BD%AF%E9%9B%85%E9%BB%91" displayName="%E5%BE%AE%E8%BD%AF%E9%9B%85%E9%BB%91" postScript="" weightStyle="Regular" weight="400" isBold="False" isItalic="False"/>
      <text>%E5%90%8D%E7%A7%B0%EF%BC%9A1101001</text>
      <textSize>12</textSize>
      <lineSpacing>16</lineSpacing>
      <selectedIndex>-1</selectedIndex>
    </control>
    <control controlID="4BF9A0A7-99B9-4372-B80E-7FF74815392D" controlTypeID="Label" x="61" y="607" w="89" h="16" zOrder="41">
      <font family="%E5%BE%AE%E8%BD%AF%E9%9B%85%E9%BB%91" displayName="%E5%BE%AE%E8%BD%AF%E9%9B%85%E9%BB%91" postScript="" weightStyle="Regular" weight="400" isBold="False" isItalic="False"/>
      <text>%E5%90%8D%E7%A7%B0%EF%BC%9A1101001</text>
      <textSize>12</textSize>
      <lineSpacing>16</lineSpacing>
      <selectedIndex>-1</selectedIndex>
    </control>
    <control controlID="AB446037-4C8B-4C6A-9EE2-0D1C3051B639" controlTypeID="Label" x="59" y="831" w="89" h="16" zOrder="42">
      <font family="%E5%BE%AE%E8%BD%AF%E9%9B%85%E9%BB%91" displayName="%E5%BE%AE%E8%BD%AF%E9%9B%85%E9%BB%91" postScript="" weightStyle="Regular" weight="400" isBold="False" isItalic="False"/>
      <text>%E5%90%8D%E7%A7%B0%EF%BC%9A1101001</text>
      <textSize>12</textSize>
      <lineSpacing>16</lineSpacing>
      <selectedIndex>-1</selectedIndex>
    </control>
    <control controlID="2344ABA5-C656-4832-86CE-CC6CB1F16B86" controlTypeID="Label" x="679" y="303" w="28" h="16" zOrder="43">
      <remarkText>185*185</remarkText>
      <font family="%E5%BE%AE%E8%BD%AF%E9%9B%85%E9%BB%91" displayName="%E5%BE%AE%E8%BD%AF%E9%9B%85%E9%BB%91" postScript="" weightStyle="Regular" weight="400" isBold="False" isItalic="False"/>
      <text>%E5%9B%BE%E7%89%87</text>
      <textSize>12</textSize>
      <lineSpacing>16</lineSpacing>
      <selectedIndex>-1</selectedIndex>
    </control>
    <control controlID="E739C14E-96C6-4363-82CF-59E6ADDEE883" controlTypeID="Label" x="677" y="526" w="28" h="16" zOrder="44">
      <remarkText>185*185</remarkText>
      <font family="%E5%BE%AE%E8%BD%AF%E9%9B%85%E9%BB%91" displayName="%E5%BE%AE%E8%BD%AF%E9%9B%85%E9%BB%91" postScript="" weightStyle="Regular" weight="400" isBold="False" isItalic="False"/>
      <text>%E5%9B%BE%E7%89%87</text>
      <textSize>12</textSize>
      <lineSpacing>16</lineSpacing>
      <selectedIndex>-1</selectedIndex>
    </control>
    <control controlID="B9CB8330-CB55-490F-9FCC-5D841AC20F82" controlTypeID="Label" x="675" y="750" w="28" h="16" zOrder="45">
      <remarkText>185*185</remarkText>
      <font family="%E5%BE%AE%E8%BD%AF%E9%9B%85%E9%BB%91" displayName="%E5%BE%AE%E8%BD%AF%E9%9B%85%E9%BB%91" postScript="" weightStyle="Regular" weight="400" isBold="False" isItalic="False"/>
      <text>%E5%9B%BE%E7%89%87</text>
      <textSize>12</textSize>
      <lineSpacing>16</lineSpacing>
      <selectedIndex>-1</selectedIndex>
    </control>
    <control controlID="1F879C28-3174-4024-BFFF-BBBC8D177B4E" controlTypeID="Label" x="482" y="299" w="28" h="16" zOrder="46">
      <remarkText>185*185</remarkText>
      <font family="%E5%BE%AE%E8%BD%AF%E9%9B%85%E9%BB%91" displayName="%E5%BE%AE%E8%BD%AF%E9%9B%85%E9%BB%91" postScript="" weightStyle="Regular" weight="400" isBold="False" isItalic="False"/>
      <text>%E5%9B%BE%E7%89%87</text>
      <textSize>12</textSize>
      <lineSpacing>16</lineSpacing>
      <selectedIndex>-1</selectedIndex>
    </control>
    <control controlID="66ABA3D7-D705-4EC7-8096-91C095CC8DA7" controlTypeID="Label" x="480" y="522" w="28" h="16" zOrder="47">
      <remarkText>185*185</remarkText>
      <font family="%E5%BE%AE%E8%BD%AF%E9%9B%85%E9%BB%91" displayName="%E5%BE%AE%E8%BD%AF%E9%9B%85%E9%BB%91" postScript="" weightStyle="Regular" weight="400" isBold="False" isItalic="False"/>
      <text>%E5%9B%BE%E7%89%87</text>
      <textSize>12</textSize>
      <lineSpacing>16</lineSpacing>
      <selectedIndex>-1</selectedIndex>
    </control>
    <control controlID="3D29CD1B-11D4-409A-BB88-20D5CF6C569A" controlTypeID="Label" x="478" y="746" w="28" h="16" zOrder="48">
      <remarkText>185*185</remarkText>
      <font family="%E5%BE%AE%E8%BD%AF%E9%9B%85%E9%BB%91" displayName="%E5%BE%AE%E8%BD%AF%E9%9B%85%E9%BB%91" postScript="" weightStyle="Regular" weight="400" isBold="False" isItalic="False"/>
      <text>%E5%9B%BE%E7%89%87</text>
      <textSize>12</textSize>
      <lineSpacing>16</lineSpacing>
      <selectedIndex>-1</selectedIndex>
    </control>
    <control controlID="29CA3B59-FAFB-4B60-85CC-5432DC577834" controlTypeID="Label" x="284" y="299" w="28" h="16" zOrder="49">
      <remarkText>185*185</remarkText>
      <font family="%E5%BE%AE%E8%BD%AF%E9%9B%85%E9%BB%91" displayName="%E5%BE%AE%E8%BD%AF%E9%9B%85%E9%BB%91" postScript="" weightStyle="Regular" weight="400" isBold="False" isItalic="False"/>
      <text>%E5%9B%BE%E7%89%87</text>
      <textSize>12</textSize>
      <lineSpacing>16</lineSpacing>
      <selectedIndex>-1</selectedIndex>
    </control>
    <control controlID="DB7FE131-7001-40B0-AABF-C01DD7FF9DF5" controlTypeID="Label" x="282" y="522" w="28" h="16" zOrder="50">
      <remarkText>185*185</remarkText>
      <font family="%E5%BE%AE%E8%BD%AF%E9%9B%85%E9%BB%91" displayName="%E5%BE%AE%E8%BD%AF%E9%9B%85%E9%BB%91" postScript="" weightStyle="Regular" weight="400" isBold="False" isItalic="False"/>
      <text>%E5%9B%BE%E7%89%87</text>
      <textSize>12</textSize>
      <lineSpacing>16</lineSpacing>
      <selectedIndex>-1</selectedIndex>
    </control>
    <control controlID="5D12DC1F-AEAE-4422-B8EA-CDDE415232E2" controlTypeID="Label" x="280" y="746" w="28" h="16" zOrder="51">
      <remarkText>185*185</remarkText>
      <font family="%E5%BE%AE%E8%BD%AF%E9%9B%85%E9%BB%91" displayName="%E5%BE%AE%E8%BD%AF%E9%9B%85%E9%BB%91" postScript="" weightStyle="Regular" weight="400" isBold="False" isItalic="False"/>
      <text>%E5%9B%BE%E7%89%87</text>
      <textSize>12</textSize>
      <lineSpacing>16</lineSpacing>
      <selectedIndex>-1</selectedIndex>
    </control>
    <control controlID="C4875C2A-672E-4809-9D5A-A5EC709FA1EA" controlTypeID="Label" x="88" y="303" w="28" h="16" zOrder="52">
      <remarkText>185*185</remarkText>
      <font family="%E5%BE%AE%E8%BD%AF%E9%9B%85%E9%BB%91" displayName="%E5%BE%AE%E8%BD%AF%E9%9B%85%E9%BB%91" postScript="" weightStyle="Regular" weight="400" isBold="False" isItalic="False"/>
      <text>%E5%9B%BE%E7%89%87</text>
      <textSize>12</textSize>
      <lineSpacing>16</lineSpacing>
      <selectedIndex>-1</selectedIndex>
    </control>
    <control controlID="4D149948-64A4-4F0D-907D-D0080A00C44C" controlTypeID="Label" x="86" y="526" w="28" h="16" zOrder="53">
      <remarkText>185*185</remarkText>
      <font family="%E5%BE%AE%E8%BD%AF%E9%9B%85%E9%BB%91" displayName="%E5%BE%AE%E8%BD%AF%E9%9B%85%E9%BB%91" postScript="" weightStyle="Regular" weight="400" isBold="False" isItalic="False"/>
      <text>%E5%9B%BE%E7%89%87</text>
      <textSize>12</textSize>
      <lineSpacing>16</lineSpacing>
      <selectedIndex>-1</selectedIndex>
    </control>
    <control controlID="7AA2487F-066A-42BE-8B8E-C92237E30A04" controlTypeID="Label" x="84" y="750" w="28" h="16" zOrder="54">
      <remarkText>185*185</remarkText>
      <font family="%E5%BE%AE%E8%BD%AF%E9%9B%85%E9%BB%91" displayName="%E5%BE%AE%E8%BD%AF%E9%9B%85%E9%BB%91" postScript="" weightStyle="Regular" weight="400" isBold="False" isItalic="False"/>
      <text>%E5%9B%BE%E7%89%87</text>
      <textSize>12</textSize>
      <lineSpacing>16</lineSpacing>
      <selectedIndex>-1</selectedIndex>
    </control>
    <control controlID="B258E90F-E5BE-424C-88DE-C31AA31584A3" controlTypeID="Line" x="626" y="380" w="144" h="1" zOrder="55">
      <font family="%E5%BE%AE%E8%BD%AF%E9%9B%85%E9%BB%91" displayName="%E5%BE%AE%E8%BD%AF%E9%9B%85%E9%BB%91" postScript="" weightStyle="Regular" weight="400" isBold="False" isItalic="False"/>
      <lineSpacing>16</lineSpacing>
      <selectedIndex>-1</selectedIndex>
      <controlPoint>(72,0)</controlPoint>
      <startPoint>(0,0)</startPoint>
      <endPoint>(144,0)</endPoint>
    </control>
    <control controlID="D458AF24-5AB4-4693-9B98-03253C7AE51F" controlTypeID="Line" x="624" y="603" w="144" h="1" zOrder="56">
      <font family="%E5%BE%AE%E8%BD%AF%E9%9B%85%E9%BB%91" displayName="%E5%BE%AE%E8%BD%AF%E9%9B%85%E9%BB%91" postScript="" weightStyle="Regular" weight="400" isBold="False" isItalic="False"/>
      <lineSpacing>16</lineSpacing>
      <selectedIndex>-1</selectedIndex>
      <controlPoint>(72,0)</controlPoint>
      <startPoint>(0,0)</startPoint>
      <endPoint>(144,0)</endPoint>
    </control>
    <control controlID="BF57D48D-E333-48D7-AF04-7C4838F5F1E9" controlTypeID="Line" x="622" y="827" w="144" h="1" zOrder="57">
      <font family="%E5%BE%AE%E8%BD%AF%E9%9B%85%E9%BB%91" displayName="%E5%BE%AE%E8%BD%AF%E9%9B%85%E9%BB%91" postScript="" weightStyle="Regular" weight="400" isBold="False" isItalic="False"/>
      <lineSpacing>16</lineSpacing>
      <selectedIndex>-1</selectedIndex>
      <controlPoint>(72,0)</controlPoint>
      <startPoint>(0,0)</startPoint>
      <endPoint>(144,0)</endPoint>
    </control>
    <control controlID="77BF048C-D00C-4999-9DBC-7D8D453B8287" controlTypeID="Line" x="429" y="376" w="144" h="1" zOrder="58">
      <font family="%E5%BE%AE%E8%BD%AF%E9%9B%85%E9%BB%91" displayName="%E5%BE%AE%E8%BD%AF%E9%9B%85%E9%BB%91" postScript="" weightStyle="Regular" weight="400" isBold="False" isItalic="False"/>
      <lineSpacing>16</lineSpacing>
      <selectedIndex>-1</selectedIndex>
      <controlPoint>(72,0)</controlPoint>
      <startPoint>(0,0)</startPoint>
      <endPoint>(144,0)</endPoint>
    </control>
    <control controlID="6C20C326-6E45-41DA-86F0-3DC86D74309F" controlTypeID="Line" x="427" y="599" w="144" h="1" zOrder="59">
      <font family="%E5%BE%AE%E8%BD%AF%E9%9B%85%E9%BB%91" displayName="%E5%BE%AE%E8%BD%AF%E9%9B%85%E9%BB%91" postScript="" weightStyle="Regular" weight="400" isBold="False" isItalic="False"/>
      <lineSpacing>16</lineSpacing>
      <selectedIndex>-1</selectedIndex>
      <controlPoint>(72,0)</controlPoint>
      <startPoint>(0,0)</startPoint>
      <endPoint>(144,0)</endPoint>
    </control>
    <control controlID="F4766448-3A18-4189-9FAB-A8FCF6D5B048" controlTypeID="Line" x="425" y="823" w="144" h="1" zOrder="60">
      <font family="%E5%BE%AE%E8%BD%AF%E9%9B%85%E9%BB%91" displayName="%E5%BE%AE%E8%BD%AF%E9%9B%85%E9%BB%91" postScript="" weightStyle="Regular" weight="400" isBold="False" isItalic="False"/>
      <lineSpacing>16</lineSpacing>
      <selectedIndex>-1</selectedIndex>
      <controlPoint>(72,0)</controlPoint>
      <startPoint>(0,0)</startPoint>
      <endPoint>(144,0)</endPoint>
    </control>
    <control controlID="644D2952-DA51-416F-9D25-71BE89AFF3BB" controlTypeID="Line" x="231" y="376" w="144" h="1" zOrder="61">
      <font family="%E5%BE%AE%E8%BD%AF%E9%9B%85%E9%BB%91" displayName="%E5%BE%AE%E8%BD%AF%E9%9B%85%E9%BB%91" postScript="" weightStyle="Regular" weight="400" isBold="False" isItalic="False"/>
      <lineSpacing>16</lineSpacing>
      <selectedIndex>-1</selectedIndex>
      <controlPoint>(72,0)</controlPoint>
      <startPoint>(0,0)</startPoint>
      <endPoint>(144,0)</endPoint>
    </control>
    <control controlID="F0C848F1-000D-42AD-904D-F8557DA5DEFD" controlTypeID="Line" x="229" y="599" w="144" h="1" zOrder="62">
      <font family="%E5%BE%AE%E8%BD%AF%E9%9B%85%E9%BB%91" displayName="%E5%BE%AE%E8%BD%AF%E9%9B%85%E9%BB%91" postScript="" weightStyle="Regular" weight="400" isBold="False" isItalic="False"/>
      <lineSpacing>16</lineSpacing>
      <selectedIndex>-1</selectedIndex>
      <controlPoint>(72,0)</controlPoint>
      <startPoint>(0,0)</startPoint>
      <endPoint>(144,0)</endPoint>
    </control>
    <control controlID="DABC432B-2FFE-4738-8980-115153C04383" controlTypeID="Line" x="227" y="823" w="144" h="1" zOrder="63">
      <font family="%E5%BE%AE%E8%BD%AF%E9%9B%85%E9%BB%91" displayName="%E5%BE%AE%E8%BD%AF%E9%9B%85%E9%BB%91" postScript="" weightStyle="Regular" weight="400" isBold="False" isItalic="False"/>
      <lineSpacing>16</lineSpacing>
      <selectedIndex>-1</selectedIndex>
      <controlPoint>(72,0)</controlPoint>
      <startPoint>(0,0)</startPoint>
      <endPoint>(144,0)</endPoint>
    </control>
    <control controlID="D8B6EC97-9A27-455B-BC7D-BB5C6F67D325" controlTypeID="Line" x="35" y="380" w="144" h="1" zOrder="64">
      <font family="%E5%BE%AE%E8%BD%AF%E9%9B%85%E9%BB%91" displayName="%E5%BE%AE%E8%BD%AF%E9%9B%85%E9%BB%91" postScript="" weightStyle="Regular" weight="400" isBold="False" isItalic="False"/>
      <lineSpacing>16</lineSpacing>
      <selectedIndex>-1</selectedIndex>
      <controlPoint>(72,0)</controlPoint>
      <startPoint>(0,0)</startPoint>
      <endPoint>(144,0)</endPoint>
    </control>
    <control controlID="D099547F-4D22-4CDB-BA63-0C4BDA425DC8" controlTypeID="Line" x="33" y="603" w="144" h="1" zOrder="65">
      <font family="%E5%BE%AE%E8%BD%AF%E9%9B%85%E9%BB%91" displayName="%E5%BE%AE%E8%BD%AF%E9%9B%85%E9%BB%91" postScript="" weightStyle="Regular" weight="400" isBold="False" isItalic="False"/>
      <lineSpacing>16</lineSpacing>
      <selectedIndex>-1</selectedIndex>
      <controlPoint>(72,0)</controlPoint>
      <startPoint>(0,0)</startPoint>
      <endPoint>(144,0)</endPoint>
    </control>
    <control controlID="BC68F181-00B5-4536-AAEA-3AC85CB0F5B9" controlTypeID="Line" x="31" y="827" w="144" h="1" zOrder="66">
      <font family="%E5%BE%AE%E8%BD%AF%E9%9B%85%E9%BB%91" displayName="%E5%BE%AE%E8%BD%AF%E9%9B%85%E9%BB%91" postScript="" weightStyle="Regular" weight="400" isBold="False" isItalic="False"/>
      <lineSpacing>16</lineSpacing>
      <selectedIndex>-1</selectedIndex>
      <controlPoint>(72,0)</controlPoint>
      <startPoint>(0,0)</startPoint>
      <endPoint>(144,0)</endPoint>
    </control>
  </controls>
  <param>
    <backgroundColor>4294967295</backgroundColor>
    <fontSize>12</fontSize>
    <fontFamily>%E5%BE%AE%E8%BD%AF%E9%9B%85%E9%BB%91</fontFamily>
    <guideLines/>
  </param>
</mockup>