﻿<mockup version="4.8" minAllowVersion="4.8" ID="ACF2AFCC-01DC-4708-8206-9A48DC2AE89B" platform="MtDesktop" defaultW="800" defaultH="600" measureW="800" measureH="600" mobileScreenScale="0">
  <controls controlCount="24">
    <control controlID="FC8C7663-E7F0-4853-970D-E9C804203A57" controlTypeID="Shape" x="0" y="0" w="188" h="600" zOrder="0">
      <color>436247039</color>
      <font family="%E5%BE%AE%E8%BD%AF%E9%9B%85%E9%BB%91" displayName="%E5%BE%AE%E8%BD%AF%E9%9B%85%E9%BB%91" postScript="" weightStyle="Regular" weight="400" isBold="False" isItalic="False"/>
      <lineSpacing>16</lineSpacing>
      <selectedIndex>-1</selectedIndex>
    </control>
    <control controlID="07400F79-0628-4474-9A65-C55CF16A49D1" controlTypeID="Shape" x="0" y="0" w="188" h="40" zOrder="1">
      <color>4278229503</color>
      <font family="%E5%BE%AE%E8%BD%AF%E9%9B%85%E9%BB%91" displayName="%E5%BE%AE%E8%BD%AF%E9%9B%85%E9%BB%91" postScript="" weightStyle="Regular" weight="400" isBold="False" isItalic="False"/>
      <text>%E4%BC%97%E7%AD%B9%E7%AE%A1%E7%90%86</text>
      <textColor>4294967295</textColor>
      <textSize>18</textSize>
      <lineSpacing>24</lineSpacing>
      <useDefaultTextSize>False</useDefaultTextSize>
      <selectedIndex>-1</selectedIndex>
    </control>
    <control controlID="4BFC846A-EDEB-4635-A384-28C3646524D6" controlTypeID="Shape" x="0" y="297" w="188" h="40" zOrder="2">
      <color>4288256409</color>
      <font family="%E5%BE%AE%E8%BD%AF%E9%9B%85%E9%BB%91" displayName="%E5%BE%AE%E8%BD%AF%E9%9B%85%E9%BB%91" postScript="" weightStyle="Regular" weight="400" isBold="False" isItalic="False"/>
      <text>%E5%95%86%E5%93%81%E8%AE%BE%E7%BD%AE</text>
      <textColor>4294967295</textColor>
      <textSize>18</textSize>
      <lineSpacing>24</lineSpacing>
      <useDefaultTextSize>False</useDefaultTextSize>
      <selectedIndex>-1</selectedIndex>
    </control>
    <control controlID="7D75BBEE-0245-4D67-9068-754244459447" controlTypeID="Shape" x="0" y="336" w="188" h="40" zOrder="3">
      <color>4288256409</color>
      <font family="%E5%BE%AE%E8%BD%AF%E9%9B%85%E9%BB%91" displayName="%E5%BE%AE%E8%BD%AF%E9%9B%85%E9%BB%91" postScript="" weightStyle="Regular" weight="400" isBold="False" isItalic="False"/>
      <text>%E5%95%86%E5%93%81%E5%88%97%E8%A1%A8</text>
      <textColor>4294967295</textColor>
      <textSize>18</textSize>
      <lineSpacing>24</lineSpacing>
      <useDefaultTextSize>False</useDefaultTextSize>
      <selectedIndex>-1</selectedIndex>
    </control>
    <control controlID="DBB0DAC0-27F4-4165-BBF3-110335891E95" controlTypeID="Shape" x="0" y="452" w="188" h="40" zOrder="4">
      <color>4288256409</color>
      <font family="%E5%BE%AE%E8%BD%AF%E9%9B%85%E9%BB%91" displayName="%E5%BE%AE%E8%BD%AF%E9%9B%85%E9%BB%91" postScript="" weightStyle="Regular" weight="400" isBold="False" isItalic="False"/>
      <text>%E5%95%86%E5%93%81%E5%9B%9E%E6%94%B6%E7%AB%99</text>
      <textColor>4294967295</textColor>
      <textSize>18</textSize>
      <lineSpacing>24</lineSpacing>
      <useDefaultTextSize>False</useDefaultTextSize>
      <selectedIndex>-1</selectedIndex>
    </control>
    <control controlID="6EC216F5-954A-4143-8933-F1429EE36C3F" controlTypeID="Shape" x="0" y="258" w="188" h="40" zOrder="5">
      <color>4278229503</color>
      <font family="%E5%BE%AE%E8%BD%AF%E9%9B%85%E9%BB%91" displayName="%E5%BE%AE%E8%BD%AF%E9%9B%85%E9%BB%91" postScript="" weightStyle="Regular" weight="400" isBold="False" isItalic="False"/>
      <text>%E5%95%86%E5%9F%8E%E7%AE%A1%E7%90%86+</text>
      <textColor>4294967295</textColor>
      <textSize>18</textSize>
      <lineSpacing>24</lineSpacing>
      <useDefaultTextSize>False</useDefaultTextSize>
      <selectedIndex>-1</selectedIndex>
    </control>
    <control controlID="22B1436F-1C9C-4C28-A6D7-1ED2C205DEE7" controlTypeID="DataGrid" x="253" y="121" w="460" h="397" zOrder="6">
      <font family="%E5%BE%AE%E8%BD%AF%E9%9B%85%E9%BB%91" displayName="%E5%BE%AE%E8%BD%AF%E9%9B%85%E9%BB%91" postScript="" weightStyle="Regular" weight="400" isBold="False" isItalic="False"/>
      <text>%E5%BA%97%E9%93%BA%2C%E5%95%86%E5%93%81%2C+%E5%95%86%E5%93%81%E7%BC%96%E7%A0%81+%2C+%E4%BB%B7%E6%A0%BC%2C+%E7%A7%AF%E5%88%86%2C%E7%A7%8D%E7%B1%BB%2C+%E5%95%86%E5%93%81%E5%BD%92%E7%B1%BB%2C%E6%98%AF%2F%E5%90%A6%E5%88%A0%E9%99%A4+%0D%0A%E9%95%BF%E5%AE%89%E8%A1%97%2C%E9%92%BB%E7%9F%B3%2C+43%2C+1000%2C+1000%2C%2C%E6%9C%80%E6%96%B0%2C%0D%0A%E9%95%BF%E5%AE%89%E8%A1%97%2C%E9%92%BB%E7%9F%B3%2C+43%2C+10000%2C+1000%2C%0D%0A%E9%95%BF%E5%AE%89%E8%A1%97%2C%E9%92%BB%E7%9F%B3%2C+25%2C+1000%2C+1000%2C%0D%0A%E9%95%BF%E5%AE%89%E8%A1%97%2C%E9%92%BB%E7%9F%B3%2C+%3A)%2C%2C+1000%2C%0D%0A%E9%95%BF%E5%AE%89%E8%A1%97%2C%E9%92%BB%E7%9F%B3%2C+%3A)%2C%2C+1000%2C%0D%0A%0D%0A%0D%0A%0D%0A%7B4%2C2R%2C4R%2C4C%2C2C%7D</text>
      <lineSpacing>16</lineSpacing>
      <columnRatio>{16.1,8,16.1,16.1,8,7.8,13,14.3}</columnRatio>
      <itemRect>[{"left":0,"top":0,"right":460,"bottom":22},{"left":0,"top":22,"right":460,"bottom":47},{"left":0,"top":47,"right":460,"bottom":72},{"left":0,"top":72,"right":460,"bottom":97},{"left":0,"top":97,"right":460,"bottom":122},{"left":0,"top":122,"right":460,"bottom":147},{"left":0,"top":147,"right":460,"bottom":172},{"left":0,"top":172,"right":460,"bottom":197},{"left":0,"top":197,"right":460,"bottom":222}]</itemRect>
    </control>
    <control controlID="265B895D-BA42-47CF-AA73-03BCBA7B11F2" controlTypeID="Master" x="515" y="540" w="198" h="16" zOrder="7" masterID="8E90D492-7903-4700-ACBC-1234180E34F3">
      <groupChildrenDescriptors>
        <control controlID="2F2454EB-2691-4390-8F60-BE9BD7239570" controlTypeID="__group__" x="0" y="0" w="198" h="16" zOrder="0">
          <groupChildrenDescriptors>
            <control controlID="AEF7F093-76AA-4A11-979D-6738C92DDB9A" controlTypeID="Label" x="0" y="0" w="40" h="16" zOrder="0">
              <font family="%E5%BE%AE%E8%BD%AF%E9%9B%85%E9%BB%91" displayName="%E5%BE%AE%E8%BD%AF%E9%9B%85%E9%BB%91" postScript="" weightStyle="Regular" weight="400" isBold="False" isItalic="False"/>
              <text>%E4%B8%8A%E4%B8%80%E9%A1%B5</text>
              <textSize>12</textSize>
              <lineSpacing>16</lineSpacing>
              <selectedIndex>-1</selectedIndex>
            </control>
            <control controlID="53205A2F-E9A8-4CD1-A690-00930C3F7552" controlTypeID="Label" x="158" y="0" w="40" h="16" zOrder="1">
              <font family="%E5%BE%AE%E8%BD%AF%E9%9B%85%E9%BB%91" displayName="%E5%BE%AE%E8%BD%AF%E9%9B%85%E9%BB%91" postScript="" weightStyle="Regular" weight="400" isBold="False" isItalic="False"/>
              <text>%E4%B8%8B%E4%B8%80%E9%A1%B5</text>
              <textSize>12</textSize>
              <lineSpacing>16</lineSpacing>
              <selectedIndex>-1</selectedIndex>
            </control>
            <control controlID="EA007E4D-460B-4AAC-8B9F-22A51EDCFD31" controlTypeID="Label" x="55" y="0" w="11" h="16" zOrder="2">
              <font family="%E5%BE%AE%E8%BD%AF%E9%9B%85%E9%BB%91" displayName="%E5%BE%AE%E8%BD%AF%E9%9B%85%E9%BB%91" postScript="" weightStyle="Regular" weight="400" isBold="False" isItalic="False"/>
              <text>1</text>
              <textSize>12</textSize>
              <lineSpacing>16</lineSpacing>
              <selectedIndex>-1</selectedIndex>
            </control>
            <control controlID="1C662ADB-9AF7-41DC-8D80-BCAF3DC11C3E" controlTypeID="Label" x="81" y="0" w="11" h="16" zOrder="3">
              <font family="%E5%BE%AE%E8%BD%AF%E9%9B%85%E9%BB%91" displayName="%E5%BE%AE%E8%BD%AF%E9%9B%85%E9%BB%91" postScript="" weightStyle="Regular" weight="400" isBold="False" isItalic="False"/>
              <text>2</text>
              <textSize>12</textSize>
              <lineSpacing>16</lineSpacing>
              <selectedIndex>-1</selectedIndex>
            </control>
            <control controlID="9DBEB722-9FEC-4EB9-8733-41EF6C1E8847" controlTypeID="Label" x="107" y="0" w="11" h="16" zOrder="4">
              <font family="%E5%BE%AE%E8%BD%AF%E9%9B%85%E9%BB%91" displayName="%E5%BE%AE%E8%BD%AF%E9%9B%85%E9%BB%91" postScript="" weightStyle="Regular" weight="400" isBold="False" isItalic="False"/>
              <text>3</text>
              <textSize>12</textSize>
              <lineSpacing>16</lineSpacing>
              <selectedIndex>-1</selectedIndex>
            </control>
            <control controlID="A62915E8-18AE-4AC9-B478-777737307F35" controlTypeID="Label" x="133" y="0" w="12" h="16" zOrder="5">
              <font family="%E5%BE%AE%E8%BD%AF%E9%9B%85%E9%BB%91" displayName="%E5%BE%AE%E8%BD%AF%E9%9B%85%E9%BB%91" postScript="" weightStyle="Regular" weight="400" isBold="False" isItalic="False"/>
              <text>...</text>
              <textSize>12</textSize>
              <lineSpacing>16</lineSpacing>
              <selectedIndex>-1</selectedIndex>
            </control>
          </groupChildrenDescriptors>
        </control>
      </groupChildrenDescriptors>
    </control>
    <control controlID="BFB325CC-7BB5-493F-A47A-760E96D11F03" controlTypeID="Label" x="641" y="98" w="78" h="16" zOrder="8">
      <font family="%E5%BE%AE%E8%BD%AF%E9%9B%85%E9%BB%91" displayName="%E5%BE%AE%E8%BD%AF%E9%9B%85%E9%BB%91" postScript="" weightStyle="Regular" weight="400" isBold="False" isItalic="False"/>
      <text>%E6%AF%8F%E9%A1%B5%E6%98%BE%E7%A4%BA15%E4%B8%AA</text>
      <textSize>12</textSize>
      <lineSpacing>16</lineSpacing>
      <selectedIndex>-1</selectedIndex>
    </control>
    <control controlID="B4A8587E-1968-4F56-83C5-51BBA56D54D8" controlTypeID="Icon" x="672" y="150" w="15" h="15" zOrder="9">
      <icon>
        <ID/>
        <iconFontName>jdIonicons</iconFontName>
        <iconCode>62318</iconCode>
      </icon>
      <URL>DB7FC814F441C17601BBA7EA29C0CC4C.svg</URL>
    </control>
    <control controlID="A8A49BCF-7072-4598-9705-E3E71313D759" controlTypeID="Label" x="226" y="10" w="77" h="24" zOrder="10">
      <font family="%E5%BE%AE%E8%BD%AF%E9%9B%85%E9%BB%91" displayName="%E5%BE%AE%E8%BD%AF%E9%9B%85%E9%BB%91+Bold" postScript="" weightStyle="Bold" weight="700" isBold="True" isItalic="False"/>
      <text>%E5%85%A8%E9%83%A8%E5%95%86%E5%93%81</text>
      <textColor>4288256409</textColor>
      <textSize>18</textSize>
      <lineSpacing>24</lineSpacing>
      <textStyles>[fsBold]</textStyles>
      <useDefaultTextSize>False</useDefaultTextSize>
      <selectedIndex>-1</selectedIndex>
    </control>
    <control controlID="F675262B-529E-42B0-BCF9-727625887A3B" controlTypeID="Shape" x="0" y="39" w="188" h="40" zOrder="11">
      <color>4288256409</color>
      <font family="%E5%BE%AE%E8%BD%AF%E9%9B%85%E9%BB%91" displayName="%E5%BE%AE%E8%BD%AF%E9%9B%85%E9%BB%91" postScript="" weightStyle="Regular" weight="400" isBold="False" isItalic="False"/>
      <text>%E9%A1%B9%E7%9B%AE%E8%AE%BE%E7%BD%AE</text>
      <textColor>4294967295</textColor>
      <textSize>18</textSize>
      <lineSpacing>24</lineSpacing>
      <useDefaultTextSize>False</useDefaultTextSize>
      <selectedIndex>-1</selectedIndex>
    </control>
    <control controlID="672DB8E4-4848-4179-9186-C260C7A35EF0" controlTypeID="Shape" x="0" y="78" w="188" h="40" zOrder="12">
      <color>4288256409</color>
      <font family="%E5%BE%AE%E8%BD%AF%E9%9B%85%E9%BB%91" displayName="%E5%BE%AE%E8%BD%AF%E9%9B%85%E9%BB%91" postScript="" weightStyle="Regular" weight="400" isBold="False" isItalic="False"/>
      <text>%E9%A1%B9%E7%9B%AE%E7%8A%B6%E6%80%81</text>
      <textColor>4294967295</textColor>
      <textSize>18</textSize>
      <lineSpacing>24</lineSpacing>
      <useDefaultTextSize>False</useDefaultTextSize>
      <selectedIndex>-1</selectedIndex>
    </control>
    <control controlID="0A3255F1-954B-44F9-AC4E-CC148369CDC2" controlTypeID="Shape" x="0" y="117" w="188" h="40" zOrder="13">
      <color>4288256409</color>
      <font family="%E5%BE%AE%E8%BD%AF%E9%9B%85%E9%BB%91" displayName="%E5%BE%AE%E8%BD%AF%E9%9B%85%E9%BB%91" postScript="" weightStyle="Regular" weight="400" isBold="False" isItalic="False"/>
      <text>%E4%BA%A4%E6%98%93%E5%BD%95%E5%85%A5</text>
      <textColor>4294967295</textColor>
      <textSize>18</textSize>
      <lineSpacing>24</lineSpacing>
      <useDefaultTextSize>False</useDefaultTextSize>
      <selectedIndex>-1</selectedIndex>
    </control>
    <control controlID="D3CB9973-A21B-486A-8677-240BB336CC2D" controlTypeID="Shape" x="0" y="156" w="188" h="40" zOrder="14">
      <color>4288256409</color>
      <font family="%E5%BE%AE%E8%BD%AF%E9%9B%85%E9%BB%91" displayName="%E5%BE%AE%E8%BD%AF%E9%9B%85%E9%BB%91" postScript="" weightStyle="Regular" weight="400" isBold="False" isItalic="False"/>
      <text>%E4%BA%BA%E5%91%98%E5%88%97%E8%A1%A8</text>
      <textColor>4294967295</textColor>
      <textSize>18</textSize>
      <lineSpacing>24</lineSpacing>
      <useDefaultTextSize>False</useDefaultTextSize>
      <selectedIndex>-1</selectedIndex>
    </control>
    <control controlID="9805D56F-9E84-470F-9713-E88A6ADF9D2F" controlTypeID="Shape" x="0" y="374" w="188" h="40" zOrder="15">
      <color>4288256409</color>
      <font family="%E5%BE%AE%E8%BD%AF%E9%9B%85%E9%BB%91" displayName="%E5%BE%AE%E8%BD%AF%E9%9B%85%E9%BB%91" postScript="" weightStyle="Regular" weight="400" isBold="False" isItalic="False"/>
      <text>%E4%BA%A4%E6%98%93%E5%BD%95%E5%85%A5</text>
      <textColor>4294967295</textColor>
      <textSize>18</textSize>
      <lineSpacing>24</lineSpacing>
      <useDefaultTextSize>False</useDefaultTextSize>
      <selectedIndex>-1</selectedIndex>
    </control>
    <control controlID="68FE1314-AD82-4AD0-A320-29CF1B5277EB" controlTypeID="Shape" x="0" y="413" w="188" h="40" zOrder="16">
      <color>4288256409</color>
      <font family="%E5%BE%AE%E8%BD%AF%E9%9B%85%E9%BB%91" displayName="%E5%BE%AE%E8%BD%AF%E9%9B%85%E9%BB%91" postScript="" weightStyle="Regular" weight="400" isBold="False" isItalic="False"/>
      <text>%E4%BA%BA%E5%91%98%E5%88%97%E8%A1%A8</text>
      <textColor>4294967295</textColor>
      <textSize>18</textSize>
      <lineSpacing>24</lineSpacing>
      <useDefaultTextSize>False</useDefaultTextSize>
      <selectedIndex>-1</selectedIndex>
    </control>
  </controls>
  <param>
    <backgroundColor>4294967295</backgroundColor>
    <fontSize>12</fontSize>
    <fontFamily>%E5%BE%AE%E8%BD%AF%E9%9B%85%E9%BB%91</fontFamily>
    <guideLines/>
  </param>
</mockup>