﻿<project version="2.8" name="全名当铺" ID="AA9ECF51-9EB0-485A-A949-94A2C205D154">
  <params>
    <pageParam version="4.8" minAllowVersion="4.8"/>
    <projectParam version="2.8" minAllowVersion="2.8" platform="MtDesktop" pageSize="(800,600)" backgroundColor="4294967295" fontSize="0" fontFamily="" projectType="ptPersonalProject" isShowTitleIndex="False"/>
    <previewParam version="1.0"/>
    <colorParam version="1.0"/>
  </params>
  <pages>
    <page name="首页" ID="3DA89501-2912-4F01-BD31-6C136B68EF26" expanded="True" code="2zjrgmCjLb" thumbCode="2zjrgmCjLb" status="psWhite" isfolder="False" isshownode="True">
      <images>
        <image key="467605F5F90D9FF65132C1A6EF883F26.svg"/>
      </images>
      <page name="项目详情" ID="4246E384-736C-427F-A998-939C712DCFCD" expanded="True" code="nhblo6aU1y" thumbCode="nhblo6aU1y" status="psWhite" isfolder="False" isshownode="True">
        <images>
          <image key="474A61FDC203C97B2EEFAF494C017CCB.svg"/>
          <image key="467605F5F90D9FF65132C1A6EF883F26.svg"/>
        </images>
      </page>
      <page name="登录页面" ID="B0EF2CE6-0EDB-4121-80FC-2026BEADA8DA" expanded="True" code="19QenMdnc4" thumbCode="19QenMdnc4" status="psWhite" isfolder="False" isshownode="True"/>
      <page name="会员资料" ID="A2834834-2799-4B97-926D-9C330DC0F157" expanded="True" code="xgjmoYVEqj" thumbCode="xgjmoYVEqj" status="psWhite" isfolder="False" isshownode="True">
        <images>
          <image key="467605F5F90D9FF65132C1A6EF883F26.svg"/>
        </images>
      </page>
      <page name="个人资料" ID="719414EA-50C4-43F1-B5EE-27180DF77EDD" expanded="True" code="VtAOVUsHah" thumbCode="VtAOVUsHah" status="psWhite" isfolder="False" isshownode="True">
        <images>
          <image key="467605F5F90D9FF65132C1A6EF883F26.svg"/>
        </images>
      </page>
      <page name="密码修改" ID="8F6BB274-AE98-419C-B0B2-E2E98B143C46" expanded="True" code="MeUifCsKwa" thumbCode="MeUifCsKwa" status="psWhite" isfolder="False" isshownode="True">
        <images>
          <image key="467605F5F90D9FF65132C1A6EF883F26.svg"/>
        </images>
      </page>
      <page name="人员管理" ID="4F95D9FF-76A6-4369-B0F8-5A88650A34EC" expanded="True" code="IFERvq1sFr" thumbCode="IFERvq1sFr" status="psWhite" isfolder="False" isshownode="True">
        <images>
          <image key="467605F5F90D9FF65132C1A6EF883F26.svg"/>
        </images>
        <page name="人员架构" ID="A17043B4-3D53-40E4-8EFD-5B615C769814" expanded="True" code="l1OlUabnEH" thumbCode="l1OlUabnEH" status="psWhite" isfolder="False" isshownode="True">
          <images>
            <image key="467605F5F90D9FF65132C1A6EF883F26.svg"/>
          </images>
        </page>
        <page name="信息录入" ID="B33FA9D0-58C9-4056-8CA7-90D1FD327B12" expanded="True" code="7IWuuN7rmd" thumbCode="7IWuuN7rmd" status="psWhite" isfolder="False" isshownode="True">
          <images>
            <image key="467605F5F90D9FF65132C1A6EF883F26.svg"/>
          </images>
        </page>
      </page>
      <page name="已投项目" ID="342B47AB-8F0F-465D-B6C1-6F6D1D1C4D67" expanded="True" code="2cdpQS5L8B" thumbCode="2cdpQS5L8B" status="psWhite" isfolder="False" isshownode="True">
        <images>
          <image key="467605F5F90D9FF65132C1A6EF883F26.svg"/>
        </images>
      </page>
    </page>
    <page name="关于我们" ID="B3C77AE0-1F34-4926-8FEB-512DFA278218" expanded="True" code="wzLxzAwuky" thumbCode="wzLxzAwuky" status="psWhite" isfolder="False" isshownode="True">
      <images>
        <image key="467605F5F90D9FF65132C1A6EF883F26.svg"/>
      </images>
    </page>
    <page name="全民当铺" ID="87A4EA95-BB7C-4625-BF19-5905CDEA9677" expanded="True" code="9iFvQ3ntz8" thumbCode="9iFvQ3ntz8" status="psWhite" isfolder="False" isshownode="True">
      <images>
        <image key="94E9452D20864CF3FBC79CD2C4E76723.svg"/>
        <image key="4EA0B1978D92F5CF5D16CEE8674C39D0.png"/>
        <image key="43204CFCA029D0EFACC05A4177288EAF.png"/>
        <image key="93825D35F2E309B037D5F369D90AD014.png"/>
      </images>
      <page name="首页产品详情页" ID="B63CDB00-AD6A-4B5B-9A22-F0DCE37510B6" expanded="True" code="DwWYOgQQNr" thumbCode="DwWYOgQQNr" status="psWhite" isfolder="False" isshownode="True">
        <images>
          <image key="94E9452D20864CF3FBC79CD2C4E76723.svg"/>
          <image key="DA139F0E584512EE783A4911D1FD02D3.svg"/>
          <image key="580C991B7C917DA9D65FD2306B67F38F.svg"/>
          <image key="4EA0B1978D92F5CF5D16CEE8674C39D0.png"/>
          <image key="43204CFCA029D0EFACC05A4177288EAF.png"/>
          <image key="93825D35F2E309B037D5F369D90AD014.png"/>
        </images>
      </page>
      <page name="长安街当铺" ID="439E8FBE-939F-451B-90F7-63C19D72BA3B" expanded="True" code="jTMwhMvSTf" thumbCode="jTMwhMvSTf" status="psWhite" isfolder="False" isshownode="True">
        <images>
          <image key="94E9452D20864CF3FBC79CD2C4E76723.svg"/>
          <image key="4EA0B1978D92F5CF5D16CEE8674C39D0.png"/>
          <image key="43204CFCA029D0EFACC05A4177288EAF.png"/>
          <image key="93825D35F2E309B037D5F369D90AD014.png"/>
        </images>
        <page name="产品详情页" ID="5A3AE20A-9C77-42E0-99FC-B26F53EACB15" expanded="False" code="UReKsLIoV4" thumbCode="UReKsLIoV4" status="psWhite" isfolder="False" isshownode="True">
          <images>
            <image key="94E9452D20864CF3FBC79CD2C4E76723.svg"/>
            <image key="DA139F0E584512EE783A4911D1FD02D3.svg"/>
            <image key="580C991B7C917DA9D65FD2306B67F38F.svg"/>
            <image key="4EA0B1978D92F5CF5D16CEE8674C39D0.png"/>
            <image key="43204CFCA029D0EFACC05A4177288EAF.png"/>
            <image key="93825D35F2E309B037D5F369D90AD014.png"/>
          </images>
        </page>
      </page>
      <page name="长安街当铺1" ID="0B3B060F-0245-41DC-8F92-0DD8D2797C17" expanded="True" code="1i7dW5K7tN" thumbCode="1i7dW5K7tN" status="psWhite" isfolder="False" isshownode="True">
        <images>
          <image key="94E9452D20864CF3FBC79CD2C4E76723.svg"/>
          <image key="4EA0B1978D92F5CF5D16CEE8674C39D0.png"/>
          <image key="43204CFCA029D0EFACC05A4177288EAF.png"/>
          <image key="93825D35F2E309B037D5F369D90AD014.png"/>
        </images>
        <page name="产品详情页" ID="3FEBC661-FCBB-42D0-9718-DA5E73C20171" expanded="False" code="SXOHQcR7Fs" thumbCode="SXOHQcR7Fs" status="psWhite" isfolder="False" isshownode="True">
          <images>
            <image key="94E9452D20864CF3FBC79CD2C4E76723.svg"/>
            <image key="DA139F0E584512EE783A4911D1FD02D3.svg"/>
            <image key="580C991B7C917DA9D65FD2306B67F38F.svg"/>
            <image key="4EA0B1978D92F5CF5D16CEE8674C39D0.png"/>
            <image key="43204CFCA029D0EFACC05A4177288EAF.png"/>
            <image key="93825D35F2E309B037D5F369D90AD014.png"/>
          </images>
        </page>
      </page>
      <page name="长安街当铺2" ID="FE21D75E-E310-445A-802F-5A8282DFC5A5" expanded="True" code="ysJcvOR6b6" thumbCode="ysJcvOR6b6" status="psWhite" isfolder="False" isshownode="True">
        <images>
          <image key="94E9452D20864CF3FBC79CD2C4E76723.svg"/>
          <image key="4EA0B1978D92F5CF5D16CEE8674C39D0.png"/>
          <image key="43204CFCA029D0EFACC05A4177288EAF.png"/>
          <image key="93825D35F2E309B037D5F369D90AD014.png"/>
        </images>
        <page name="产品详情页" ID="65D5F107-0D50-4E1A-9426-DF555871DA62" expanded="False" code="E8OUUEq517" thumbCode="E8OUUEq517" status="psWhite" isfolder="False" isshownode="True">
          <images>
            <image key="94E9452D20864CF3FBC79CD2C4E76723.svg"/>
            <image key="DA139F0E584512EE783A4911D1FD02D3.svg"/>
            <image key="580C991B7C917DA9D65FD2306B67F38F.svg"/>
            <image key="4EA0B1978D92F5CF5D16CEE8674C39D0.png"/>
            <image key="43204CFCA029D0EFACC05A4177288EAF.png"/>
            <image key="93825D35F2E309B037D5F369D90AD014.png"/>
          </images>
        </page>
      </page>
      <page name="长安街当铺3" ID="801EB4AD-1CE1-4FD2-9CDA-6AEF295061BE" expanded="True" code="e9u932v76F" thumbCode="e9u932v76F" status="psWhite" isfolder="False" isshownode="True">
        <images>
          <image key="94E9452D20864CF3FBC79CD2C4E76723.svg"/>
          <image key="4EA0B1978D92F5CF5D16CEE8674C39D0.png"/>
          <image key="43204CFCA029D0EFACC05A4177288EAF.png"/>
          <image key="93825D35F2E309B037D5F369D90AD014.png"/>
        </images>
        <page name="产品详情页" ID="43800E5C-87E2-466F-9E5E-89E6455E36B2" expanded="False" code="dydjGb2kwa" thumbCode="dydjGb2kwa" status="psWhite" isfolder="False" isshownode="True">
          <images>
            <image key="94E9452D20864CF3FBC79CD2C4E76723.svg"/>
            <image key="DA139F0E584512EE783A4911D1FD02D3.svg"/>
            <image key="580C991B7C917DA9D65FD2306B67F38F.svg"/>
            <image key="4EA0B1978D92F5CF5D16CEE8674C39D0.png"/>
            <image key="43204CFCA029D0EFACC05A4177288EAF.png"/>
            <image key="93825D35F2E309B037D5F369D90AD014.png"/>
          </images>
        </page>
      </page>
      <page name="长安街当铺4" ID="C04E1612-E4B7-4196-8389-639FF08E7F37" expanded="True" code="y9kMhfjYxC" thumbCode="y9kMhfjYxC" status="psWhite" isfolder="False" isshownode="True">
        <images>
          <image key="94E9452D20864CF3FBC79CD2C4E76723.svg"/>
          <image key="4EA0B1978D92F5CF5D16CEE8674C39D0.png"/>
          <image key="43204CFCA029D0EFACC05A4177288EAF.png"/>
          <image key="93825D35F2E309B037D5F369D90AD014.png"/>
        </images>
        <page name="产品详情页" ID="C484C27B-2E31-4934-9FF2-7D81C4D8E683" expanded="False" code="jYDnFs6sAC" thumbCode="jYDnFs6sAC" status="psWhite" isfolder="False" isshownode="True">
          <images>
            <image key="94E9452D20864CF3FBC79CD2C4E76723.svg"/>
            <image key="DA139F0E584512EE783A4911D1FD02D3.svg"/>
            <image key="580C991B7C917DA9D65FD2306B67F38F.svg"/>
            <image key="4EA0B1978D92F5CF5D16CEE8674C39D0.png"/>
            <image key="43204CFCA029D0EFACC05A4177288EAF.png"/>
            <image key="93825D35F2E309B037D5F369D90AD014.png"/>
          </images>
        </page>
      </page>
      <page name="长安街当铺5" ID="2BFAB563-B967-42E3-A02E-FEA2917A0067" expanded="True" code="YHmZ41rdHV" thumbCode="YHmZ41rdHV" status="psWhite" isfolder="False" isshownode="True">
        <images>
          <image key="94E9452D20864CF3FBC79CD2C4E76723.svg"/>
          <image key="4EA0B1978D92F5CF5D16CEE8674C39D0.png"/>
          <image key="43204CFCA029D0EFACC05A4177288EAF.png"/>
          <image key="93825D35F2E309B037D5F369D90AD014.png"/>
        </images>
        <page name="产品详情页" ID="2CBB599C-C0BB-48D6-9BF2-CB10764C35D0" expanded="False" code="pGuduGyvw2" thumbCode="pGuduGyvw2" status="psWhite" isfolder="False" isshownode="True">
          <images>
            <image key="94E9452D20864CF3FBC79CD2C4E76723.svg"/>
            <image key="DA139F0E584512EE783A4911D1FD02D3.svg"/>
            <image key="580C991B7C917DA9D65FD2306B67F38F.svg"/>
            <image key="4EA0B1978D92F5CF5D16CEE8674C39D0.png"/>
            <image key="43204CFCA029D0EFACC05A4177288EAF.png"/>
            <image key="93825D35F2E309B037D5F369D90AD014.png"/>
          </images>
        </page>
      </page>
      <page name="热门" ID="5F1A0E7C-3B97-436E-8FE8-A8417EF29A72" expanded="True" code="so31haiLg3" thumbCode="so31haiLg3" status="psWhite" isfolder="False" isshownode="True">
        <images>
          <image key="94E9452D20864CF3FBC79CD2C4E76723.svg"/>
          <image key="4EA0B1978D92F5CF5D16CEE8674C39D0.png"/>
          <image key="43204CFCA029D0EFACC05A4177288EAF.png"/>
          <image key="93825D35F2E309B037D5F369D90AD014.png"/>
        </images>
      </page>
      <page name="积分" ID="84C1AA0E-4E45-47B3-BAB0-0D5DD23F0883" expanded="True" code="AIvqknnOdl" thumbCode="AIvqknnOdl" status="psWhite" isfolder="False" isshownode="True">
        <images>
          <image key="94E9452D20864CF3FBC79CD2C4E76723.svg"/>
          <image key="4EA0B1978D92F5CF5D16CEE8674C39D0.png"/>
          <image key="43204CFCA029D0EFACC05A4177288EAF.png"/>
          <image key="93825D35F2E309B037D5F369D90AD014.png"/>
        </images>
      </page>
      <page name="后台登录页面" ID="2E3B5A08-97A0-4258-8A88-4AB1DAE24113" expanded="False" code="vUOY7z1ITJ" thumbCode="vUOY7z1ITJ" status="psWhite" isfolder="False" isshownode="True"/>
      <page name="众筹管理" ID="5B99CCBE-8DF7-4DB6-B027-14519F07B585" expanded="True" status="psWhite" isfolder="True" isshownode="True">
        <page name="项目设置" ID="B96D9899-008E-4E7B-A8E1-A6615B231DCC" expanded="True" code="y5VRMpqeog" thumbCode="y5VRMpqeog" status="psWhite" isfolder="False" isshownode="True">
          <images>
            <image key="16675FDEA909283089EA4079706A7D5E.png"/>
            <image key="A74ACDBBC3EE487C9CDF84F8F9700C7C.svg"/>
          </images>
        </page>
        <page name="项目状态" ID="232E94DD-DEDE-4C45-A93E-D3C2265CCFD1" expanded="True" code="uzcZsYoLFu" thumbCode="uzcZsYoLFu" status="psWhite" isfolder="False" isshownode="True"/>
        <page name="交易录入" ID="45CAE0F1-4A3A-43E8-9785-821F670251C4" expanded="True" code="zuGKDQyMG3" thumbCode="zuGKDQyMG3" status="psWhite" isfolder="False" isshownode="True">
          <images>
            <image key="474A61FDC203C97B2EEFAF494C017CCB.svg"/>
            <image key="EE7359E0CDCE9EB32A54E4CFD04736E2.svg"/>
          </images>
        </page>
        <page name="人员列表" ID="21A37CD7-44BE-4A81-B82E-1A48B3BA6BFB" expanded="False" code="kLCSnBkPPA" thumbCode="kLCSnBkPPA" status="psWhite" isfolder="False" isshownode="True"/>
      </page>
      <page name="商城管理" ID="96690621-D1EF-466C-B1A5-4584091D44B7" expanded="True" status="psWhite" isfolder="True" isshownode="True">
        <page name="商品设置" ID="9EBD0327-0484-4C25-9FD4-C3BFF5F1BD5C" expanded="True" code="OpLAY9i5gl" thumbCode="OpLAY9i5gl" status="psWhite" isfolder="False" isshownode="True">
          <images>
            <image key="16675FDEA909283089EA4079706A7D5E.png"/>
            <image key="A74ACDBBC3EE487C9CDF84F8F9700C7C.svg"/>
          </images>
        </page>
        <page name="商品列表" ID="ACF2AFCC-01DC-4708-8206-9A48DC2AE89B" expanded="True" code="lAXaG6kVLf" thumbCode="lAXaG6kVLf" status="psWhite" isfolder="False" isshownode="True">
          <images>
            <image key="DB7FC814F441C17601BBA7EA29C0CC4C.svg"/>
          </images>
        </page>
        <page name="交易录入" ID="D2C8702C-E13A-4921-BB7D-B36576669B2A" expanded="True" code="c2cfMLsh6H" thumbCode="c2cfMLsh6H" status="psWhite" isfolder="False" isshownode="True">
          <images>
            <image key="EE7359E0CDCE9EB32A54E4CFD04736E2.svg"/>
          </images>
        </page>
        <page name="人员列表" ID="E07BABD8-EBA7-4F0B-B67F-77CEEB490293" expanded="True" code="mN3nKudQaD" thumbCode="mN3nKudQaD" status="psWhite" isfolder="False" isshownode="True"/>
        <page name="商品回收站" ID="DE12E78C-3122-44B9-B60D-BF1120BC9434" expanded="True" code="5kwStYLQpQ" thumbCode="5kwStYLQpQ" isLastOpen="True" status="psWhite" isfolder="False" isshownode="True">
          <images>
            <image key="DB7FC814F441C17601BBA7EA29C0CC4C.svg"/>
          </images>
        </page>
      </page>
    </page>
  </pages>
  <trash>
    <page name="产品详情" ID="C41F9B4C-0345-4BAD-B982-D06C8D64D75D" expanded="True" code="kS5LbAHjjw" thumbCode="QVbQxnOgDy" isLastOpen="True" status="psWhite" isfolder="False" isshownode="True">
      <images>
        <image key="94E9452D20864CF3FBC79CD2C4E76723.svg"/>
      </images>
    </page>
    <page name="长安街当铺2" ID="3BFFB2E1-151F-4FFE-95D3-E6BD67A8E065" expanded="True" code="sLj3t241zt" thumbCode="5eZjKnlYDf" isLastOpen="True" status="psWhite" isfolder="False" isshownode="True">
      <images>
        <image key="94E9452D20864CF3FBC79CD2C4E76723.svg"/>
      </images>
    </page>
    <page name="长安街当铺3" ID="72CC5105-F138-419C-9645-646557E92C58" expanded="True" code="yf8pMfmjf6" thumbCode="mHSDeoQUdI" isLastOpen="True" status="psWhite" isfolder="False" isshownode="True">
      <images>
        <image key="94E9452D20864CF3FBC79CD2C4E76723.svg"/>
      </images>
    </page>
    <page name="长安街当铺4" ID="CAA6299E-CD03-4124-A8DC-15D967A8BAD5" expanded="True" code="jpGGfiylST" thumbCode="UmKV82vlKC" isLastOpen="True" status="psWhite" isfolder="False" isshownode="True">
      <images>
        <image key="94E9452D20864CF3FBC79CD2C4E76723.svg"/>
      </images>
    </page>
    <page name="长安街当铺5" ID="1197A491-9B8A-4184-B523-D2ED9C440162" expanded="True" code="HvL79CsjxB" thumbCode="ong6WI1tQL" isLastOpen="True" status="psWhite" isfolder="False" isshownode="True">
      <images>
        <image key="94E9452D20864CF3FBC79CD2C4E76723.svg"/>
      </images>
    </page>
    <page name="长安街当铺6" ID="D655A5A8-94FF-4BDA-A816-BF80130148C6" expanded="True" code="ofiunZJYqZ" thumbCode="E63F879M8i" isLastOpen="True" status="psWhite" isfolder="False" isshownode="True">
      <images>
        <image key="94E9452D20864CF3FBC79CD2C4E76723.svg"/>
      </images>
    </page>
    <page name="页面1" ID="F749E7DE-E658-4B30-A552-F02B6E4238C0" expanded="False" code="o9FiLoJcSt" thumbCode="FWUsp5jcix" isLastOpen="True" status="psWhite" isfolder="False" isshownode="True"/>
    <page name="信息设置" ID="CA7C7862-B41F-4DC5-9E17-D57FB4392AD2" expanded="False" code="BxLJp8jwmP" thumbCode="ODvnOdnKCv" isLastOpen="True" status="psWhite" isfolder="False" isshownode="True"/>
  </trash>
  <deletes/>
  <masters>
    <master name="母版1" ID="5E23118D-D1EB-4D7D-9011-EFAC212F5852" code="i579v6uv5j" status="psWhite" createDate="2017-09-11 14:31:31">
      <refPages/>
    </master>
    <master name="母版2" ID="114A9CE0-90CE-4720-937C-9AABE8131D61" code="b34xQ583fB" status="psWhite" createDate="2017-09-11 14:57:13">
      <refPages>
        <page ID="8F6BB274-AE98-419C-B0B2-E2E98B143C46" refCount="1"/>
        <page ID="3DA89501-2912-4F01-BD31-6C136B68EF26" refCount="1"/>
        <page ID="A2834834-2799-4B97-926D-9C330DC0F157" refCount="1"/>
        <page ID="719414EA-50C4-43F1-B5EE-27180DF77EDD" refCount="1"/>
        <page ID="B33FA9D0-58C9-4056-8CA7-90D1FD327B12" refCount="1"/>
        <page ID="A17043B4-3D53-40E4-8EFD-5B615C769814" refCount="1"/>
        <page ID="B3C77AE0-1F34-4926-8FEB-512DFA278218" refCount="1"/>
        <page ID="342B47AB-8F0F-465D-B6C1-6F6D1D1C4D67" refCount="1"/>
        <page ID="4F95D9FF-76A6-4369-B0F8-5A88650A34EC" refCount="1"/>
        <page ID="4246E384-736C-427F-A998-939C712DCFCD" refCount="1"/>
      </refPages>
    </master>
    <master name="母版" ID="C093F9E6-8DD1-4C7B-8980-C4E087FE62F9" code="lhaRdhT9TV" status="psWhite" createDate="2017-09-13 15:02:57">
      <refPages>
        <page ID="3DA89501-2912-4F01-BD31-6C136B68EF26" refCount="1"/>
        <page ID="4246E384-736C-427F-A998-939C712DCFCD" refCount="1"/>
      </refPages>
      <images>
        <image key="467605F5F90D9FF65132C1A6EF883F26.svg"/>
      </images>
    </master>
    <master name="母版3" ID="9EA1AA4E-37D2-48E2-87F2-B81C0EE8518A" code="qaqMIb73Hn" status="psWhite" createDate="2017-09-13 16:16:57">
      <refPages/>
    </master>
    <master name="母版4" ID="F40BD275-907F-4885-A87A-15EB8DE2D51D" code="hJlPzVbl5c" status="psWhite" createDate="2017-09-13 16:18:03">
      <refPages>
        <page ID="72CC5105-F138-419C-9645-646557E92C58" refCount="1"/>
        <page ID="CAA6299E-CD03-4124-A8DC-15D967A8BAD5" refCount="1"/>
        <page ID="1197A491-9B8A-4184-B523-D2ED9C440162" refCount="1"/>
        <page ID="C41F9B4C-0345-4BAD-B982-D06C8D64D75D" refCount="1"/>
        <page ID="3BFFB2E1-151F-4FFE-95D3-E6BD67A8E065" refCount="1"/>
        <page ID="D655A5A8-94FF-4BDA-A816-BF80130148C6" refCount="1"/>
      </refPages>
    </master>
    <master name="母版5" ID="159C7035-DDA8-48F1-AA2D-227245CE386F" code="XBazR39alm" status="psWhite" createDate="2017-09-13 16:19:31">
      <refPages/>
    </master>
    <master name="母版6" ID="8684CB1E-D6BF-4730-9F20-ED6DFE64752E" code="H25GeZW7LZ" status="psWhite" createDate="2017-09-13 16:24:44">
      <refPages>
        <page ID="72CC5105-F138-419C-9645-646557E92C58" refCount="1"/>
        <page ID="1197A491-9B8A-4184-B523-D2ED9C440162" refCount="1"/>
        <page ID="CAA6299E-CD03-4124-A8DC-15D967A8BAD5" refCount="1"/>
        <page ID="C41F9B4C-0345-4BAD-B982-D06C8D64D75D" refCount="1"/>
        <page ID="3BFFB2E1-151F-4FFE-95D3-E6BD67A8E065" refCount="1"/>
        <page ID="D655A5A8-94FF-4BDA-A816-BF80130148C6" refCount="1"/>
      </refPages>
      <images>
        <image key="94E9452D20864CF3FBC79CD2C4E76723.svg"/>
      </images>
    </master>
    <master name="母版7" ID="419175C4-37D4-4EED-A961-036FA80C180B" code="t6ztFT1rbY" status="psWhite" createDate="2017-10-11 15:06:48">
      <refPages>
        <page ID="0B3B060F-0245-41DC-8F92-0DD8D2797C17" refCount="1"/>
        <page ID="43800E5C-87E2-466F-9E5E-89E6455E36B2" refCount="1"/>
        <page ID="439E8FBE-939F-451B-90F7-63C19D72BA3B" refCount="1"/>
        <page ID="B63CDB00-AD6A-4B5B-9A22-F0DCE37510B6" refCount="1"/>
        <page ID="2BFAB563-B967-42E3-A02E-FEA2917A0067" refCount="1"/>
        <page ID="2CBB599C-C0BB-48D6-9BF2-CB10764C35D0" refCount="1"/>
        <page ID="C04E1612-E4B7-4196-8389-639FF08E7F37" refCount="1"/>
        <page ID="C484C27B-2E31-4934-9FF2-7D81C4D8E683" refCount="1"/>
        <page ID="84C1AA0E-4E45-47B3-BAB0-0D5DD23F0883" refCount="1"/>
        <page ID="5A3AE20A-9C77-42E0-99FC-B26F53EACB15" refCount="1"/>
        <page ID="5F1A0E7C-3B97-436E-8FE8-A8417EF29A72" refCount="1"/>
        <page ID="3FEBC661-FCBB-42D0-9718-DA5E73C20171" refCount="1"/>
        <page ID="65D5F107-0D50-4E1A-9426-DF555871DA62" refCount="1"/>
        <page ID="FE21D75E-E310-445A-802F-5A8282DFC5A5" refCount="1"/>
        <page ID="801EB4AD-1CE1-4FD2-9CDA-6AEF295061BE" refCount="1"/>
      </refPages>
      <images>
        <image key="94E9452D20864CF3FBC79CD2C4E76723.svg"/>
        <image key="4EA0B1978D92F5CF5D16CEE8674C39D0.png"/>
        <image key="43204CFCA029D0EFACC05A4177288EAF.png"/>
        <image key="93825D35F2E309B037D5F369D90AD014.png"/>
      </images>
    </master>
    <master name="母版8" ID="B394A98E-A1C2-4244-A43F-8FF1781D3D8D" code="ZCqLmMcTLk" status="psWhite" createDate="2017-10-11 15:18:51">
      <refPages>
        <page ID="439E8FBE-939F-451B-90F7-63C19D72BA3B" refCount="1"/>
      </refPages>
    </master>
    <master name="母版9" ID="7A4FFAD8-41BC-4917-BF0F-C063553DC1B3" code="doYtKlRPEB" status="psWhite" createDate="2017-10-11 15:20:31">
      <refPages>
        <page ID="5F1A0E7C-3B97-436E-8FE8-A8417EF29A72" refCount="1"/>
        <page ID="84C1AA0E-4E45-47B3-BAB0-0D5DD23F0883" refCount="1"/>
      </refPages>
    </master>
    <master name="母版10" ID="8E90D492-7903-4700-ACBC-1234180E34F3" code="O7p2Bsji5C" status="psWhite" createDate="2017-10-11 18:54:17">
      <refPages>
        <page ID="439E8FBE-939F-451B-90F7-63C19D72BA3B" refCount="1"/>
        <page ID="E07BABD8-EBA7-4F0B-B67F-77CEEB490293" refCount="1"/>
        <page ID="21A37CD7-44BE-4A81-B82E-1A48B3BA6BFB" refCount="1"/>
        <page ID="DE12E78C-3122-44B9-B60D-BF1120BC9434" refCount="1"/>
        <page ID="ACF2AFCC-01DC-4708-8206-9A48DC2AE89B" refCount="1"/>
      </refPages>
    </master>
  </masters>
  <images>
    <image key="93825D35F2E309B037D5F369D90AD014.png"/>
    <image key="16675FDEA909283089EA4079706A7D5E.png"/>
    <image key="4EA0B1978D92F5CF5D16CEE8674C39D0.png"/>
    <image key="43204CFCA029D0EFACC05A4177288EAF.png"/>
    <image key="DB7FC814F441C17601BBA7EA29C0CC4C.svg"/>
    <image key="474A61FDC203C97B2EEFAF494C017CCB.svg"/>
    <image key="94E9452D20864CF3FBC79CD2C4E76723.svg"/>
    <image key="467605F5F90D9FF65132C1A6EF883F26.svg"/>
    <image key="DA139F0E584512EE783A4911D1FD02D3.svg"/>
    <image key="580C991B7C917DA9D65FD2306B67F38F.svg"/>
    <image key="EE7359E0CDCE9EB32A54E4CFD04736E2.svg"/>
    <image key="A74ACDBBC3EE487C9CDF84F8F9700C7C.svg"/>
  </images>
</project>