﻿<master version="4.8" minAllowVersion="4.8" ID="419175C4-37D4-4EED-A961-036FA80C180B">
  <controls>
    <control controlID="8F6A1CCC-48CA-4692-B6B7-CA9E8DABCC0C" controlTypeID="Master" x="0" y="2033" w="800" h="468" zOrder="37" masterID="419175C4-37D4-4EED-A961-036FA80C180B">
      <groupChildrenDescriptors>
        <control controlID="41D0775E-ACCA-4158-A9B0-609A80E2753E" controlTypeID="__group__" x="0" y="0" w="792" h="170" zOrder="0">
          <groupChildrenDescriptors>
            <control controlID="F329095C-6058-4831-87FD-E4E1D0F4D1CB" controlTypeID="Line" x="0" y="168" w="792" h="2" zOrder="0">
              <font family="%E5%BE%AE%E8%BD%AF%E9%9B%85%E9%BB%91" displayName="%E5%BE%AE%E8%BD%AF%E9%9B%85%E9%BB%91" postScript="" weightStyle="Regular" weight="400" isBold="False" isItalic="False"/>
              <lineSpacing>16</lineSpacing>
              <selectedIndex>-1</selectedIndex>
              <controlPoint>(396,1)</controlPoint>
              <startPoint>(0,1)</startPoint>
              <endPoint>(792,1)</endPoint>
            </control>
            <control controlID="7DDD7910-5735-4295-BCA8-C71C2929C773" controlTypeID="Label" x="348" y="0" w="87" h="27" zOrder="1">
              <remarkText>%E9%A2%9C%E8%89%B2%EF%BC%9A333333%0D%0A%E5%AD%97%E4%BD%93%EF%BC%9A20</remarkText>
              <font family="%E5%BE%AE%E8%BD%AF%E9%9B%85%E9%BB%91" displayName="%E5%BE%AE%E8%BD%AF%E9%9B%85%E9%BB%91+Bold" postScript="" weightStyle="Bold" weight="700" isBold="True" isItalic="False"/>
              <text>%E5%85%A8%E6%B0%91%E5%BD%93%E9%93%BA</text>
              <textColor>4281545523</textColor>
              <textSize>20</textSize>
              <lineSpacing>26</lineSpacing>
              <textStyles>[fsBold]</textStyles>
              <useDefaultTextSize>False</useDefaultTextSize>
              <selectedIndex>-1</selectedIndex>
            </control>
            <control controlID="9B8D12E9-9EBF-43F6-965E-A4B6E0658593" controlTypeID="Line" x="29" y="12" w="310" h="2" zOrder="2">
              <font family="%E5%BE%AE%E8%BD%AF%E9%9B%85%E9%BB%91" displayName="%E5%BE%AE%E8%BD%AF%E9%9B%85%E9%BB%91" postScript="" weightStyle="Regular" weight="400" isBold="False" isItalic="False"/>
              <lineSpacing>16</lineSpacing>
              <selectedIndex>-1</selectedIndex>
              <controlPoint>(156,1)</controlPoint>
              <startPoint>(1,1)</startPoint>
              <endPoint>(310,1)</endPoint>
            </control>
            <control controlID="D8C7C619-131D-4199-8BAE-ECC5047428DA" controlTypeID="Line" x="432" y="12" w="314" h="2" zOrder="3">
              <font family="%E5%BE%AE%E8%BD%AF%E9%9B%85%E9%BB%91" displayName="%E5%BE%AE%E8%BD%AF%E9%9B%85%E9%BB%91" postScript="" weightStyle="Regular" weight="400" isBold="False" isItalic="False"/>
              <lineSpacing>16</lineSpacing>
              <selectedIndex>-1</selectedIndex>
              <controlPoint>(158,1)</controlPoint>
              <startPoint>(1,1)</startPoint>
              <endPoint>(314,1)</endPoint>
            </control>
            <control controlID="0D179076-A22F-400E-8C54-FA5206D6A5EA" controlTypeID="Circle" x="28" y="77" w="50" h="50" zOrder="4">
              <color>4294901811</color>
              <borderVisible>False</borderVisible>
              <remarkText>%E5%B0%BA%E5%AF%B8%EF%BC%9A50%0D%0A%E5%AD%97%E4%BD%93%EF%BC%9A20</remarkText>
              <font family="%E5%BE%AE%E8%BD%AF%E9%9B%85%E9%BB%91" displayName="%E5%BE%AE%E8%BD%AF%E9%9B%85%E9%BB%91" postScript="" weightStyle="Regular" weight="400" isBold="False" isItalic="False"/>
              <text>%E4%BC%98</text>
              <textColor>4294967295</textColor>
              <textSize>20</textSize>
              <lineSpacing>26</lineSpacing>
              <useDefaultTextSize>False</useDefaultTextSize>
              <selectedIndex>-1</selectedIndex>
              <shapeBorderType>SbEllipse</shapeBorderType>
            </control>
            <control controlID="B391E10F-AC84-4070-9CE1-DB78EDB3DD3F" controlTypeID="Circle" x="301" y="77" w="50" h="50" zOrder="5">
              <color>4294901811</color>
              <borderVisible>False</borderVisible>
              <font family="%E5%BE%AE%E8%BD%AF%E9%9B%85%E9%BB%91" displayName="%E5%BE%AE%E8%BD%AF%E9%9B%85%E9%BB%91" postScript="" weightStyle="Regular" weight="400" isBold="False" isItalic="False"/>
              <text>%E4%BF%9D</text>
              <textColor>4294967295</textColor>
              <textSize>20</textSize>
              <lineSpacing>26</lineSpacing>
              <useDefaultTextSize>False</useDefaultTextSize>
              <selectedIndex>-1</selectedIndex>
              <shapeBorderType>SbEllipse</shapeBorderType>
            </control>
            <control controlID="497A6B41-CFFE-4083-933B-7B09F740CC93" controlTypeID="Circle" x="575" y="77" w="50" h="50" zOrder="6">
              <color>4294901811</color>
              <borderVisible>False</borderVisible>
              <font family="%E5%BE%AE%E8%BD%AF%E9%9B%85%E9%BB%91" displayName="%E5%BE%AE%E8%BD%AF%E9%9B%85%E9%BB%91" postScript="" weightStyle="Regular" weight="400" isBold="False" isItalic="False"/>
              <text>%E8%AF%9A</text>
              <textColor>4294967295</textColor>
              <textSize>20</textSize>
              <lineSpacing>26</lineSpacing>
              <useDefaultTextSize>False</useDefaultTextSize>
              <selectedIndex>-1</selectedIndex>
              <shapeBorderType>SbEllipse</shapeBorderType>
            </control>
            <control controlID="356079BD-F3CD-493F-8F27-6F87A5291D51" controlTypeID="Label" x="91" y="81" w="61" h="19" zOrder="7">
              <remarkText>%E9%A2%9C%E8%89%B2%EF%BC%9A333333%0D%0A%E5%AD%97%E4%BD%9314</remarkText>
              <font family="%E5%BE%AE%E8%BD%AF%E9%9B%85%E9%BB%91" displayName="%E5%BE%AE%E8%BD%AF%E9%9B%85%E9%BB%91+Bold" postScript="" weightStyle="Bold" weight="700" isBold="True" isItalic="False"/>
              <text>%E5%93%81%E8%B4%A8%E4%BF%9D%E8%AF%81</text>
              <textColor>4281545523</textColor>
              <lineSpacing>18</lineSpacing>
              <textStyles>[fsBold]</textStyles>
              <useDefaultTextSize>False</useDefaultTextSize>
              <selectedIndex>-1</selectedIndex>
            </control>
            <control controlID="09D89D03-86A8-474E-9EAB-CD0B15CC19B7" controlTypeID="Label" x="361" y="81" w="61" h="19" zOrder="8">
              <font family="%E5%BE%AE%E8%BD%AF%E9%9B%85%E9%BB%91" displayName="%E5%BE%AE%E8%BD%AF%E9%9B%85%E9%BB%91+Bold" postScript="" weightStyle="Bold" weight="700" isBold="True" isItalic="False"/>
              <text>%E4%BA%A4%E6%98%93%E4%BF%9D%E8%AF%81</text>
              <textColor>4281545523</textColor>
              <lineSpacing>18</lineSpacing>
              <textStyles>[fsBold]</textStyles>
              <useDefaultTextSize>False</useDefaultTextSize>
              <selectedIndex>-1</selectedIndex>
            </control>
            <control controlID="E57AF896-7887-454F-8C86-E509C2303BBF" controlTypeID="Label" x="633" y="82" w="61" h="19" zOrder="9">
              <font family="%E5%BE%AE%E8%BD%AF%E9%9B%85%E9%BB%91" displayName="%E5%BE%AE%E8%BD%AF%E9%9B%85%E9%BB%91+Bold" postScript="" weightStyle="Bold" weight="700" isBold="True" isItalic="False"/>
              <text>%E8%AF%9A%E4%BF%A1%E4%BF%9D%E8%AF%81</text>
              <textColor>4281545523</textColor>
              <lineSpacing>18</lineSpacing>
              <textStyles>[fsBold]</textStyles>
              <useDefaultTextSize>False</useDefaultTextSize>
              <selectedIndex>-1</selectedIndex>
            </control>
            <control controlID="FA3997DF-81DF-4BD8-B55E-BDB1B8C2EA2A" controlTypeID="Label" x="91" y="105" w="121" h="19" zOrder="10">
              <remarkText>%E9%A2%9C%E8%89%B2%EF%BC%9A999999%0D%0A%E5%AD%97%E4%BD%93%EF%BC%9A14</remarkText>
              <font family="%E5%BE%AE%E8%BD%AF%E9%9B%85%E9%BB%91" displayName="%E5%BE%AE%E8%BD%AF%E9%9B%85%E9%BB%91" postScript="" weightStyle="Regular" weight="400" isBold="False" isItalic="False"/>
              <text>%E5%93%81%E8%B4%A8%E6%8A%A4%E8%88%AA+%E8%B4%AD%E7%89%A9%E6%97%A0%E5%BF%A7</text>
              <textColor>4288256409</textColor>
              <lineSpacing>18</lineSpacing>
              <useDefaultTextSize>False</useDefaultTextSize>
              <selectedIndex>-1</selectedIndex>
            </control>
            <control controlID="0243E22B-F53C-49A5-9C14-8BF3C3F65878" controlTypeID="Label" x="361" y="102" w="149" h="19" zOrder="11">
              <font family="%E5%BE%AE%E8%BD%AF%E9%9B%85%E9%BB%91" displayName="%E5%BE%AE%E8%BD%AF%E9%9B%85%E9%BB%91" postScript="" weightStyle="Regular" weight="400" isBold="False" isItalic="False"/>
              <text>%E7%BA%BF%E4%B8%8B%E4%BA%A4%E6%98%93+%E6%9C%80%E5%AE%89%E5%85%A8%E7%9A%84%E4%BF%9D%E9%9A%9C</text>
              <textColor>4288256409</textColor>
              <lineSpacing>18</lineSpacing>
              <useDefaultTextSize>False</useDefaultTextSize>
              <selectedIndex>-1</selectedIndex>
            </control>
            <control controlID="8B34D8D3-B549-483B-AC2A-E349E6E0362F" controlTypeID="Label" x="633" y="103" w="121" h="19" zOrder="12">
              <font family="%E5%BE%AE%E8%BD%AF%E9%9B%85%E9%BB%91" displayName="%E5%BE%AE%E8%BD%AF%E9%9B%85%E9%BB%91" postScript="" weightStyle="Regular" weight="400" isBold="False" isItalic="False"/>
              <text>%E8%AF%9A%E4%BF%A1%E5%95%86%E9%93%BA+%E8%AF%9A%E6%84%8F%E5%BE%85%E4%BA%BA</text>
              <textColor>4288256409</textColor>
              <lineSpacing>18</lineSpacing>
              <useDefaultTextSize>False</useDefaultTextSize>
              <selectedIndex>-1</selectedIndex>
            </control>
            <control controlID="C76F2CE0-9319-4DE1-906C-6308C3F36FBB" controlTypeID="Line" x="252" y="90" w="2" h="24" zOrder="13">
              <font family="%E5%BE%AE%E8%BD%AF%E9%9B%85%E9%BB%91" displayName="%E5%BE%AE%E8%BD%AF%E9%9B%85%E9%BB%91" postScript="" weightStyle="Regular" weight="400" isBold="False" isItalic="False"/>
              <lineSpacing>16</lineSpacing>
              <selectedIndex>-1</selectedIndex>
              <controlPoint>(1,12)</controlPoint>
              <startPoint>(1,0)</startPoint>
              <endPoint>(1,24)</endPoint>
            </control>
            <control controlID="2D010469-DD6F-4AF7-94A8-326219D70628" controlTypeID="Line" x="531" y="90" w="2" h="24" zOrder="14">
              <font family="%E5%BE%AE%E8%BD%AF%E9%9B%85%E9%BB%91" displayName="%E5%BE%AE%E8%BD%AF%E9%9B%85%E9%BB%91" postScript="" weightStyle="Regular" weight="400" isBold="False" isItalic="False"/>
              <lineSpacing>16</lineSpacing>
              <selectedIndex>-1</selectedIndex>
              <controlPoint>(1,12)</controlPoint>
              <startPoint>(1,0)</startPoint>
              <endPoint>(1,24)</endPoint>
            </control>
          </groupChildrenDescriptors>
        </control>
        <control controlID="BAAE47FB-D94D-4A1D-9F9A-43BB8783F6DF" controlTypeID="__group__" x="0" y="188" w="800" h="280" zOrder="1">
          <groupChildrenDescriptors>
            <control controlID="8DC4E9EA-D1C3-4C16-9E22-D709AB38F383" controlTypeID="Shape" x="0" y="0" w="800" h="239" zOrder="0">
              <color>4294111986</color>
              <borderVisible>False</borderVisible>
              <remarkText>%E9%A2%9C%E8%89%B2%EF%BC%9AF2F2F2</remarkText>
              <font family="%E5%BE%AE%E8%BD%AF%E9%9B%85%E9%BB%91" displayName="%E5%BE%AE%E8%BD%AF%E9%9B%85%E9%BB%91" postScript="" weightStyle="Regular" weight="400" isBold="False" isItalic="False"/>
              <lineSpacing>16</lineSpacing>
              <selectedIndex>-1</selectedIndex>
            </control>
            <control controlID="267C0EA3-890C-4B36-9513-A697391D0399" controlTypeID="Shape" x="0" y="239" w="800" h="41" zOrder="1">
              <color>4281742902</color>
              <font family="%E5%BE%AE%E8%BD%AF%E9%9B%85%E9%BB%91" displayName="%E5%BE%AE%E8%BD%AF%E9%9B%85%E9%BB%91" postScript="" weightStyle="Regular" weight="400" isBold="False" isItalic="False"/>
              <text>%E5%A4%87%E6%A1%88%E5%8F%B7%EF%BC%9A009001010101</text>
              <lineSpacing>16</lineSpacing>
              <selectedIndex>-1</selectedIndex>
            </control>
            <control controlID="9BD6843C-827E-418B-A273-1C041FA0401F" controlTypeID="Label" x="513" y="98" w="102" h="22" zOrder="2">
              <font family="%E5%BE%AE%E8%BD%AF%E9%9B%85%E9%BB%91" displayName="%E5%BE%AE%E8%BD%AF%E9%9B%85%E9%BB%91" postScript="" weightStyle="Regular" weight="400" isBold="False" isItalic="False"/>
              <text>%E6%9C%8D%E5%8A%A1%E5%92%A8%E8%AF%A2%E7%83%AD%E7%BA%BF</text>
              <textSize>16</textSize>
              <lineSpacing>21</lineSpacing>
              <useDefaultTextSize>False</useDefaultTextSize>
              <selectedIndex>-1</selectedIndex>
            </control>
            <control controlID="4EF0F08E-2EE5-46B5-8BD9-F10D06CBE6E0" controlTypeID="Icon" x="467" y="97" w="29" h="29" zOrder="3">
              <icon>
                <ID/>
                <iconFontName>jdIonicons</iconFontName>
                <iconCode>62162</iconCode>
              </icon>
              <URL>94E9452D20864CF3FBC79CD2C4E76723.svg</URL>
            </control>
            <control controlID="1C37F834-092C-4248-B2F6-5E25B6129AC0" controlTypeID="Label" x="513" y="135" w="144" h="32" zOrder="4">
              <font family="%E5%BE%AE%E8%BD%AF%E9%9B%85%E9%BB%91" displayName="%E5%BE%AE%E8%BD%AF%E9%9B%85%E9%BB%91" postScript="" weightStyle="Regular" weight="400" isBold="False" isItalic="False"/>
              <text>028-998765</text>
              <textSize>24</textSize>
              <lineSpacing>32</lineSpacing>
              <useDefaultTextSize>False</useDefaultTextSize>
              <selectedIndex>-1</selectedIndex>
            </control>
            <control controlID="8E0C105A-528B-4B0D-9191-4CC96785289F" controlTypeID="QRCode" x="699" y="90" w="51" h="51" zOrder="5"/>
            <control controlID="C709FF03-5D51-471B-B987-1A727775CE43" controlTypeID="Label" x="712" y="151" w="28" h="16" zOrder="6">
              <font family="%E5%BE%AE%E8%BD%AF%E9%9B%85%E9%BB%91" displayName="%E5%BE%AE%E8%BD%AF%E9%9B%85%E9%BB%91" postScript="" weightStyle="Regular" weight="400" isBold="False" isItalic="False"/>
              <text>%E5%BE%AE%E4%BF%A1</text>
              <textSize>12</textSize>
              <lineSpacing>16</lineSpacing>
              <selectedIndex>-1</selectedIndex>
            </control>
            <control controlID="8F1DFF7D-BC71-486C-958D-6D4BD04CA588" controlTypeID="Label" x="33" y="97" w="114" h="24" zOrder="7">
              <font family="%E5%BE%AE%E8%BD%AF%E9%9B%85%E9%BB%91" displayName="%E5%BE%AE%E8%BD%AF%E9%9B%85%E9%BB%91" postScript="" weightStyle="Regular" weight="400" isBold="False" isItalic="False"/>
              <text>%E5%85%A8%E5%90%8D%E5%BD%93%E9%93%BA%E5%95%86%E5%9F%8E</text>
              <textSize>18</textSize>
              <lineSpacing>24</lineSpacing>
              <useDefaultTextSize>False</useDefaultTextSize>
              <selectedIndex>-1</selectedIndex>
            </control>
            <control controlID="113B020B-B072-43E8-8A1B-646099008FF0" controlTypeID="Label" x="156" y="126" w="46" h="19" zOrder="8">
              <font family="%E5%BE%AE%E8%BD%AF%E9%9B%85%E9%BB%91" displayName="%E5%BE%AE%E8%BD%AF%E9%9B%85%E9%BB%91" postScript="" weightStyle="Regular" weight="400" isBold="False" isItalic="False"/>
              <text>%E4%BC%97%E7%AD%B9%E7%BD%91</text>
              <lineSpacing>18</lineSpacing>
              <useDefaultTextSize>False</useDefaultTextSize>
              <selectedIndex>-1</selectedIndex>
            </control>
            <control controlID="5764B96E-9664-48D8-BBCC-7C3CB239F349" controlTypeID="Label" x="243" y="126" w="61" h="19" zOrder="9">
              <font family="%E5%BE%AE%E8%BD%AF%E9%9B%85%E9%BB%91" displayName="%E5%BE%AE%E8%BD%AF%E9%9B%85%E9%BB%91" postScript="" weightStyle="Regular" weight="400" isBold="False" isItalic="False"/>
              <text>%E5%85%B3%E4%BA%8E%E6%88%91%E4%BB%AC</text>
              <lineSpacing>18</lineSpacing>
              <useDefaultTextSize>False</useDefaultTextSize>
              <selectedIndex>-1</selectedIndex>
            </control>
            <control controlID="D557BE1B-C67F-4D40-9F64-B6216ECE730D" controlTypeID="Image" x="287" y="194" w="104" h="35" zOrder="10">
              <URL>4EA0B1978D92F5CF5D16CEE8674C39D0.png</URL>
            </control>
            <control controlID="A2AD83B7-F954-4F6B-B98E-A7CB65EF3DFC" controlTypeID="Image" x="401" y="194" w="102" h="35" zOrder="11">
              <URL>43204CFCA029D0EFACC05A4177288EAF.png</URL>
            </control>
            <control controlID="15AA6424-BA73-464C-A3DE-36E4FDCFBAF7" controlTypeID="Image" x="519" y="194" w="106" h="35" zOrder="12">
              <URL>93825D35F2E309B037D5F369D90AD014.png</URL>
            </control>
          </groupChildrenDescriptors>
        </control>
      </groupChildrenDescriptors>
    </control>
  </controls>
</master>