<master version="4.9" minAllowVersion="4.9" ID="7A4FFAD8-41BC-4917-BF0F-C063553DC1B3">
  <controls>
    <control controlID="21DD4B8A-1302-471D-AF73-9B2D6D51583C" controlTypeID="Master" x="0" y="130" w="800" h="38" zOrder="79" masterID="7A4FFAD8-41BC-4917-BF0F-C063553DC1B3">
      <groupChildrenDescriptors>
        <control controlID="D0B7DDD3-2FAF-41F6-BB9B-E45D00A765D8" controlTypeID="__group__" x="0" y="0" w="800" h="38" zOrder="0">
          <groupChildrenDescriptors>
            <control controlID="B8332337-535B-4F4E-B734-63B5532B35BA" controlTypeID="Shape" x="54" y="0" w="114" h="32" zOrder="0">
              <color>4294901811</color>
              <borderVisible>False</borderVisible>
              <font family="%E5%BE%AE%E8%BD%AF%E9%9B%85%E9%BB%91" displayName="%E5%BE%AE%E8%BD%AF%E9%9B%85%E9%BB%91+Bold" postScript="" weightStyle="Bold" weight="700" isBold="True" isItalic="False"/>
              <text>%E5%85%A8%E6%B0%91%E5%BD%93%E9%93%BA</text>
              <textColor>4294967295</textColor>
              <textSize>16</textSize>
              <lineSpacing>21</lineSpacing>
              <textStyles>[fsBold]</textStyles>
              <useDefaultTextSize>False</useDefaultTextSize>
              <selectedIndex>-1</selectedIndex>
            </control>
            <control controlID="04B6D100-AC7A-4D8D-ABC0-1867CF3F2CDD" controlTypeID="Label" x="243" y="5" w="38" h="22" zOrder="1">
              <font family="%E5%BE%AE%E8%BD%AF%E9%9B%85%E9%BB%91" displayName="%E5%BE%AE%E8%BD%AF%E9%9B%85%E9%BB%91+Bold" postScript="" weightStyle="Bold" weight="700" isBold="True" isItalic="False"/>
              <text>%E9%A6%96%E9%A1%B5</text>
              <textColor>4281545523</textColor>
              <textSize>16</textSize>
              <lineSpacing>21</lineSpacing>
              <textStyles>[fsBold]</textStyles>
              <useDefaultTextSize>False</useDefaultTextSize>
              <selectedIndex>-1</selectedIndex>
            </control>
            <control controlID="61D8A436-2712-4FE2-8329-1811193E0798" controlTypeID="Label" x="318" y="5" w="38" h="22" zOrder="2">
              <font family="%E5%BE%AE%E8%BD%AF%E9%9B%85%E9%BB%91" displayName="%E5%BE%AE%E8%BD%AF%E9%9B%85%E9%BB%91+Bold" postScript="" weightStyle="Bold" weight="700" isBold="True" isItalic="False"/>
              <text>%E7%83%AD%E9%97%A8</text>
              <textColor>4281545523</textColor>
              <textSize>16</textSize>
              <lineSpacing>21</lineSpacing>
              <textStyles>[fsBold]</textStyles>
              <useDefaultTextSize>False</useDefaultTextSize>
              <selectedIndex>-1</selectedIndex>
            </control>
            <control controlID="9F0DFABD-FBB3-4A85-A78C-FD79B1942BF0" controlTypeID="Label" x="391" y="5" w="38" h="22" zOrder="3">
              <font family="%E5%BE%AE%E8%BD%AF%E9%9B%85%E9%BB%91" displayName="%E5%BE%AE%E8%BD%AF%E9%9B%85%E9%BB%91+Bold" postScript="" weightStyle="Bold" weight="700" isBold="True" isItalic="False"/>
              <text>%E7%A7%AF%E5%88%86</text>
              <textColor>4281545523</textColor>
              <textSize>16</textSize>
              <lineSpacing>21</lineSpacing>
              <textStyles>[fsBold]</textStyles>
              <useDefaultTextSize>False</useDefaultTextSize>
              <selectedIndex>-1</selectedIndex>
            </control>
            <control controlID="A2ACFB8F-C1A0-43E0-9F3C-7FC4E4BAD362" controlTypeID="HRule" x="0" y="26" w="800" h="12" zOrder="4">
              <color>4294901811</color>
              <remarkText>%E9%A2%9C%E8%89%B2%EF%BC%9AFF0033</remarkText>
            </control>
          </groupChildrenDescriptors>
        </control>
      </groupChildrenDescriptors>
    </control>
  </controls>
</master>