<master version="4.9" minAllowVersion="4.9" ID="B394A98E-A1C2-4244-A43F-8FF1781D3D8D">
  <controls>
    <control controlID="D3EAA217-D388-41F9-9C4A-A0AB2D57AC1C" controlTypeID="Master" x="0" y="130" w="800" h="38" zOrder="56" masterID="B394A98E-A1C2-4244-A43F-8FF1781D3D8D">
      <groupChildrenDescriptors>
        <control controlID="65814424-7E12-4D0B-82E6-3C19059A5D9F" controlTypeID="__group__" x="0" y="0" w="800" h="38" zOrder="0">
          <groupChildrenDescriptors>
            <control controlID="CFB96473-941D-4779-A43E-2708D71ACA41" controlTypeID="HRule" x="0" y="26" w="800" h="12" zOrder="0">
              <color>4294901811</color>
            </control>
            <control controlID="8C67C559-AD7E-4D02-914E-EFF7D17BD224" controlTypeID="Shape" x="29" y="0" w="114" h="32" zOrder="1">
              <color>4294901811</color>
              <borderVisible>False</borderVisible>
              <remarkText>%E8%A7%A6%E7%A2%B0%E4%B8%8B%E6%8B%89%E8%8F%9C%E5%8D%95%E6%98%BE%E7%A4%BA%E6%AF%8F%E4%B8%AA%E5%BA%97%E9%93%BA%E5%90%8D%0D%0A</remarkText>
              <font family="%E5%BE%AE%E8%BD%AF%E9%9B%85%E9%BB%91" displayName="%E5%BE%AE%E8%BD%AF%E9%9B%85%E9%BB%91" postScript="" weightStyle="Regular" weight="400" isBold="False" isItalic="False"/>
              <text>%E9%95%BF%E5%AE%89%E8%A1%97%E5%BD%93%E9%93%BA</text>
              <textColor>4294967295</textColor>
              <textSize>14</textSize>
              <lineSpacing>18</lineSpacing>
              <useDefaultTextSize>False</useDefaultTextSize>
              <selectedIndex>-1</selectedIndex>
            </control>
            <control controlID="9FD3D8C2-FBE1-4D5A-A3C1-6D33F6C46F93" controlTypeID="Label" x="220" y="5" w="38" h="22" zOrder="2">
              <font family="%E5%BE%AE%E8%BD%AF%E9%9B%85%E9%BB%91" displayName="%E5%BE%AE%E8%BD%AF%E9%9B%85%E9%BB%91+Bold" postScript="" weightStyle="Bold" weight="700" isBold="True" isItalic="False"/>
              <text>%E9%A6%96%E9%A1%B5</text>
              <textColor>4281545523</textColor>
              <textSize>16</textSize>
              <lineSpacing>21</lineSpacing>
              <textStyles>[fsBold]</textStyles>
              <useDefaultTextSize>False</useDefaultTextSize>
              <selectedIndex>-1</selectedIndex>
            </control>
            <control controlID="E7F1E4DF-661F-4DB0-AB4C-2E13BC860C47" controlTypeID="Label" x="295" y="5" w="38" h="22" zOrder="3">
              <font family="%E5%BE%AE%E8%BD%AF%E9%9B%85%E9%BB%91" displayName="%E5%BE%AE%E8%BD%AF%E9%9B%85%E9%BB%91+Bold" postScript="" weightStyle="Bold" weight="700" isBold="True" isItalic="False"/>
              <text>%E7%83%AD%E9%97%A8</text>
              <textColor>4281545523</textColor>
              <textSize>16</textSize>
              <lineSpacing>21</lineSpacing>
              <textStyles>[fsBold]</textStyles>
              <useDefaultTextSize>False</useDefaultTextSize>
              <selectedIndex>-1</selectedIndex>
            </control>
            <control controlID="A3A6C036-F409-47A6-9F51-93DCCC4584CE" controlTypeID="Label" x="368" y="5" w="38" h="22" zOrder="4">
              <font family="%E5%BE%AE%E8%BD%AF%E9%9B%85%E9%BB%91" displayName="%E5%BE%AE%E8%BD%AF%E9%9B%85%E9%BB%91+Bold" postScript="" weightStyle="Bold" weight="700" isBold="True" isItalic="False"/>
              <text>%E7%A7%AF%E5%88%86</text>
              <textColor>4281545523</textColor>
              <textSize>16</textSize>
              <lineSpacing>21</lineSpacing>
              <textStyles>[fsBold]</textStyles>
              <useDefaultTextSize>False</useDefaultTextSize>
              <selectedIndex>-1</selectedIndex>
            </control>
          </groupChildrenDescriptors>
        </control>
      </groupChildrenDescriptors>
    </control>
  </controls>
</master>