<master version="4.9" minAllowVersion="4.9" ID="C093F9E6-8DD1-4C7B-8980-C4E087FE62F9">
  <controls>
    <control controlID="BC1040C7-7839-43F4-8438-627D092810CB" controlTypeID="Master" x="0" y="0" w="802" h="60" zOrder="87" masterID="C093F9E6-8DD1-4C7B-8980-C4E087FE62F9">
      <groupChildrenDescriptors>
        <control controlID="5E48170B-908B-4AF2-B35A-EA618CF29C53" controlTypeID="Shape" x="0" y="0" w="802" h="60" zOrder="0">
          <font family="%E5%BE%AE%E8%BD%AF%E9%9B%85%E9%BB%91" displayName="%E5%BE%AE%E8%BD%AF%E9%9B%85%E9%BB%91" postScript="" weightStyle="Regular" weight="400" isBold="False" isItalic="False"/>
          <textSize>18</textSize>
          <lineSpacing>24</lineSpacing>
          <useDefaultTextSize>False</useDefaultTextSize>
          <selectedIndex>-1</selectedIndex>
        </control>
        <control controlID="6A8EB3FD-D11B-4B41-86CF-96F9D7133566" controlTypeID="Label" x="335" y="26" w="78" h="24" zOrder="1">
          <font family="%E5%BE%AE%E8%BD%AF%E9%9B%85%E9%BB%91" displayName="%E5%BE%AE%E8%BD%AF%E9%9B%85%E9%BB%91" postScript="" weightStyle="Regular" weight="400" isBold="False" isItalic="False"/>
          <text>%E5%85%A8%E5%90%8D%E5%BD%93%E9%93%BA</text>
          <textSize>18</textSize>
          <lineSpacing>24</lineSpacing>
          <useDefaultTextSize>False</useDefaultTextSize>
          <selectedIndex>-1</selectedIndex>
        </control>
        <control controlID="F4893B29-87D6-41E7-82DD-4851899E0A3F" controlTypeID="Label" x="146" y="24" w="69" h="22" zOrder="2">
          <font family="%E5%BE%AE%E8%BD%AF%E9%9B%85%E9%BB%91" displayName="%E5%BE%AE%E8%BD%AF%E9%9B%85%E9%BB%91" postScript="" weightStyle="Regular" weight="400" isBold="False" isItalic="False"/>
          <text>%E5%85%B3%E4%BA%8E%E6%88%91%E4%BB%AC</text>
          <textSize>16</textSize>
          <lineSpacing>21</lineSpacing>
          <useDefaultTextSize>False</useDefaultTextSize>
          <selectedIndex>-1</selectedIndex>
        </control>
        <control controlID="26330643-B275-44E9-9DCE-C967F447335C" controlTypeID="Label" x="20" y="24" w="102" h="22" zOrder="3">
          <font family="%E5%BE%AE%E8%BD%AF%E9%9B%85%E9%BB%91" displayName="%E5%BE%AE%E8%BD%AF%E9%9B%85%E9%BB%91" postScript="" weightStyle="Regular" weight="400" isBold="False" isItalic="False"/>
          <text>%E5%85%A8%E6%B0%91%E5%BD%93%E9%93%BA%E5%95%86%E5%9F%8E</text>
          <textSize>16</textSize>
          <lineSpacing>21</lineSpacing>
          <useDefaultTextSize>False</useDefaultTextSize>
          <selectedIndex>-1</selectedIndex>
        </control>
        <control controlID="7F0F9C4E-BE9C-4C11-8983-766001BC637B" controlTypeID="Search" x="573" y="22" w="90" h="24" zOrder="4">
          <font family="%E5%BE%AE%E8%BD%AF%E9%9B%85%E9%BB%91" displayName="%E5%BE%AE%E8%BD%AF%E9%9B%85%E9%BB%91" postScript="" weightStyle="Regular" weight="400" isBold="False" isItalic="False"/>
          <textVAlign>VaTop</textVAlign>
          <lineSpacing>16</lineSpacing>
          <selectedIndex>-1</selectedIndex>
        </control>
        <control controlID="3D7EAA7A-A75A-47F7-B04B-F75B8E48CD6D" controlTypeID="AvatarEx" x="712" y="9" w="41" h="41" zOrder="5">
          <color>4284900966</color>
          <groupChildrenDescriptors>
            <control controlID="F16BE211-95FF-485A-A238-76F5DC819DEB" controlTypeID="Shape" x="0" y="0" w="41" h="41" zOrder="0">
              <color>4288256409</color>
              <canMove>False</canMove>
              <alias>shape</alias>
              <font family="%E5%BE%AE%E8%BD%AF%E9%9B%85%E9%BB%91" displayName="%E5%BE%AE%E8%BD%AF%E9%9B%85%E9%BB%91" postScript="" weightStyle="Regular" weight="400" isBold="False" isItalic="False"/>
              <lineSpacing>16</lineSpacing>
              <selectedIndex>-1</selectedIndex>
              <thickness>2</thickness>
            </control>
            <control controlID="77BCE19A-EBB1-4BB8-AD6D-3AF8920FFCDE" controlTypeID="Icon" x="5" y="8" w="31" h="31" zOrder="1">
              <color>4294967295</color>
              <canMove>False</canMove>
              <alias>icon</alias>
              <icon>
                <ID/>
                <iconFontName>jdiconfontB</iconFontName>
                <iconCode>59652</iconCode>
              </icon>
              <URL>467605F5F90D9FF65132C1A6EF883F26.svg</URL>
            </control>
          </groupChildrenDescriptors>
        </control>
      </groupChildrenDescriptors>
    </control>
  </controls>
</master>