﻿<master version="4.8" minAllowVersion="4.8" ID="5E23118D-D1EB-4D7D-9011-EFAC212F5852">
  <controls>
    <control controlID="D0ABB7F2-C23B-4505-9B5D-C8DF18A074B7" controlTypeID="Master" x="0" y="0" w="802" h="60" zOrder="0" masterID="5E23118D-D1EB-4D7D-9011-EFAC212F5852">
      <groupChildrenDescriptors>
        <control controlID="38D89C18-30E8-4523-B33C-E0A65422123D" controlTypeID="Shape" x="0" y="0" w="802" h="60" zOrder="0">
          <font family="%E5%BE%AE%E8%BD%AF%E9%9B%85%E9%BB%91" displayName="%E5%BE%AE%E8%BD%AF%E9%9B%85%E9%BB%91" postScript="" weightStyle="Regular" weight="400" isBold="False" isItalic="False"/>
          <textSize>18</textSize>
          <lineSpacing>24</lineSpacing>
          <useDefaultTextSize>False</useDefaultTextSize>
          <selectedIndex>-1</selectedIndex>
        </control>
        <control controlID="D6FBD10C-B2A3-4FCF-89AA-5E39D71C6E97" controlTypeID="Label" x="335" y="26" w="78" h="24" zOrder="1">
          <font family="%E5%BE%AE%E8%BD%AF%E9%9B%85%E9%BB%91" displayName="%E5%BE%AE%E8%BD%AF%E9%9B%85%E9%BB%91" postScript="" weightStyle="Regular" weight="400" isBold="False" isItalic="False"/>
          <text>%E5%85%A8%E5%90%8D%E5%BD%93%E9%93%BA</text>
          <textSize>18</textSize>
          <lineSpacing>24</lineSpacing>
          <useDefaultTextSize>False</useDefaultTextSize>
          <selectedIndex>-1</selectedIndex>
        </control>
        <control controlID="E2AB4790-E5AD-432F-BCC0-C01C736CF603" controlTypeID="Label" x="20" y="23" w="69" h="22" zOrder="2">
          <font family="%E5%BE%AE%E8%BD%AF%E9%9B%85%E9%BB%91" displayName="%E5%BE%AE%E8%BD%AF%E9%9B%85%E9%BB%91" postScript="" weightStyle="Regular" weight="400" isBold="False" isItalic="False"/>
          <text>%E5%85%B3%E4%BA%8E%E6%88%91%E4%BB%AC</text>
          <textSize>16</textSize>
          <lineSpacing>21</lineSpacing>
          <useDefaultTextSize>False</useDefaultTextSize>
          <selectedIndex>-1</selectedIndex>
        </control>
        <control controlID="477562B4-E610-41E8-81C8-28B2A663F003" controlTypeID="Label" x="673" y="30" w="52" h="16" zOrder="3">
          <font family="%E5%BE%AE%E8%BD%AF%E9%9B%85%E9%BB%91" displayName="%E5%BE%AE%E8%BD%AF%E9%9B%85%E9%BB%91" postScript="" weightStyle="Regular" weight="400" isBold="False" isItalic="False"/>
          <text>%E4%BC%9A%E5%91%98%E7%99%BB%E5%BD%95</text>
          <textSize>12</textSize>
          <lineSpacing>16</lineSpacing>
          <selectedIndex>-1</selectedIndex>
        </control>
        <control controlID="A53F1C86-310D-46D8-81AB-133668F82D8C" controlTypeID="Search" x="573" y="22" w="90" h="24" zOrder="4">
          <font family="%E5%BE%AE%E8%BD%AF%E9%9B%85%E9%BB%91" displayName="%E5%BE%AE%E8%BD%AF%E9%9B%85%E9%BB%91" postScript="" weightStyle="Regular" weight="400" isBold="False" isItalic="False"/>
          <textVAlign>VaTop</textVAlign>
          <lineSpacing>16</lineSpacing>
          <selectedIndex>-1</selectedIndex>
        </control>
      </groupChildrenDescriptors>
    </control>
  </controls>
</master>