<mockup version="4.9" minAllowVersion="4.9" ID="21A37CD7-44BE-4A81-B82E-1A48B3BA6BFB" platform="MtDesktop" defaultW="800" defaultH="600" measureW="800" measureH="600" mobileScreenScale="0">
  <controls controlCount="25">
    <control controlID="2ADE4419-501A-4275-AB01-A25412601AC1" controlTypeID="Shape" x="0" y="0" w="188" h="600" zOrder="0">
      <color>436247039</color>
      <borderColor>436247039</borderColor>
      <font family="%E5%BE%AE%E8%BD%AF%E9%9B%85%E9%BB%91" displayName="%E5%BE%AE%E8%BD%AF%E9%9B%85%E9%BB%91" postScript="" weightStyle="Regular" weight="400" isBold="False" isItalic="False"/>
      <lineSpacing>16</lineSpacing>
      <selectedIndex>-1</selectedIndex>
    </control>
    <control controlID="99EB0609-EE06-4786-BA49-9D692DEA7D26" controlTypeID="Shape" x="0" y="0" w="188" h="40" zOrder="1">
      <color>4278229503</color>
      <font family="%E5%BE%AE%E8%BD%AF%E9%9B%85%E9%BB%91" displayName="%E5%BE%AE%E8%BD%AF%E9%9B%85%E9%BB%91" postScript="" weightStyle="Regular" weight="400" isBold="False" isItalic="False"/>
      <text>%E4%BC%97%E7%AD%B9%E7%AE%A1%E7%90%86</text>
      <textColor>4294967295</textColor>
      <textSize>18</textSize>
      <lineSpacing>24</lineSpacing>
      <useDefaultTextSize>False</useDefaultTextSize>
      <selectedIndex>-1</selectedIndex>
    </control>
    <control controlID="8D881F76-E577-46DD-B5E7-38DD3500D107" controlTypeID="Shape" x="0" y="39" w="188" h="40" zOrder="2">
      <color>4288256409</color>
      <font family="%E5%BE%AE%E8%BD%AF%E9%9B%85%E9%BB%91" displayName="%E5%BE%AE%E8%BD%AF%E9%9B%85%E9%BB%91" postScript="" weightStyle="Regular" weight="400" isBold="False" isItalic="False"/>
      <text>%E9%A1%B9%E7%9B%AE%E8%AE%BE%E7%BD%AE</text>
      <textColor>4294967295</textColor>
      <textSize>18</textSize>
      <lineSpacing>24</lineSpacing>
      <useDefaultTextSize>False</useDefaultTextSize>
      <selectedIndex>-1</selectedIndex>
    </control>
    <control controlID="705225A2-E03A-4DC7-ACF8-2255454EE82D" controlTypeID="Shape" x="0" y="78" w="188" h="40" zOrder="3">
      <color>4288256409</color>
      <font family="%E5%BE%AE%E8%BD%AF%E9%9B%85%E9%BB%91" displayName="%E5%BE%AE%E8%BD%AF%E9%9B%85%E9%BB%91" postScript="" weightStyle="Regular" weight="400" isBold="False" isItalic="False"/>
      <text>%E9%A1%B9%E7%9B%AE%E7%8A%B6%E6%80%81</text>
      <textColor>4294967295</textColor>
      <textSize>18</textSize>
      <lineSpacing>24</lineSpacing>
      <useDefaultTextSize>False</useDefaultTextSize>
      <selectedIndex>-1</selectedIndex>
    </control>
    <control controlID="5522F976-01F6-4FD5-80ED-9CC6EB6C8012" controlTypeID="Shape" x="0" y="117" w="188" h="40" zOrder="4">
      <color>4288256409</color>
      <font family="%E5%BE%AE%E8%BD%AF%E9%9B%85%E9%BB%91" displayName="%E5%BE%AE%E8%BD%AF%E9%9B%85%E9%BB%91" postScript="" weightStyle="Regular" weight="400" isBold="False" isItalic="False"/>
      <text>%E4%BA%A4%E6%98%93%E5%BD%95%E5%85%A5</text>
      <textColor>4294967295</textColor>
      <textSize>18</textSize>
      <lineSpacing>24</lineSpacing>
      <useDefaultTextSize>False</useDefaultTextSize>
      <selectedIndex>-1</selectedIndex>
    </control>
    <control controlID="E8B92B0B-B35D-4847-857A-81136ECE2612" controlTypeID="Shape" x="0" y="156" w="188" h="40" zOrder="5">
      <color>4288256409</color>
      <font family="%E5%BE%AE%E8%BD%AF%E9%9B%85%E9%BB%91" displayName="%E5%BE%AE%E8%BD%AF%E9%9B%85%E9%BB%91" postScript="" weightStyle="Regular" weight="400" isBold="False" isItalic="False"/>
      <text>%E4%BA%BA%E5%91%98%E5%88%97%E8%A1%A8</text>
      <textColor>4294967295</textColor>
      <textSize>18</textSize>
      <lineSpacing>24</lineSpacing>
      <useDefaultTextSize>False</useDefaultTextSize>
      <selectedIndex>-1</selectedIndex>
    </control>
    <control controlID="0303D72E-D79F-4B8C-8E9B-64B58C8ABCFC" controlTypeID="Shape" x="0" y="195" w="188" h="40" zOrder="6">
      <color>4278229503</color>
      <font family="%E5%BE%AE%E8%BD%AF%E9%9B%85%E9%BB%91" displayName="%E5%BE%AE%E8%BD%AF%E9%9B%85%E9%BB%91" postScript="" weightStyle="Regular" weight="400" isBold="False" isItalic="False"/>
      <text>%E5%95%86%E5%9F%8E%E7%AE%A1%E7%90%86+</text>
      <textColor>4294967295</textColor>
      <textSize>18</textSize>
      <lineSpacing>24</lineSpacing>
      <useDefaultTextSize>False</useDefaultTextSize>
      <selectedIndex>-1</selectedIndex>
    </control>
    <control controlID="B3E489D6-F93E-4D24-A968-988A0208EA38" controlTypeID="Shape" x="0" y="232" w="188" h="40" zOrder="7">
      <color>4288256409</color>
      <font family="%E5%BE%AE%E8%BD%AF%E9%9B%85%E9%BB%91" displayName="%E5%BE%AE%E8%BD%AF%E9%9B%85%E9%BB%91" postScript="" weightStyle="Regular" weight="400" isBold="False" isItalic="False"/>
      <text>%E5%95%86%E5%93%81%E8%AE%BE%E7%BD%AE</text>
      <textColor>4294967295</textColor>
      <textSize>18</textSize>
      <lineSpacing>24</lineSpacing>
      <useDefaultTextSize>False</useDefaultTextSize>
      <selectedIndex>-1</selectedIndex>
    </control>
    <control controlID="F200045A-53B3-4400-A852-6145535010A3" controlTypeID="Shape" x="0" y="269" w="188" h="40" zOrder="8">
      <color>4288256409</color>
      <font family="%E5%BE%AE%E8%BD%AF%E9%9B%85%E9%BB%91" displayName="%E5%BE%AE%E8%BD%AF%E9%9B%85%E9%BB%91" postScript="" weightStyle="Regular" weight="400" isBold="False" isItalic="False"/>
      <text>%E5%95%86%E5%93%81%E5%88%97%E8%A1%A8</text>
      <textColor>4294967295</textColor>
      <textSize>18</textSize>
      <lineSpacing>24</lineSpacing>
      <useDefaultTextSize>False</useDefaultTextSize>
      <selectedIndex>-1</selectedIndex>
    </control>
    <control controlID="0704F613-40FC-4BED-A861-C5018759020B" controlTypeID="Label" x="211" y="8" w="78" h="24" zOrder="9">
      <font family="%E5%BE%AE%E8%BD%AF%E9%9B%85%E9%BB%91" displayName="%E5%BE%AE%E8%BD%AF%E9%9B%85%E9%BB%91+Bold" postScript="" weightStyle="Bold" weight="700" isBold="True" isItalic="False"/>
      <text>%E4%BA%BA%E5%91%98%E5%BD%95%E5%85%A5</text>
      <textColor>4288256409</textColor>
      <textSize>18</textSize>
      <lineSpacing>24</lineSpacing>
      <textStyles>[fsBold]</textStyles>
      <useDefaultTextSize>False</useDefaultTextSize>
      <selectedIndex>-1</selectedIndex>
    </control>
    <control controlID="77B96073-0D44-454B-B53C-8191EC08EF6A" controlTypeID="DataGrid" x="217" y="98" w="540" h="399" zOrder="10">
      <font family="%E5%BE%AE%E8%BD%AF%E9%9B%85%E9%BB%91" displayName="%E5%BE%AE%E8%BD%AF%E9%9B%85%E9%BB%91" postScript="" weightStyle="Regular" weight="400" isBold="False" isItalic="False"/>
      <text>ID%2C%E5%A7%93%E5%90%8D+%2C+%E9%A1%B9%E7%9B%AE%E5%90%8D%E7%A7%B0%2C+%E9%87%91%E9%A2%9D%2C+%E7%A7%AF%E5%88%86+%2C%E6%97%B6%E9%97%B4%2C%E5%9C%B0%E7%82%B9%2C%E7%BB%8F%E5%8A%9E%E4%BA%BA+%0D%0A000001%2C+%E5%BC%A0%E4%B8%89%2C+%E9%95%BF%E5%AE%89%E8%A1%97%E5%BD%93%E9%93%BA%2C+50000%2C50000%2C1%2F1%2F2014%2C%E9%95%BF%E5%AE%89%E8%A1%97%2C%E8%80%81%E7%8E%8B+%0D%0A000001%2C+%E5%BC%A0%E4%B8%89%2C+%E9%95%BF%E5%AE%89%E8%A1%97%E5%BD%93%E9%93%BA%2C+50000%2C50000%2C1%2F1%2F2014%2C%E9%95%BF%E5%AE%89%E8%A1%97%2C%E8%80%81%E7%8E%8B+%0D%0A000001%2C+%E5%BC%A0%E4%B8%89%2C+%E9%95%BF%E5%AE%89%E8%A1%97%E5%BD%93%E9%93%BA%2C+50000%2C50000%2C1%2F1%2F2014%2C%E9%95%BF%E5%AE%89%E8%A1%97%2C%E8%80%81%E7%8E%8B+%0D%0A000001%2C+%E5%BC%A0%E4%B8%89%2C+%E9%95%BF%E5%AE%89%E8%A1%97%E5%BD%93%E9%93%BA%2C+50000%2C50000%2C1%2F1%2F2014%2C%E9%95%BF%E5%AE%89%E8%A1%97%2C%E8%80%81%E7%8E%8B+%0D%0A000001%2C+%E5%BC%A0%E4%B8%89%2C+%E9%95%BF%E5%AE%89%E8%A1%97%E5%BD%93%E9%93%BA%2C+50000%2C50000%2C1%2F1%2F2014%2C%E9%95%BF%E5%AE%89%E8%A1%97%2C%E8%80%81%E7%8E%8B%0D%0A%7B4%2C2R%2C4R%2C4C%2C2C%7D</text>
      <lineSpacing>16</lineSpacing>
      <columnRatio>{17.6,8.7,17.6,17.6,8.7,12,8.9,8.9}</columnRatio>
      <itemRect>[{"left":0,"top":0,"right":540,"bottom":22},{"left":0,"top":22,"right":540,"bottom":47},{"left":0,"top":47,"right":540,"bottom":72},{"left":0,"top":72,"right":540,"bottom":97},{"left":0,"top":97,"right":540,"bottom":122},{"left":0,"top":122,"right":540,"bottom":147}]</itemRect>
    </control>
    <control controlID="F053937F-CF4F-46DC-B8A9-B87E24B0C3F1" controlTypeID="Master" x="559" y="529" w="198" h="16" zOrder="11" masterID="8E90D492-7903-4700-ACBC-1234180E34F3">
      <groupChildrenDescriptors>
        <control controlID="8F494DB3-9578-450E-BA01-82B1C5B3AFCF" controlTypeID="__group__" x="0" y="0" w="198" h="16" zOrder="0">
          <groupChildrenDescriptors>
            <control controlID="99DEB337-ED83-40F6-B677-4B8E27DD4529" controlTypeID="Label" x="0" y="0" w="40" h="16" zOrder="0">
              <font family="%E5%BE%AE%E8%BD%AF%E9%9B%85%E9%BB%91" displayName="%E5%BE%AE%E8%BD%AF%E9%9B%85%E9%BB%91" postScript="" weightStyle="Regular" weight="400" isBold="False" isItalic="False"/>
              <text>%E4%B8%8A%E4%B8%80%E9%A1%B5</text>
              <textSize>12</textSize>
              <lineSpacing>16</lineSpacing>
              <selectedIndex>-1</selectedIndex>
            </control>
            <control controlID="E7399013-B87A-4470-AD75-6C8130971460" controlTypeID="Label" x="158" y="0" w="40" h="16" zOrder="1">
              <font family="%E5%BE%AE%E8%BD%AF%E9%9B%85%E9%BB%91" displayName="%E5%BE%AE%E8%BD%AF%E9%9B%85%E9%BB%91" postScript="" weightStyle="Regular" weight="400" isBold="False" isItalic="False"/>
              <text>%E4%B8%8B%E4%B8%80%E9%A1%B5</text>
              <textSize>12</textSize>
              <lineSpacing>16</lineSpacing>
              <selectedIndex>-1</selectedIndex>
            </control>
            <control controlID="45180C37-4065-48B0-8878-C92FB9279CB8" controlTypeID="Label" x="55" y="0" w="11" h="16" zOrder="2">
              <font family="%E5%BE%AE%E8%BD%AF%E9%9B%85%E9%BB%91" displayName="%E5%BE%AE%E8%BD%AF%E9%9B%85%E9%BB%91" postScript="" weightStyle="Regular" weight="400" isBold="False" isItalic="False"/>
              <text>1</text>
              <textSize>12</textSize>
              <lineSpacing>16</lineSpacing>
              <selectedIndex>-1</selectedIndex>
            </control>
            <control controlID="9CD70E03-F042-4A33-BBDC-C2079634C2BC" controlTypeID="Label" x="81" y="0" w="11" h="16" zOrder="3">
              <font family="%E5%BE%AE%E8%BD%AF%E9%9B%85%E9%BB%91" displayName="%E5%BE%AE%E8%BD%AF%E9%9B%85%E9%BB%91" postScript="" weightStyle="Regular" weight="400" isBold="False" isItalic="False"/>
              <text>2</text>
              <textSize>12</textSize>
              <lineSpacing>16</lineSpacing>
              <selectedIndex>-1</selectedIndex>
            </control>
            <control controlID="3D276685-6DBE-4BC1-98A3-1BB168794B60" controlTypeID="Label" x="107" y="0" w="11" h="16" zOrder="4">
              <font family="%E5%BE%AE%E8%BD%AF%E9%9B%85%E9%BB%91" displayName="%E5%BE%AE%E8%BD%AF%E9%9B%85%E9%BB%91" postScript="" weightStyle="Regular" weight="400" isBold="False" isItalic="False"/>
              <text>3</text>
              <textSize>12</textSize>
              <lineSpacing>16</lineSpacing>
              <selectedIndex>-1</selectedIndex>
            </control>
            <control controlID="B593BC6D-2C2B-4C94-8867-066E4A92C842" controlTypeID="Label" x="133" y="0" w="12" h="16" zOrder="5">
              <font family="%E5%BE%AE%E8%BD%AF%E9%9B%85%E9%BB%91" displayName="%E5%BE%AE%E8%BD%AF%E9%9B%85%E9%BB%91" postScript="" weightStyle="Regular" weight="400" isBold="False" isItalic="False"/>
              <text>...</text>
              <textSize>12</textSize>
              <lineSpacing>16</lineSpacing>
              <selectedIndex>-1</selectedIndex>
            </control>
          </groupChildrenDescriptors>
        </control>
      </groupChildrenDescriptors>
    </control>
    <control controlID="2186C62B-4139-4BA7-9226-C9DAE91B9C0A" controlTypeID="Label" x="679" y="76" w="78" h="16" zOrder="12">
      <font family="%E5%BE%AE%E8%BD%AF%E9%9B%85%E9%BB%91" displayName="%E5%BE%AE%E8%BD%AF%E9%9B%85%E9%BB%91" postScript="" weightStyle="Regular" weight="400" isBold="False" isItalic="False"/>
      <text>%E6%AF%8F%E9%A1%B5%E6%98%BE%E7%A4%BA15%E4%B8%AA</text>
      <textSize>12</textSize>
      <lineSpacing>16</lineSpacing>
      <selectedIndex>-1</selectedIndex>
    </control>
    <control controlID="E8880BF7-38FA-4C98-9223-22CBF761C33E" controlTypeID="Shape" x="0" y="308" w="188" h="40" zOrder="13">
      <color>4288256409</color>
      <font family="%E5%BE%AE%E8%BD%AF%E9%9B%85%E9%BB%91" displayName="%E5%BE%AE%E8%BD%AF%E9%9B%85%E9%BB%91" postScript="" weightStyle="Regular" weight="400" isBold="False" isItalic="False"/>
      <text>%E4%BA%A4%E6%98%93%E5%BD%95%E5%85%A5</text>
      <textColor>4294967295</textColor>
      <textSize>18</textSize>
      <lineSpacing>24</lineSpacing>
      <useDefaultTextSize>False</useDefaultTextSize>
      <selectedIndex>-1</selectedIndex>
    </control>
    <control controlID="2862108E-432B-4B70-BD0F-0C7EFE2348E8" controlTypeID="Shape" x="0" y="347" w="188" h="40" zOrder="14">
      <color>4288256409</color>
      <font family="%E5%BE%AE%E8%BD%AF%E9%9B%85%E9%BB%91" displayName="%E5%BE%AE%E8%BD%AF%E9%9B%85%E9%BB%91" postScript="" weightStyle="Regular" weight="400" isBold="False" isItalic="False"/>
      <text>%E4%BA%BA%E5%91%98%E5%88%97%E8%A1%A8</text>
      <textColor>4294967295</textColor>
      <textSize>18</textSize>
      <lineSpacing>24</lineSpacing>
      <useDefaultTextSize>False</useDefaultTextSize>
      <selectedIndex>-1</selectedIndex>
    </control>
    <control controlID="A8F9C799-8D49-4283-940E-707AA9E5910D" controlTypeID="Shape" x="0" y="426" w="188" h="40" zOrder="15">
      <color>4288256409</color>
      <font family="%E5%BE%AE%E8%BD%AF%E9%9B%85%E9%BB%91" displayName="%E5%BE%AE%E8%BD%AF%E9%9B%85%E9%BB%91" postScript="" weightStyle="Regular" weight="400" isBold="False" isItalic="False"/>
      <text>%E4%BA%BA%E5%91%98%E5%BD%95%E5%85%A5</text>
      <textColor>4294967295</textColor>
      <textSize>18</textSize>
      <lineSpacing>24</lineSpacing>
      <useDefaultTextSize>False</useDefaultTextSize>
      <selectedIndex>-1</selectedIndex>
    </control>
    <control controlID="38578767-964B-43B7-982C-0722EB234B5E" controlTypeID="Shape" x="0" y="465" w="188" h="40" zOrder="16">
      <color>4288256409</color>
      <font family="%E5%BE%AE%E8%BD%AF%E9%9B%85%E9%BB%91" displayName="%E5%BE%AE%E8%BD%AF%E9%9B%85%E9%BB%91" postScript="" weightStyle="Regular" weight="400" isBold="False" isItalic="False"/>
      <text>%E4%BA%BA%E5%91%98%E5%88%97%E8%A1%A8</text>
      <textColor>4294967295</textColor>
      <textSize>18</textSize>
      <lineSpacing>24</lineSpacing>
      <useDefaultTextSize>False</useDefaultTextSize>
      <selectedIndex>-1</selectedIndex>
    </control>
    <control controlID="3C6810FC-8E06-4FCC-BF63-DAB02DA8E003" controlTypeID="Shape" x="0" y="387" w="188" h="40" zOrder="17">
      <color>4278229503</color>
      <font family="%E5%BE%AE%E8%BD%AF%E9%9B%85%E9%BB%91" displayName="%E5%BE%AE%E8%BD%AF%E9%9B%85%E9%BB%91" postScript="" weightStyle="Regular" weight="400" isBold="False" isItalic="False"/>
      <text>%E4%B8%89%E7%BA%A7%E5%88%86%E9%94%80%E7%AE%A1%E7%90%86</text>
      <textColor>4294967295</textColor>
      <textSize>18</textSize>
      <lineSpacing>24</lineSpacing>
      <useDefaultTextSize>False</useDefaultTextSize>
      <selectedIndex>-1</selectedIndex>
    </control>
  </controls>
  <param>
    <backgroundColor>4294967295</backgroundColor>
    <fontSize>12</fontSize>
    <fontFamily>%E5%BE%AE%E8%BD%AF%E9%9B%85%E9%BB%91</fontFamily>
    <guideLines/>
  </param>
</mockup>