<mockup version="4.9" minAllowVersion="4.9" ID="2E3B5A08-97A0-4258-8A88-4AB1DAE24113" platform="MtDesktop" defaultW="800" defaultH="600" measureW="800" measureH="600" mobileScreenScale="0">
  <controls controlCount="8">
    <control controlID="75FF993C-2434-42B1-AD5A-9548C3A305F8" controlTypeID="Shape" x="0" y="0" w="800" h="600" zOrder="0">
      <color>4278229503</color>
      <remarkText>%E9%A2%9C%E8%89%B2%EF%BC%9A0099FF</remarkText>
      <font family="%E5%BE%AE%E8%BD%AF%E9%9B%85%E9%BB%91" displayName="%E5%BE%AE%E8%BD%AF%E9%9B%85%E9%BB%91" postScript="" weightStyle="Regular" weight="400" isBold="False" isItalic="False"/>
      <lineSpacing>16</lineSpacing>
      <selectedIndex>-1</selectedIndex>
    </control>
    <control controlID="90AE97BF-59DE-4B95-8E39-5AD3D81C81FE" controlTypeID="Label" x="276" y="485" w="314" h="16" zOrder="1">
      <font family="%E5%BE%AE%E8%BD%AF%E9%9B%85%E9%BB%91" displayName="%E5%BE%AE%E8%BD%AF%E9%9B%85%E9%BB%91" postScript="" weightStyle="Regular" weight="400" isBold="False" isItalic="False"/>
      <text>Copyright+%C2%A9+www.qmdp168.com%2C+All+Rights+Reserved.</text>
      <textColor>4294967295</textColor>
      <textSize>12</textSize>
      <lineSpacing>16</lineSpacing>
      <selectedIndex>-1</selectedIndex>
    </control>
    <control controlID="0A4A6496-D4B9-4D8A-911A-3196953193CC" controlTypeID="Shape" x="278" y="85" w="310" h="370" zOrder="2">
      <borderVisible>False</borderVisible>
      <remarkText>%E5%B0%BA%E5%AF%B8%EF%BC%9A310*370</remarkText>
      <font family="%E5%BE%AE%E8%BD%AF%E9%9B%85%E9%BB%91" displayName="%E5%BE%AE%E8%BD%AF%E9%9B%85%E9%BB%91" postScript="" weightStyle="Regular" weight="400" isBold="False" isItalic="False"/>
      <lineSpacing>16</lineSpacing>
      <selectedIndex>-1</selectedIndex>
      <radius>8</radius>
    </control>
    <control controlID="3A956C8D-EB5B-44F8-9283-B25854A98C13" controlTypeID="Shape" x="358" y="118" w="139" h="57" zOrder="3">
      <font family="%E5%BE%AE%E8%BD%AF%E9%9B%85%E9%BB%91" displayName="%E5%BE%AE%E8%BD%AF%E9%9B%85%E9%BB%91" postScript="" weightStyle="Regular" weight="400" isBold="False" isItalic="False"/>
      <text>LOGO</text>
      <lineSpacing>16</lineSpacing>
      <selectedIndex>-1</selectedIndex>
    </control>
    <control controlID="5B60C7C3-D218-4E4F-B198-F37FEEC09A7C" controlTypeID="Button" x="323" y="375" w="210" h="45" zOrder="4">
      <color>4278229503</color>
      <borderVisible>False</borderVisible>
      <font family="%E5%BE%AE%E8%BD%AF%E9%9B%85%E9%BB%91" displayName="%E5%BE%AE%E8%BD%AF%E9%9B%85%E9%BB%91" postScript="" weightStyle="Regular" weight="400" isBold="False" isItalic="False"/>
      <text>%E7%99%BB%E5%BD%95</text>
      <textColor>4294967295</textColor>
      <textSize>18</textSize>
      <lineSpacing>24</lineSpacing>
      <useDefaultTextSize>False</useDefaultTextSize>
      <selectedIndex>-1</selectedIndex>
      <radius>4</radius>
    </control>
    <control controlID="8F74A30F-415C-4142-864A-001D5AE52A84" controlTypeID="TextInput" x="323" y="238" w="210" h="45" zOrder="5">
      <remarkText>%E5%B0%BA%E5%AF%B8%EF%BC%9A210*45</remarkText>
      <font family="%E5%BE%AE%E8%BD%AF%E9%9B%85%E9%BB%91" displayName="%E5%BE%AE%E8%BD%AF%E9%9B%85%E9%BB%91_%26_Italic" postScript="" weightStyle="Italic" weight="400" isBold="False" isItalic="True"/>
      <text>%E8%AF%B7%E8%BE%93%E5%85%A5%E7%94%A8%E6%88%B7%E5%90%8D%E7%A7%B0</text>
      <textSize>12</textSize>
      <lineSpacing>16</lineSpacing>
      <textStyles>[fsItalic]</textStyles>
      <selectedIndex>-1</selectedIndex>
    </control>
    <control controlID="6ECFD6C1-2055-4D5D-A38D-09E2169CD5E7" controlTypeID="TextInput" x="323" y="308" w="210" h="45" zOrder="6">
      <font family="%E5%BE%AE%E8%BD%AF%E9%9B%85%E9%BB%91" displayName="%E5%BE%AE%E8%BD%AF%E9%9B%85%E9%BB%91_%26_Italic" postScript="" weightStyle="Italic" weight="400" isBold="False" isItalic="True"/>
      <text>%E8%AF%B7%E8%BE%93%E5%85%A5%E7%99%BB%E5%BD%95%E5%AF%86%E7%A0%81</text>
      <textSize>12</textSize>
      <lineSpacing>16</lineSpacing>
      <textStyles>[fsItalic]</textStyles>
      <selectedIndex>-1</selectedIndex>
    </control>
    <control controlID="B5FA1234-7B67-4B75-98AC-264B7DAFAB55" controlTypeID="Label" x="328" y="185" w="200" h="32" zOrder="7">
      <remarkText>%E5%AD%97%E4%BD%93%EF%BC%9A24</remarkText>
      <font family="%E5%BE%AE%E8%BD%AF%E9%9B%85%E9%BB%91" displayName="%E5%BE%AE%E8%BD%AF%E9%9B%85%E9%BB%91+Bold" postScript="" weightStyle="Bold" weight="700" isBold="True" isItalic="False"/>
      <text>%E5%90%8E%E5%8F%B0%E7%AE%A1%E7%90%86%E7%B3%BB%E7%BB%9F%E7%99%BB%E5%BD%95</text>
      <textColor>4278229503</textColor>
      <textSize>24</textSize>
      <lineSpacing>32</lineSpacing>
      <textStyles>[fsBold]</textStyles>
      <useDefaultTextSize>False</useDefaultTextSize>
      <selectedIndex>-1</selectedIndex>
    </control>
  </controls>
  <param>
    <backgroundColor>4294967295</backgroundColor>
    <fontSize>0</fontSize>
    <fontFamily/>
    <guideLines/>
  </param>
</mockup>