<mockup version="4.9" minAllowVersion="4.9" ID="342B47AB-8F0F-465D-B6C1-6F6D1D1C4D67" platform="MtDesktop" defaultW="800" defaultH="600" measureW="800" measureH="1000" mobileScreenScale="0">
  <controls controlCount="53">
    <control controlID="EDF6C22C-E0D6-4731-936C-8F36D3F102FE" controlTypeID="Shape" x="0" y="0" w="802" h="60" zOrder="0">
      <font family="%E5%BE%AE%E8%BD%AF%E9%9B%85%E9%BB%91" displayName="%E5%BE%AE%E8%BD%AF%E9%9B%85%E9%BB%91" postScript="" weightStyle="Regular" weight="400" isBold="False" isItalic="False"/>
      <textSize>18</textSize>
      <lineSpacing>24</lineSpacing>
      <useDefaultTextSize>False</useDefaultTextSize>
      <selectedIndex>-1</selectedIndex>
    </control>
    <control controlID="6F580331-1D31-411C-98A1-AA225C9D1878" controlTypeID="Label" x="335" y="23" w="131" h="24" zOrder="1">
      <font family="%E5%BE%AE%E8%BD%AF%E9%9B%85%E9%BB%91" displayName="%E5%BE%AE%E8%BD%AF%E9%9B%85%E9%BB%91" postScript="" weightStyle="Regular" weight="400" isBold="False" isItalic="False"/>
      <text>%E5%85%A8%E5%90%8D%E5%BD%93%E9%93%BA%E4%BC%97%E7%AD%B9%E7%BD%91</text>
      <textSize>18</textSize>
      <lineSpacing>24</lineSpacing>
      <useDefaultTextSize>False</useDefaultTextSize>
      <selectedIndex>-1</selectedIndex>
    </control>
    <control controlID="683C777A-2829-4F8D-A123-76FE3268F720" controlTypeID="Label" x="20" y="23" w="69" h="22" zOrder="2">
      <font family="%E5%BE%AE%E8%BD%AF%E9%9B%85%E9%BB%91" displayName="%E5%BE%AE%E8%BD%AF%E9%9B%85%E9%BB%91" postScript="" weightStyle="Regular" weight="400" isBold="False" isItalic="False"/>
      <text>%E5%85%B3%E4%BA%8E%E6%88%91%E4%BB%AC</text>
      <textSize>16</textSize>
      <lineSpacing>21</lineSpacing>
      <useDefaultTextSize>False</useDefaultTextSize>
      <selectedIndex>-1</selectedIndex>
    </control>
    <control controlID="F59C6C92-ABB7-4956-B16F-682369776024" controlTypeID="Search" x="604" y="47" w="90" h="24" zOrder="3">
      <font family="%E5%BE%AE%E8%BD%AF%E9%9B%85%E9%BB%91" displayName="%E5%BE%AE%E8%BD%AF%E9%9B%85%E9%BB%91" postScript="" weightStyle="Regular" weight="400" isBold="False" isItalic="False"/>
      <textVAlign>VaTop</textVAlign>
      <lineSpacing>16</lineSpacing>
      <selectedIndex>-1</selectedIndex>
    </control>
    <control controlID="76C4C7C4-21AD-4820-80C6-F2F8749EDC27" controlTypeID="Avatar(Mobile)" x="725" y="12" w="48" h="48" zOrder="4"/>
    <control controlID="F5B5835B-D967-4847-B124-7B172D5C0D28" controlTypeID="Shape" x="210" y="111" w="563" h="422" zOrder="5">
      <color>436247039</color>
      <font family="%E5%BE%AE%E8%BD%AF%E9%9B%85%E9%BB%91" displayName="%E5%BE%AE%E8%BD%AF%E9%9B%85%E9%BB%91" postScript="" weightStyle="Regular" weight="400" isBold="False" isItalic="False"/>
      <lineSpacing>16</lineSpacing>
      <selectedIndex>-1</selectedIndex>
    </control>
    <control controlID="EACB91E5-8D61-445C-8BBA-1916DB8323D8" controlTypeID="Shape" x="225" y="133" w="518" h="145" zOrder="6">
      <font family="%E5%BE%AE%E8%BD%AF%E9%9B%85%E9%BB%91" displayName="%E5%BE%AE%E8%BD%AF%E9%9B%85%E9%BB%91" postScript="" weightStyle="Regular" weight="400" isBold="False" isItalic="False"/>
      <lineSpacing>16</lineSpacing>
      <selectedIndex>-1</selectedIndex>
    </control>
    <control controlID="32FE9FA5-904B-4847-9572-10E712EFC0B6" controlTypeID="Shape" x="225" y="299" w="518" h="145" zOrder="7">
      <font family="%E5%BE%AE%E8%BD%AF%E9%9B%85%E9%BB%91" displayName="%E5%BE%AE%E8%BD%AF%E9%9B%85%E9%BB%91" postScript="" weightStyle="Regular" weight="400" isBold="False" isItalic="False"/>
      <lineSpacing>16</lineSpacing>
      <selectedIndex>-1</selectedIndex>
    </control>
    <control controlID="311E0E87-F0D4-48A1-B30C-E90FE4D31AEE" controlTypeID="Image" x="225" y="133" w="180" h="145" zOrder="8">
      <remarkText>%E5%B0%BA%E5%AF%B8%EF%BC%9A200*200%0D%0A</remarkText>
    </control>
    <control controlID="EA2A355B-69CC-4244-B514-C5914680572F" controlTypeID="Image" x="225" y="299" w="180" h="145" zOrder="9"/>
    <control controlID="0FC41189-B434-49B3-A5B4-EA143DD4D262" controlTypeID="TextInput" x="270" y="125" w="63" h="24" zOrder="10">
      <color>4278229503</color>
      <font family="%E5%BE%AE%E8%BD%AF%E9%9B%85%E9%BB%91" displayName="%E5%BE%AE%E8%BD%AF%E9%9B%85%E9%BB%91" postScript="" weightStyle="Regular" weight="400" isBold="False" isItalic="False"/>
      <text>%E9%A1%B9%E7%9B%AE%E5%90%8D%E7%A7%B0</text>
      <textSize>12</textSize>
      <lineSpacing>16</lineSpacing>
      <selectedIndex>-1</selectedIndex>
    </control>
    <control controlID="39BA0B2C-8C59-4069-BD58-4E061C22D7E2" controlTypeID="TextInput" x="270" y="291" w="63" h="24" zOrder="11">
      <color>4278229503</color>
      <font family="%E5%BE%AE%E8%BD%AF%E9%9B%85%E9%BB%91" displayName="%E5%BE%AE%E8%BD%AF%E9%9B%85%E9%BB%91" postScript="" weightStyle="Regular" weight="400" isBold="False" isItalic="False"/>
      <text>%E9%A1%B9%E7%9B%AE%E5%90%8D%E7%A7%B0</text>
      <textSize>12</textSize>
      <lineSpacing>16</lineSpacing>
      <selectedIndex>-1</selectedIndex>
    </control>
    <control controlID="D8F3DC4C-FF21-40C4-A709-071D61ED25E6" controlTypeID="__group__" x="434" y="156" w="162" h="13" zOrder="12">
      <groupChildrenDescriptors>
        <control controlID="99AF97A1-351C-48FF-84D6-EB561EB21744" controlTypeID="Shape" x="0" y="0" w="63" h="13" zOrder="0">
          <color>4278229503</color>
          <borderVisible>False</borderVisible>
          <font family="%E5%BE%AE%E8%BD%AF%E9%9B%85%E9%BB%91" displayName="%E5%BE%AE%E8%BD%AF%E9%9B%85%E9%BB%91" postScript="" weightStyle="Regular" weight="400" isBold="False" isItalic="False"/>
          <textColor>4278255462</textColor>
          <lineSpacing>16</lineSpacing>
          <selectedIndex>-1</selectedIndex>
        </control>
        <control controlID="CDCA3BA0-29E6-4360-977A-6DAD24644878" controlTypeID="Shape" x="63" y="0" w="99" h="13" zOrder="1">
          <color>4291611852</color>
          <borderVisible>False</borderVisible>
          <font family="%E5%BE%AE%E8%BD%AF%E9%9B%85%E9%BB%91" displayName="%E5%BE%AE%E8%BD%AF%E9%9B%85%E9%BB%91" postScript="" weightStyle="Regular" weight="400" isBold="False" isItalic="False"/>
          <textColor>4278255462</textColor>
          <lineSpacing>16</lineSpacing>
          <selectedIndex>-1</selectedIndex>
        </control>
      </groupChildrenDescriptors>
    </control>
    <control controlID="8E042954-9C9F-418B-B305-B6190DFF228C" controlTypeID="__group__" x="434" y="322" w="162" h="13" zOrder="13">
      <groupChildrenDescriptors>
        <control controlID="378400DF-5365-407C-8519-92FBBA750F2C" controlTypeID="Shape" x="0" y="0" w="63" h="13" zOrder="0">
          <color>4278229503</color>
          <borderVisible>False</borderVisible>
          <font family="%E5%BE%AE%E8%BD%AF%E9%9B%85%E9%BB%91" displayName="%E5%BE%AE%E8%BD%AF%E9%9B%85%E9%BB%91" postScript="" weightStyle="Regular" weight="400" isBold="False" isItalic="False"/>
          <textColor>4278255462</textColor>
          <lineSpacing>16</lineSpacing>
          <selectedIndex>-1</selectedIndex>
        </control>
        <control controlID="904F7880-F311-4D57-BEDE-D88AD23EA968" controlTypeID="Shape" x="63" y="0" w="99" h="13" zOrder="1">
          <color>4291611852</color>
          <borderVisible>False</borderVisible>
          <font family="%E5%BE%AE%E8%BD%AF%E9%9B%85%E9%BB%91" displayName="%E5%BE%AE%E8%BD%AF%E9%9B%85%E9%BB%91" postScript="" weightStyle="Regular" weight="400" isBold="False" isItalic="False"/>
          <textColor>4278255462</textColor>
          <lineSpacing>16</lineSpacing>
          <selectedIndex>-1</selectedIndex>
        </control>
      </groupChildrenDescriptors>
    </control>
    <control controlID="977D5BE2-4C34-43E8-AA9C-0B7603ED741F" controlTypeID="Label" x="434" y="192" w="85" h="16" zOrder="14">
      <font family="%E5%BE%AE%E8%BD%AF%E9%9B%85%E9%BB%91" displayName="%E5%BE%AE%E8%BD%AF%E9%9B%85%E9%BB%91" postScript="" weightStyle="Regular" weight="400" isBold="False" isItalic="False"/>
      <text>%E7%9B%AE%E6%A0%87%EF%BC%9A300%2C000</text>
      <textSize>12</textSize>
      <lineSpacing>16</lineSpacing>
      <selectedIndex>-1</selectedIndex>
    </control>
    <control controlID="F6980F44-E6B7-4AB4-9862-501F7D6A9B99" controlTypeID="Label" x="434" y="358" w="85" h="16" zOrder="15">
      <font family="%E5%BE%AE%E8%BD%AF%E9%9B%85%E9%BB%91" displayName="%E5%BE%AE%E8%BD%AF%E9%9B%85%E9%BB%91" postScript="" weightStyle="Regular" weight="400" isBold="False" isItalic="False"/>
      <text>%E7%9B%AE%E6%A0%87%EF%BC%9A300%2C000</text>
      <textSize>12</textSize>
      <lineSpacing>16</lineSpacing>
      <selectedIndex>-1</selectedIndex>
    </control>
    <control controlID="281646C0-4816-44F4-8725-4E105A6AA8CE" controlTypeID="Label" x="434" y="233" w="78" h="16" zOrder="16">
      <font family="%E5%BE%AE%E8%BD%AF%E9%9B%85%E9%BB%91" displayName="%E5%BE%AE%E8%BD%AF%E9%9B%85%E9%BB%91" postScript="" weightStyle="Regular" weight="400" isBold="False" isItalic="False"/>
      <text>%E8%B5%B7%E6%8A%95%EF%BC%9A10%2C000</text>
      <textSize>12</textSize>
      <lineSpacing>16</lineSpacing>
      <selectedIndex>-1</selectedIndex>
    </control>
    <control controlID="9B1A0C22-3BD7-467C-A6B3-2D89D83CF86C" controlTypeID="Label" x="434" y="399" w="78" h="16" zOrder="17">
      <font family="%E5%BE%AE%E8%BD%AF%E9%9B%85%E9%BB%91" displayName="%E5%BE%AE%E8%BD%AF%E9%9B%85%E9%BB%91" postScript="" weightStyle="Regular" weight="400" isBold="False" isItalic="False"/>
      <text>%E8%B5%B7%E6%8A%95%EF%BC%9A10%2C000</text>
      <textSize>12</textSize>
      <lineSpacing>16</lineSpacing>
      <selectedIndex>-1</selectedIndex>
    </control>
    <control controlID="E0B0B48A-B8CC-4EA9-8FB8-0FFECF4F7151" controlTypeID="Shape" x="657" y="150" w="45" h="25" zOrder="18">
      <color>4292335575</color>
      <borderVisible>False</borderVisible>
      <opacity>0.800000011920929</opacity>
      <font family="%E5%BE%AE%E8%BD%AF%E9%9B%85%E9%BB%91" displayName="%E5%BE%AE%E8%BD%AF%E9%9B%85%E9%BB%91" postScript="" weightStyle="Regular" weight="400" isBold="False" isItalic="False"/>
      <text>%E7%AD%B9%E5%A4%87%E4%B8%AD</text>
      <lineSpacing>16</lineSpacing>
      <selectedIndex>-1</selectedIndex>
    </control>
    <control controlID="6232293C-FB9D-4007-8331-9ACD87A4A3E7" controlTypeID="Shape" x="657" y="316" w="45" h="25" zOrder="19">
      <color>4292335575</color>
      <borderVisible>False</borderVisible>
      <opacity>0.800000011920929</opacity>
      <font family="%E5%BE%AE%E8%BD%AF%E9%9B%85%E9%BB%91" displayName="%E5%BE%AE%E8%BD%AF%E9%9B%85%E9%BB%91" postScript="" weightStyle="Regular" weight="400" isBold="False" isItalic="False"/>
      <text>%E7%AD%B9%E5%A4%87%E4%B8%AD</text>
      <lineSpacing>16</lineSpacing>
      <selectedIndex>-1</selectedIndex>
    </control>
    <control controlID="FFF232BD-2109-49CC-8E02-DB7F24A74F17" controlTypeID="Label" x="654" y="186" w="52" h="16" zOrder="20">
      <font family="%E5%BE%AE%E8%BD%AF%E9%9B%85%E9%BB%91" displayName="%E5%BE%AE%E8%BD%AF%E9%9B%85%E9%BB%91" postScript="" weightStyle="Regular" weight="400" isBold="False" isItalic="False"/>
      <text>%E5%89%A9%E4%BD%99%E6%97%B6%E9%97%B4</text>
      <textColor>4288256409</textColor>
      <textSize>12</textSize>
      <lineSpacing>16</lineSpacing>
      <selectedIndex>-1</selectedIndex>
    </control>
    <control controlID="6C54B767-D0BD-469E-832D-BC407A04ED2F" controlTypeID="Label" x="654" y="352" w="52" h="16" zOrder="21">
      <font family="%E5%BE%AE%E8%BD%AF%E9%9B%85%E9%BB%91" displayName="%E5%BE%AE%E8%BD%AF%E9%9B%85%E9%BB%91" postScript="" weightStyle="Regular" weight="400" isBold="False" isItalic="False"/>
      <text>%E5%89%A9%E4%BD%99%E6%97%B6%E9%97%B4</text>
      <textColor>4288256409</textColor>
      <textSize>12</textSize>
      <lineSpacing>16</lineSpacing>
      <selectedIndex>-1</selectedIndex>
    </control>
    <control controlID="876BF6E8-4BA8-437C-9C08-1265B93F8AFA" controlTypeID="Label" x="642" y="212" w="42" h="37" zOrder="22">
      <font family="%E5%BE%AE%E8%BD%AF%E9%9B%85%E9%BB%91" displayName="%E5%BE%AE%E8%BD%AF%E9%9B%85%E9%BB%91" postScript="" weightStyle="Regular" weight="400" isBold="False" isItalic="False"/>
      <text>10</text>
      <textSize>28</textSize>
      <lineSpacing>37</lineSpacing>
      <useDefaultTextSize>False</useDefaultTextSize>
      <selectedIndex>-1</selectedIndex>
    </control>
    <control controlID="E09A1E80-E6EE-4621-A16A-003D39017F17" controlTypeID="Label" x="642" y="378" w="42" h="37" zOrder="23">
      <font family="%E5%BE%AE%E8%BD%AF%E9%9B%85%E9%BB%91" displayName="%E5%BE%AE%E8%BD%AF%E9%9B%85%E9%BB%91" postScript="" weightStyle="Regular" weight="400" isBold="False" isItalic="False"/>
      <text>10</text>
      <textSize>28</textSize>
      <lineSpacing>37</lineSpacing>
      <useDefaultTextSize>False</useDefaultTextSize>
      <selectedIndex>-1</selectedIndex>
    </control>
    <control controlID="7F047B6B-20E7-4E28-8797-205221A4F308" controlTypeID="Label" x="684" y="225" w="16" h="16" zOrder="24">
      <font family="%E5%BE%AE%E8%BD%AF%E9%9B%85%E9%BB%91" displayName="%E5%BE%AE%E8%BD%AF%E9%9B%85%E9%BB%91" postScript="" weightStyle="Regular" weight="400" isBold="False" isItalic="False"/>
      <text>%E5%A4%A9</text>
      <textSize>12</textSize>
      <lineSpacing>16</lineSpacing>
      <selectedIndex>-1</selectedIndex>
    </control>
    <control controlID="B7A5C1BE-1546-46D5-B6D9-13A7AABFB46B" controlTypeID="Label" x="684" y="391" w="16" h="16" zOrder="25">
      <font family="%E5%BE%AE%E8%BD%AF%E9%9B%85%E9%BB%91" displayName="%E5%BE%AE%E8%BD%AF%E9%9B%85%E9%BB%91" postScript="" weightStyle="Regular" weight="400" isBold="False" isItalic="False"/>
      <text>%E5%A4%A9</text>
      <textSize>12</textSize>
      <lineSpacing>16</lineSpacing>
      <selectedIndex>-1</selectedIndex>
    </control>
    <control controlID="9D84FC8A-A73B-4F5F-A29B-321560936B1F" controlTypeID="VerticalScrollbar" x="759" y="111" w="14" h="422" zOrder="26"/>
    <control controlID="9C84BF21-D745-4B2E-80CE-FAF3A7E68466" controlTypeID="Master" x="-1" y="752" w="802" h="248" zOrder="27" masterID="114A9CE0-90CE-4720-937C-9AABE8131D61">
      <groupChildrenDescriptors>
        <control controlID="778A8CCB-777A-49C8-AC4E-3F9CD0A558F3" controlTypeID="Shape" x="0" y="0" w="802" h="246" zOrder="0">
          <color>4281545523</color>
          <font family="%E5%BE%AE%E8%BD%AF%E9%9B%85%E9%BB%91" displayName="%E5%BE%AE%E8%BD%AF%E9%9B%85%E9%BB%91" postScript="" weightStyle="Regular" weight="400" isBold="False" isItalic="False"/>
          <lineSpacing>16</lineSpacing>
          <selectedIndex>-1</selectedIndex>
        </control>
        <control controlID="0FC021A4-0E44-45B2-97E5-093484746BD6" controlTypeID="Label" x="50" y="61" w="233" h="43" zOrder="1">
          <font family="%E5%BE%AE%E8%BD%AF%E9%9B%85%E9%BB%91" displayName="%E5%BE%AE%E8%BD%AF%E9%9B%85%E9%BB%91" postScript="" weightStyle="Regular" weight="400" isBold="False" isItalic="False"/>
          <text>%E5%85%A8%E5%90%8D%E5%BD%93%E9%93%BA%E4%BC%97%E7%AD%B9%E7%BD%91</text>
          <textColor>4294967295</textColor>
          <textSize>32</textSize>
          <lineSpacing>42</lineSpacing>
          <useDefaultTextSize>False</useDefaultTextSize>
          <selectedIndex>-1</selectedIndex>
        </control>
        <control controlID="D3121B7D-4BAB-4507-875B-D6D417A481B8" controlTypeID="Label" x="213" y="128" w="61" h="19" zOrder="2">
          <font family="%E5%BE%AE%E8%BD%AF%E9%9B%85%E9%BB%91" displayName="%E5%BE%AE%E8%BD%AF%E9%9B%85%E9%BB%91" postScript="" weightStyle="Regular" weight="400" isBold="False" isItalic="False"/>
          <text>%E5%85%B3%E4%BA%8E%E6%88%91%E4%BB%AC</text>
          <textColor>4288256409</textColor>
          <lineSpacing>18</lineSpacing>
          <useDefaultTextSize>False</useDefaultTextSize>
          <selectedIndex>-1</selectedIndex>
        </control>
        <control controlID="6570B8D6-C81D-4132-B2A2-C3D239CBA5BC" controlTypeID="QRCode" x="597" y="90" w="66" h="66" zOrder="3"/>
        <control controlID="A58A4109-26AA-4871-858A-0A300762FAEC" controlTypeID="QRCode" x="680" y="90" w="66" h="66" zOrder="4"/>
        <control controlID="4B65556E-6956-488A-AADB-E1753C8F3887" controlTypeID="Shape" x="0" y="208" w="802" h="40" zOrder="5">
          <color>4278190080</color>
          <font family="%E5%BE%AE%E8%BD%AF%E9%9B%85%E9%BB%91" displayName="%E5%BE%AE%E8%BD%AF%E9%9B%85%E9%BB%91" postScript="" weightStyle="Regular" weight="400" isBold="False" isItalic="False"/>
          <lineSpacing>16</lineSpacing>
          <selectedIndex>-1</selectedIndex>
        </control>
        <control controlID="45922426-4C27-4729-A097-421ED1A18934" controlTypeID="Label" x="304" y="222" w="171" h="16" zOrder="6">
          <font family="%E5%BE%AE%E8%BD%AF%E9%9B%85%E9%BB%91" displayName="%E5%BE%AE%E8%BD%AF%E9%9B%85%E9%BB%91" postScript="" weightStyle="Regular" weight="400" isBold="False" isItalic="False"/>
          <text>%E5%A4%87%E6%A1%88%E5%8F%B7%EF%BC%9A10010101010100111</text>
          <textColor>4291611852</textColor>
          <textSize>12</textSize>
          <lineSpacing>16</lineSpacing>
          <useDefaultTextSize>False</useDefaultTextSize>
          <selectedIndex>-1</selectedIndex>
        </control>
      </groupChildrenDescriptors>
    </control>
    <control controlID="05E29A39-7C4D-4876-956C-E258E3B2597B" controlTypeID="Shape" x="20" y="111" w="180" h="357" zOrder="28">
      <color>436247039</color>
      <font family="%E5%BE%AE%E8%BD%AF%E9%9B%85%E9%BB%91" displayName="%E5%BE%AE%E8%BD%AF%E9%9B%85%E9%BB%91" postScript="" weightStyle="Regular" weight="400" isBold="False" isItalic="False"/>
      <lineSpacing>16</lineSpacing>
      <selectedIndex>-1</selectedIndex>
    </control>
    <control controlID="4661C23B-8E3B-43BB-BE82-CAF12B4E5638" controlTypeID="__group__" x="62" y="111" w="97" h="97" zOrder="29">
      <groupChildrenDescriptors>
        <control controlID="2C066BE9-D7D4-4C11-BFD4-DEEF065A3C69" controlTypeID="Circle" x="0" y="0" w="97" h="97" zOrder="0">
          <color>4288256409</color>
          <font family="%E5%BE%AE%E8%BD%AF%E9%9B%85%E9%BB%91" displayName="%E5%BE%AE%E8%BD%AF%E9%9B%85%E9%BB%91" postScript="" weightStyle="Regular" weight="400" isBold="False" isItalic="False"/>
          <lineSpacing>16</lineSpacing>
          <selectedIndex>-1</selectedIndex>
          <shapeBorderType>SbEllipse</shapeBorderType>
        </control>
        <control controlID="5426A2A8-10A8-4B9F-ACE3-5BA324156A80" controlTypeID="AvatarEx" x="14" y="15" w="69" h="69" zOrder="1">
          <color>4284900966</color>
          <groupChildrenDescriptors>
            <control controlID="F2FB905C-20C9-4020-A564-96F76EF9DC77" controlTypeID="Shape" x="0" y="0" w="69" h="69" zOrder="0">
              <color>4288256409</color>
              <borderColor>4288256409</borderColor>
              <canMove>False</canMove>
              <alias>shape</alias>
              <font family="%E5%BE%AE%E8%BD%AF%E9%9B%85%E9%BB%91" displayName="%E5%BE%AE%E8%BD%AF%E9%9B%85%E9%BB%91" postScript="" weightStyle="Regular" weight="400" isBold="False" isItalic="False"/>
              <lineSpacing>16</lineSpacing>
              <selectedIndex>-1</selectedIndex>
              <thickness>2</thickness>
            </control>
            <control controlID="16832F67-E2D7-4C6D-91B0-6E0B175EF12F" controlTypeID="Icon" x="7" y="12" w="55" h="55" zOrder="1">
              <color>4294967295</color>
              <canMove>False</canMove>
              <alias>icon</alias>
              <icon>
                <ID/>
                <iconFontName>jdiconfontB</iconFontName>
                <iconCode>59652</iconCode>
              </icon>
              <URL>467605F5F90D9FF65132C1A6EF883F26.svg</URL>
            </control>
          </groupChildrenDescriptors>
        </control>
      </groupChildrenDescriptors>
    </control>
    <control controlID="750CD1B2-F34C-4B50-BECB-3B12B31DF153" controlTypeID="Shape" x="20" y="218" w="180" h="30" zOrder="30">
      <color>4278229503</color>
      <font family="%E5%BE%AE%E8%BD%AF%E9%9B%85%E9%BB%91" displayName="%E5%BE%AE%E8%BD%AF%E9%9B%85%E9%BB%91+Bold" postScript="" weightStyle="Bold" weight="700" isBold="True" isItalic="False"/>
      <text>%E4%B8%AA%E4%BA%BA%E4%BF%A1%E6%81%AF</text>
      <textSize>16</textSize>
      <lineSpacing>21</lineSpacing>
      <textStyles>[fsBold]</textStyles>
      <useDefaultTextSize>False</useDefaultTextSize>
      <selectedIndex>-1</selectedIndex>
    </control>
    <control controlID="616B8592-B30F-447B-8CA9-29C40DD7BA66" controlTypeID="Shape" x="20" y="387" w="180" h="30" zOrder="31">
      <color>4278229503</color>
      <font family="%E5%BE%AE%E8%BD%AF%E9%9B%85%E9%BB%91" displayName="%E5%BE%AE%E8%BD%AF%E9%9B%85%E9%BB%91+Bold" postScript="" weightStyle="Bold" weight="700" isBold="True" isItalic="False"/>
      <text>%E9%A1%B9%E7%9B%AE%E6%94%AF%E6%8C%81</text>
      <textSize>16</textSize>
      <lineSpacing>21</lineSpacing>
      <textStyles>[fsBold]</textStyles>
      <useDefaultTextSize>False</useDefaultTextSize>
      <selectedIndex>-1</selectedIndex>
    </control>
    <control controlID="4E35EC7A-4F37-4BB5-AA67-1BB23B246CE2" controlTypeID="Shape" x="20" y="315" w="180" h="32" zOrder="32">
      <color>4278229503</color>
      <font family="%E5%BE%AE%E8%BD%AF%E9%9B%85%E9%BB%91" displayName="%E5%BE%AE%E8%BD%AF%E9%9B%85%E9%BB%91+Bold" postScript="" weightStyle="Bold" weight="700" isBold="True" isItalic="False"/>
      <text>%E4%BA%BA%E5%91%98%E4%BF%A1%E6%81%AF%E7%AE%A1%E7%90%86</text>
      <textSize>16</textSize>
      <lineSpacing>21</lineSpacing>
      <textStyles>[fsBold]</textStyles>
      <useDefaultTextSize>False</useDefaultTextSize>
      <selectedIndex>-1</selectedIndex>
    </control>
    <control controlID="9C421F16-8F5C-4F21-9B23-2B04E3DCA5E3" controlTypeID="Label" x="82" y="289" w="52" h="16" zOrder="33">
      <font family="%E5%BE%AE%E8%BD%AF%E9%9B%85%E9%BB%91" displayName="%E5%BE%AE%E8%BD%AF%E9%9B%85%E9%BB%91" postScript="" weightStyle="Regular" weight="400" isBold="False" isItalic="False"/>
      <text>%E5%AF%86%E7%A0%81%E4%BF%AE%E6%94%B9</text>
      <textSize>12</textSize>
      <lineSpacing>16</lineSpacing>
      <useDefaultTextSize>False</useDefaultTextSize>
      <selectedIndex>-1</selectedIndex>
    </control>
    <control controlID="96B22B0F-0D90-48F1-A5CF-6054E90ED353" controlTypeID="Label" x="80" y="254" w="52" h="16" zOrder="34">
      <font family="%E5%BE%AE%E8%BD%AF%E9%9B%85%E9%BB%91" displayName="%E5%BE%AE%E8%BD%AF%E9%9B%85%E9%BB%91" postScript="" weightStyle="Regular" weight="400" isBold="False" isItalic="False"/>
      <text>%E4%B8%AA%E4%BA%BA%E8%B5%84%E6%96%99</text>
      <textSize>12</textSize>
      <lineSpacing>16</lineSpacing>
      <useDefaultTextSize>False</useDefaultTextSize>
      <selectedIndex>-1</selectedIndex>
    </control>
    <control controlID="310C626B-AB7C-49D5-8B3D-66CB19E07C66" controlTypeID="Label" x="81" y="362" w="52" h="16" zOrder="35">
      <font family="%E5%BE%AE%E8%BD%AF%E9%9B%85%E9%BB%91" displayName="%E5%BE%AE%E8%BD%AF%E9%9B%85%E9%BB%91" postScript="" weightStyle="Regular" weight="400" isBold="False" isItalic="False"/>
      <text>%E4%BF%A1%E6%81%AF%E5%BD%95%E5%85%A5</text>
      <textSize>12</textSize>
      <lineSpacing>16</lineSpacing>
      <useDefaultTextSize>False</useDefaultTextSize>
      <selectedIndex>-1</selectedIndex>
    </control>
    <control controlID="AADF663E-81F2-431D-B9AE-F614F0F87B28" controlTypeID="Label" x="81" y="432" w="51" h="16" zOrder="36">
      <font family="%E5%BE%AE%E8%BD%AF%E9%9B%85%E9%BB%91" displayName="%E5%BE%AE%E8%BD%AF%E9%9B%85%E9%BB%91" postScript="" weightStyle="Regular" weight="400" isBold="False" isItalic="False"/>
      <text>%E5%B7%B2%E6%8A%95%E9%A1%B9%E7%9B%AE</text>
      <textSize>12</textSize>
      <lineSpacing>16</lineSpacing>
      <useDefaultTextSize>False</useDefaultTextSize>
      <selectedIndex>-1</selectedIndex>
    </control>
    <control controlID="E0C7E14D-84BB-41B4-B425-9CBDC66622EA" controlTypeID="Line" x="28" y="281" w="167" h="1" zOrder="37">
      <font family="%E5%BE%AE%E8%BD%AF%E9%9B%85%E9%BB%91" displayName="%E5%BE%AE%E8%BD%AF%E9%9B%85%E9%BB%91" postScript="" weightStyle="Regular" weight="400" isBold="False" isItalic="False"/>
      <lineSpacing>16</lineSpacing>
      <selectedIndex>-1</selectedIndex>
      <controlPoint>(84,0)</controlPoint>
      <startPoint>(0,0)</startPoint>
      <endPoint>(167,0)</endPoint>
    </control>
  </controls>
  <param>
    <backgroundColor>4294967295</backgroundColor>
    <fontSize>12</fontSize>
    <fontFamily>%E5%BE%AE%E8%BD%AF%E9%9B%85%E9%BB%91</fontFamily>
    <guideLines/>
  </param>
</mockup>