<mockup version="4.9" minAllowVersion="4.9" ID="3BFFB2E1-151F-4FFE-95D3-E6BD67A8E065" platform="MtDesktop" defaultW="800" defaultH="600" measureW="800" measureH="1400" mobileScreenScale="0">
  <controls controlCount="90">
    <control controlID="1EF4B7D1-B355-431C-AEF3-1E0192C38F4C" controlTypeID="Master" x="0" y="-6" w="800" h="120" zOrder="0" masterID="F40BD275-907F-4885-A87A-15EB8DE2D51D">
      <groupChildrenDescriptors>
        <control controlID="CB1955D6-0A1B-4B6B-A5E0-487366224527" controlTypeID="Shape" x="0" y="0" w="800" h="37" zOrder="0">
          <color>4291611852</color>
          <font family="%E5%BE%AE%E8%BD%AF%E9%9B%85%E9%BB%91" displayName="%E5%BE%AE%E8%BD%AF%E9%9B%85%E9%BB%91" postScript="" weightStyle="Regular" weight="400" isBold="False" isItalic="False"/>
          <lineSpacing>16</lineSpacing>
          <selectedIndex>-1</selectedIndex>
        </control>
        <control controlID="3F62D3E1-FF79-41AA-9B72-733A7CA07625" controlTypeID="Shape" x="702" y="20" w="71" h="36" zOrder="1">
          <font family="%E5%BE%AE%E8%BD%AF%E9%9B%85%E9%BB%91" displayName="%E5%BE%AE%E8%BD%AF%E9%9B%85%E9%BB%91" postScript="" weightStyle="Regular" weight="400" isBold="False" isItalic="False"/>
          <text>%E7%99%BB%E5%BD%95</text>
          <lineSpacing>16</lineSpacing>
          <selectedIndex>-1</selectedIndex>
        </control>
        <control controlID="E9530F76-62CB-4615-A924-75FF592540E9" controlTypeID="Shape" x="29" y="47" w="158" h="73" zOrder="2">
          <font family="%E5%BE%AE%E8%BD%AF%E9%9B%85%E9%BB%91" displayName="%E5%BE%AE%E8%BD%AF%E9%9B%85%E9%BB%91" postScript="" weightStyle="Regular" weight="400" isBold="False" isItalic="False"/>
          <text>LOGO</text>
          <lineSpacing>16</lineSpacing>
          <selectedIndex>-1</selectedIndex>
        </control>
        <control controlID="7708EC00-900F-41F3-B803-771670A2EBA9" controlTypeID="__group__" x="400" y="78" w="300" h="32" zOrder="3">
          <groupChildrenDescriptors>
            <control controlID="3ABFFD51-060B-4A8F-94A9-C506D9AE2BAD" controlTypeID="Shape" x="0" y="0" w="238" h="32" zOrder="0">
              <font family="%E5%BE%AE%E8%BD%AF%E9%9B%85%E9%BB%91" displayName="%E5%BE%AE%E8%BD%AF%E9%9B%85%E9%BB%91" postScript="" weightStyle="Regular" weight="400" isBold="False" isItalic="False"/>
              <lineSpacing>16</lineSpacing>
              <selectedIndex>-1</selectedIndex>
            </control>
            <control controlID="9CC17619-6BF4-4B01-817D-36145E097FD3" controlTypeID="Shape" x="237" y="0" w="63" h="32" zOrder="1">
              <color>4291611852</color>
              <font family="%E5%BE%AE%E8%BD%AF%E9%9B%85%E9%BB%91" displayName="%E5%BE%AE%E8%BD%AF%E9%9B%85%E9%BB%91" postScript="" weightStyle="Regular" weight="400" isBold="False" isItalic="False"/>
              <text>%E6%90%9C%E7%B4%A2</text>
              <lineSpacing>16</lineSpacing>
              <selectedIndex>-1</selectedIndex>
            </control>
          </groupChildrenDescriptors>
        </control>
        <control controlID="EDB5246C-46FA-47AA-9040-B8BA23C94EAD" controlTypeID="Label" x="29" y="10" w="107" h="16" zOrder="4">
          <font family="%E5%BE%AE%E8%BD%AF%E9%9B%85%E9%BB%91" displayName="%E5%BE%AE%E8%BD%AF%E9%9B%85%E9%BB%91" postScript="" weightStyle="Regular" weight="400" isBold="False" isItalic="False"/>
          <text>%E6%AC%A2%E8%BF%8E%E6%9D%A5%E5%88%B0%E5%85%A8%E6%B0%91%E5%BD%93%E9%93%BA%EF%BC%81</text>
          <textSize>12</textSize>
          <lineSpacing>16</lineSpacing>
          <selectedIndex>-1</selectedIndex>
        </control>
      </groupChildrenDescriptors>
    </control>
    <control controlID="C6013784-185E-40B2-A439-0E1CDA1A0F54" controlTypeID="HRule" x="0" y="124" w="800" h="12" zOrder="1"/>
    <control controlID="4F9710A6-D499-4ED2-AC4C-DE536A20A455" controlTypeID="Label" x="29" y="144" w="28" h="16" zOrder="2">
      <font family="%E5%BE%AE%E8%BD%AF%E9%9B%85%E9%BB%91" displayName="%E5%BE%AE%E8%BD%AF%E9%9B%85%E9%BB%91" postScript="" weightStyle="Regular" weight="400" isBold="False" isItalic="False"/>
      <text>%E9%A6%96%E9%A1%B5</text>
      <textSize>12</textSize>
      <lineSpacing>16</lineSpacing>
      <useDefaultTextSize>False</useDefaultTextSize>
      <selectedIndex>-1</selectedIndex>
    </control>
    <control controlID="ED398E53-CC42-476C-9388-CD063B4E693B" controlTypeID="Search" x="72" y="142" w="96" h="24" zOrder="3">
      <font family="%E5%BE%AE%E8%BD%AF%E9%9B%85%E9%BB%91" displayName="%E5%BE%AE%E8%BD%AF%E9%9B%85%E9%BB%91" postScript="" weightStyle="Regular" weight="400" isBold="False" isItalic="False"/>
      <textVAlign>VaTop</textVAlign>
      <lineSpacing>16</lineSpacing>
      <selectedIndex>-1</selectedIndex>
    </control>
    <control controlID="81AC7DFD-391A-4893-976C-6AB2A4B571D1" controlTypeID="Shape" x="29" y="176" w="742" h="80" zOrder="4">
      <remarkText>%E5%BD%93%E9%93%BA%E5%AF%BC%E8%88%AA%0D%0A</remarkText>
      <font family="%E5%BE%AE%E8%BD%AF%E9%9B%85%E9%BB%91" displayName="%E5%BE%AE%E8%BD%AF%E9%9B%85%E9%BB%91" postScript="" weightStyle="Regular" weight="400" isBold="False" isItalic="False"/>
      <lineSpacing>16</lineSpacing>
      <selectedIndex>-1</selectedIndex>
    </control>
    <control controlID="80355093-2F85-4CE5-818F-97E06B280BAA" controlTypeID="Label" x="49" y="186" w="28" h="16" zOrder="5">
      <font family="%E5%BE%AE%E8%BD%AF%E9%9B%85%E9%BB%91" displayName="%E5%BE%AE%E8%BD%AF%E9%9B%85%E9%BB%91" postScript="" weightStyle="Regular" weight="400" isBold="False" isItalic="False"/>
      <text>%E5%BA%97%E9%93%BA</text>
      <textSize>12</textSize>
      <lineSpacing>16</lineSpacing>
      <selectedIndex>-1</selectedIndex>
    </control>
    <control controlID="E37294B3-EA64-4BB6-9831-5FC0E79925DF" controlTypeID="Shape" x="178" y="142" w="107" h="24" zOrder="6">
      <font family="%E5%BE%AE%E8%BD%AF%E9%9B%85%E9%BB%91" displayName="%E5%BE%AE%E8%BD%AF%E9%9B%85%E9%BB%91" postScript="" weightStyle="Regular" weight="400" isBold="False" isItalic="False"/>
      <text>%E9%95%BF%E5%AE%89%E8%A1%972</text>
      <lineSpacing>16</lineSpacing>
      <selectedIndex>-1</selectedIndex>
    </control>
    <control controlID="03B34B38-EB93-4810-B0A5-58E983D08EA5" controlTypeID="Shape" x="104" y="192" w="57" h="48" zOrder="7">
      <font family="%E5%BE%AE%E8%BD%AF%E9%9B%85%E9%BB%91" displayName="%E5%BE%AE%E8%BD%AF%E9%9B%85%E9%BB%91" postScript="" weightStyle="Regular" weight="400" isBold="False" isItalic="False"/>
      <text>%E9%95%BF%E5%AE%89%E8%A1%971</text>
      <lineSpacing>16</lineSpacing>
      <selectedIndex>-1</selectedIndex>
    </control>
    <control controlID="23CAE934-7B11-4400-A07C-AE2647A6C0A1" controlTypeID="Shape" x="202" y="192" w="57" h="48" zOrder="8">
      <font family="%E5%BE%AE%E8%BD%AF%E9%9B%85%E9%BB%91" displayName="%E5%BE%AE%E8%BD%AF%E9%9B%85%E9%BB%91" postScript="" weightStyle="Regular" weight="400" isBold="False" isItalic="False"/>
      <text>%E9%95%BF%E5%AE%89%E8%A1%972</text>
      <lineSpacing>16</lineSpacing>
      <selectedIndex>-1</selectedIndex>
    </control>
    <control controlID="A858A557-FC59-4D99-8916-3BE2B7B30464" controlTypeID="Shape" x="300" y="192" w="57" h="48" zOrder="9">
      <font family="%E5%BE%AE%E8%BD%AF%E9%9B%85%E9%BB%91" displayName="%E5%BE%AE%E8%BD%AF%E9%9B%85%E9%BB%91" postScript="" weightStyle="Regular" weight="400" isBold="False" isItalic="False"/>
      <text>%E9%95%BF%E5%AE%89%E8%A1%973</text>
      <lineSpacing>16</lineSpacing>
      <selectedIndex>-1</selectedIndex>
    </control>
    <control controlID="FD2655AD-33B4-4534-A5DA-5EA57F394BCF" controlTypeID="Shape" x="398" y="192" w="57" h="48" zOrder="10">
      <font family="%E5%BE%AE%E8%BD%AF%E9%9B%85%E9%BB%91" displayName="%E5%BE%AE%E8%BD%AF%E9%9B%85%E9%BB%91" postScript="" weightStyle="Regular" weight="400" isBold="False" isItalic="False"/>
      <text>%E9%95%BF%E5%AE%89%E8%A1%974</text>
      <lineSpacing>16</lineSpacing>
      <selectedIndex>-1</selectedIndex>
    </control>
    <control controlID="7D29A5BC-A76E-4D28-8E26-E9D027686FC3" controlTypeID="Shape" x="496" y="192" w="57" h="48" zOrder="11">
      <font family="%E5%BE%AE%E8%BD%AF%E9%9B%85%E9%BB%91" displayName="%E5%BE%AE%E8%BD%AF%E9%9B%85%E9%BB%91" postScript="" weightStyle="Regular" weight="400" isBold="False" isItalic="False"/>
      <text>%E9%95%BF%E5%AE%89%E8%A1%975</text>
      <lineSpacing>16</lineSpacing>
      <selectedIndex>-1</selectedIndex>
    </control>
    <control controlID="0238E135-00DD-46A6-9933-6998C72EA1A8" controlTypeID="Shape" x="594" y="192" w="57" h="48" zOrder="12">
      <font family="%E5%BE%AE%E8%BD%AF%E9%9B%85%E9%BB%91" displayName="%E5%BE%AE%E8%BD%AF%E9%9B%85%E9%BB%91" postScript="" weightStyle="Regular" weight="400" isBold="False" isItalic="False"/>
      <text>%E9%95%BF%E5%AE%89%E8%A1%976</text>
      <lineSpacing>16</lineSpacing>
      <selectedIndex>-1</selectedIndex>
    </control>
    <control controlID="087197A3-01FE-43B3-A9AC-B7ADA4279AD1" controlTypeID="Shape" x="693" y="192" w="57" h="48" zOrder="13">
      <font family="%E5%BE%AE%E8%BD%AF%E9%9B%85%E9%BB%91" displayName="%E5%BE%AE%E8%BD%AF%E9%9B%85%E9%BB%91" postScript="" weightStyle="Regular" weight="400" isBold="False" isItalic="False"/>
      <text>%E9%95%BF%E5%AE%89%E8%A1%977</text>
      <lineSpacing>16</lineSpacing>
      <selectedIndex>-1</selectedIndex>
    </control>
    <control controlID="9C5217CA-7086-4011-9C27-B84F852955FC" controlTypeID="__group__" x="29" y="336" w="150" h="189" zOrder="14">
      <groupChildrenDescriptors>
        <control controlID="6063E643-CC46-45F6-BF6D-49F270BB2AC7" controlTypeID="Shape" x="0" y="0" w="150" h="189" zOrder="0">
          <font family="%E5%BE%AE%E8%BD%AF%E9%9B%85%E9%BB%91" displayName="%E5%BE%AE%E8%BD%AF%E9%9B%85%E9%BB%91" postScript="" weightStyle="Regular" weight="400" isBold="False" isItalic="False"/>
          <lineSpacing>16</lineSpacing>
          <selectedIndex>-1</selectedIndex>
        </control>
        <control controlID="2C21503A-F90D-41DD-9F5A-D889C80A28E5" controlTypeID="Image" x="0" y="0" w="150" h="150" zOrder="1"/>
        <control controlID="69AC2F32-39BE-4DE3-9DA0-65257A7206C8" controlTypeID="Label" x="4" y="169" w="44" h="16" zOrder="2">
          <font family="%E5%BE%AE%E8%BD%AF%E9%9B%85%E9%BB%91" displayName="%E5%BE%AE%E8%BD%AF%E9%9B%85%E9%BB%91" postScript="" weightStyle="Regular" weight="400" isBold="False" isItalic="False"/>
          <text>%EF%BF%A53000</text>
          <textSize>12</textSize>
          <lineSpacing>16</lineSpacing>
          <selectedIndex>-1</selectedIndex>
        </control>
        <control controlID="9704C45A-2C6D-46D1-921A-E9C9A043EAC5" controlTypeID="Label" x="4" y="153" w="89" h="16" zOrder="3">
          <font family="%E5%BE%AE%E8%BD%AF%E9%9B%85%E9%BB%91" displayName="%E5%BE%AE%E8%BD%AF%E9%9B%85%E9%BB%91" postScript="" weightStyle="Regular" weight="400" isBold="False" isItalic="False"/>
          <text>%E5%90%8D%E7%A7%B0%EF%BC%9A1101001</text>
          <textSize>12</textSize>
          <lineSpacing>16</lineSpacing>
          <selectedIndex>-1</selectedIndex>
        </control>
      </groupChildrenDescriptors>
    </control>
    <control controlID="8314C3CE-9693-4BAE-A3FB-202811A7CFE6" controlTypeID="__group__" x="29" y="552" w="150" h="189" zOrder="15">
      <groupChildrenDescriptors>
        <control controlID="E35B5324-436E-477E-9816-CB7FFE972923" controlTypeID="Shape" x="0" y="0" w="150" h="189" zOrder="0">
          <font family="%E5%BE%AE%E8%BD%AF%E9%9B%85%E9%BB%91" displayName="%E5%BE%AE%E8%BD%AF%E9%9B%85%E9%BB%91" postScript="" weightStyle="Regular" weight="400" isBold="False" isItalic="False"/>
          <lineSpacing>16</lineSpacing>
          <selectedIndex>-1</selectedIndex>
        </control>
        <control controlID="98C10869-37F9-4303-8B12-8BB41240B482" controlTypeID="Image" x="0" y="0" w="150" h="150" zOrder="1"/>
        <control controlID="9CDF12AD-126E-4B52-9D68-0507780B3251" controlTypeID="Label" x="4" y="169" w="44" h="16" zOrder="2">
          <font family="%E5%BE%AE%E8%BD%AF%E9%9B%85%E9%BB%91" displayName="%E5%BE%AE%E8%BD%AF%E9%9B%85%E9%BB%91" postScript="" weightStyle="Regular" weight="400" isBold="False" isItalic="False"/>
          <text>%EF%BF%A53000</text>
          <textSize>12</textSize>
          <lineSpacing>16</lineSpacing>
          <selectedIndex>-1</selectedIndex>
        </control>
        <control controlID="43094003-C89C-4839-A64A-02088C679EDA" controlTypeID="Label" x="4" y="153" w="89" h="16" zOrder="3">
          <font family="%E5%BE%AE%E8%BD%AF%E9%9B%85%E9%BB%91" displayName="%E5%BE%AE%E8%BD%AF%E9%9B%85%E9%BB%91" postScript="" weightStyle="Regular" weight="400" isBold="False" isItalic="False"/>
          <text>%E5%90%8D%E7%A7%B0%EF%BC%9A1101001</text>
          <textSize>12</textSize>
          <lineSpacing>16</lineSpacing>
          <selectedIndex>-1</selectedIndex>
        </control>
      </groupChildrenDescriptors>
    </control>
    <control controlID="7EC0CDEC-E110-49C0-A477-B962036EF765" controlTypeID="__group__" x="226" y="336" w="150" h="189" zOrder="16">
      <groupChildrenDescriptors>
        <control controlID="955D88F9-AA9A-49B6-A373-664DC0744165" controlTypeID="Shape" x="0" y="0" w="150" h="189" zOrder="0">
          <font family="%E5%BE%AE%E8%BD%AF%E9%9B%85%E9%BB%91" displayName="%E5%BE%AE%E8%BD%AF%E9%9B%85%E9%BB%91" postScript="" weightStyle="Regular" weight="400" isBold="False" isItalic="False"/>
          <lineSpacing>16</lineSpacing>
          <selectedIndex>-1</selectedIndex>
        </control>
        <control controlID="B8964D19-672D-4F34-BD3B-8584C466CBA6" controlTypeID="Image" x="0" y="0" w="150" h="150" zOrder="1"/>
        <control controlID="8EC5E7DF-C93E-423A-AF8D-6153BF7CA009" controlTypeID="Label" x="4" y="169" w="44" h="16" zOrder="2">
          <font family="%E5%BE%AE%E8%BD%AF%E9%9B%85%E9%BB%91" displayName="%E5%BE%AE%E8%BD%AF%E9%9B%85%E9%BB%91" postScript="" weightStyle="Regular" weight="400" isBold="False" isItalic="False"/>
          <text>%EF%BF%A53000</text>
          <textSize>12</textSize>
          <lineSpacing>16</lineSpacing>
          <selectedIndex>-1</selectedIndex>
        </control>
        <control controlID="D296138D-FCE5-4019-9279-7244588A7A37" controlTypeID="Label" x="4" y="153" w="89" h="16" zOrder="3">
          <font family="%E5%BE%AE%E8%BD%AF%E9%9B%85%E9%BB%91" displayName="%E5%BE%AE%E8%BD%AF%E9%9B%85%E9%BB%91" postScript="" weightStyle="Regular" weight="400" isBold="False" isItalic="False"/>
          <text>%E5%90%8D%E7%A7%B0%EF%BC%9A1101001</text>
          <textSize>12</textSize>
          <lineSpacing>16</lineSpacing>
          <selectedIndex>-1</selectedIndex>
        </control>
      </groupChildrenDescriptors>
    </control>
    <control controlID="E9E1ED28-0FBA-470A-AFA4-6F9CD4475F6E" controlTypeID="__group__" x="226" y="552" w="150" h="189" zOrder="17">
      <groupChildrenDescriptors>
        <control controlID="01D333A4-2238-4988-A191-CDB9623C2D20" controlTypeID="Shape" x="0" y="0" w="150" h="189" zOrder="0">
          <font family="%E5%BE%AE%E8%BD%AF%E9%9B%85%E9%BB%91" displayName="%E5%BE%AE%E8%BD%AF%E9%9B%85%E9%BB%91" postScript="" weightStyle="Regular" weight="400" isBold="False" isItalic="False"/>
          <lineSpacing>16</lineSpacing>
          <selectedIndex>-1</selectedIndex>
        </control>
        <control controlID="223F9879-AF79-4E46-B956-8FA6C1E34960" controlTypeID="Image" x="0" y="0" w="150" h="150" zOrder="1"/>
        <control controlID="0088E75D-481A-44C2-8F64-7BAE6A752DBB" controlTypeID="Label" x="4" y="169" w="44" h="16" zOrder="2">
          <font family="%E5%BE%AE%E8%BD%AF%E9%9B%85%E9%BB%91" displayName="%E5%BE%AE%E8%BD%AF%E9%9B%85%E9%BB%91" postScript="" weightStyle="Regular" weight="400" isBold="False" isItalic="False"/>
          <text>%EF%BF%A53000</text>
          <textSize>12</textSize>
          <lineSpacing>16</lineSpacing>
          <selectedIndex>-1</selectedIndex>
        </control>
        <control controlID="33B53B20-CA53-4F1D-AB4E-DE5C4F9E85F0" controlTypeID="Label" x="4" y="153" w="89" h="16" zOrder="3">
          <font family="%E5%BE%AE%E8%BD%AF%E9%9B%85%E9%BB%91" displayName="%E5%BE%AE%E8%BD%AF%E9%9B%85%E9%BB%91" postScript="" weightStyle="Regular" weight="400" isBold="False" isItalic="False"/>
          <text>%E5%90%8D%E7%A7%B0%EF%BC%9A1101001</text>
          <textSize>12</textSize>
          <lineSpacing>16</lineSpacing>
          <selectedIndex>-1</selectedIndex>
        </control>
      </groupChildrenDescriptors>
    </control>
    <control controlID="7D9AF541-BC19-4B5A-A626-8F351B05AEB3" controlTypeID="__group__" x="423" y="336" w="150" h="189" zOrder="18">
      <groupChildrenDescriptors>
        <control controlID="F7672747-706D-4ABE-AAD7-94DCCB7C45DD" controlTypeID="Shape" x="0" y="0" w="150" h="189" zOrder="0">
          <font family="%E5%BE%AE%E8%BD%AF%E9%9B%85%E9%BB%91" displayName="%E5%BE%AE%E8%BD%AF%E9%9B%85%E9%BB%91" postScript="" weightStyle="Regular" weight="400" isBold="False" isItalic="False"/>
          <lineSpacing>16</lineSpacing>
          <selectedIndex>-1</selectedIndex>
        </control>
        <control controlID="D4289607-3018-4117-9E70-96B7ED795EC8" controlTypeID="Image" x="0" y="0" w="150" h="150" zOrder="1"/>
        <control controlID="957623FC-5B56-4729-A023-0089D3E66B1A" controlTypeID="Label" x="4" y="169" w="44" h="16" zOrder="2">
          <font family="%E5%BE%AE%E8%BD%AF%E9%9B%85%E9%BB%91" displayName="%E5%BE%AE%E8%BD%AF%E9%9B%85%E9%BB%91" postScript="" weightStyle="Regular" weight="400" isBold="False" isItalic="False"/>
          <text>%EF%BF%A53000</text>
          <textSize>12</textSize>
          <lineSpacing>16</lineSpacing>
          <selectedIndex>-1</selectedIndex>
        </control>
        <control controlID="4BC0F9EF-D7B7-45E8-B3FD-AD956B8E4D18" controlTypeID="Label" x="4" y="153" w="89" h="16" zOrder="3">
          <font family="%E5%BE%AE%E8%BD%AF%E9%9B%85%E9%BB%91" displayName="%E5%BE%AE%E8%BD%AF%E9%9B%85%E9%BB%91" postScript="" weightStyle="Regular" weight="400" isBold="False" isItalic="False"/>
          <text>%E5%90%8D%E7%A7%B0%EF%BC%9A1101001</text>
          <textSize>12</textSize>
          <lineSpacing>16</lineSpacing>
          <selectedIndex>-1</selectedIndex>
        </control>
      </groupChildrenDescriptors>
    </control>
    <control controlID="FFEDAAEA-FB35-4F70-BAB8-EEC61142E273" controlTypeID="__group__" x="423" y="552" w="150" h="189" zOrder="19">
      <groupChildrenDescriptors>
        <control controlID="E73AD24C-A1F5-4FB0-A127-1312E8A04B3D" controlTypeID="Shape" x="0" y="0" w="150" h="189" zOrder="0">
          <font family="%E5%BE%AE%E8%BD%AF%E9%9B%85%E9%BB%91" displayName="%E5%BE%AE%E8%BD%AF%E9%9B%85%E9%BB%91" postScript="" weightStyle="Regular" weight="400" isBold="False" isItalic="False"/>
          <lineSpacing>16</lineSpacing>
          <selectedIndex>-1</selectedIndex>
        </control>
        <control controlID="FDF90542-8055-40BF-980E-3A4615936E3E" controlTypeID="Image" x="0" y="0" w="150" h="150" zOrder="1"/>
        <control controlID="BC3505AE-C071-4F6C-BDB8-1124B5010E33" controlTypeID="Label" x="4" y="169" w="44" h="16" zOrder="2">
          <font family="%E5%BE%AE%E8%BD%AF%E9%9B%85%E9%BB%91" displayName="%E5%BE%AE%E8%BD%AF%E9%9B%85%E9%BB%91" postScript="" weightStyle="Regular" weight="400" isBold="False" isItalic="False"/>
          <text>%EF%BF%A53000</text>
          <textSize>12</textSize>
          <lineSpacing>16</lineSpacing>
          <selectedIndex>-1</selectedIndex>
        </control>
        <control controlID="770DCD91-4D11-4EA5-8EEE-A58853DC340D" controlTypeID="Label" x="4" y="153" w="89" h="16" zOrder="3">
          <font family="%E5%BE%AE%E8%BD%AF%E9%9B%85%E9%BB%91" displayName="%E5%BE%AE%E8%BD%AF%E9%9B%85%E9%BB%91" postScript="" weightStyle="Regular" weight="400" isBold="False" isItalic="False"/>
          <text>%E5%90%8D%E7%A7%B0%EF%BC%9A1101001</text>
          <textSize>12</textSize>
          <lineSpacing>16</lineSpacing>
          <selectedIndex>-1</selectedIndex>
        </control>
      </groupChildrenDescriptors>
    </control>
    <control controlID="6AF815E4-C16B-4F31-845E-1EAACF2B60F1" controlTypeID="__group__" x="621" y="336" w="150" h="189" zOrder="20">
      <groupChildrenDescriptors>
        <control controlID="0D569D36-2776-4184-8A5D-F97CAF6F3763" controlTypeID="Shape" x="0" y="0" w="150" h="189" zOrder="0">
          <font family="%E5%BE%AE%E8%BD%AF%E9%9B%85%E9%BB%91" displayName="%E5%BE%AE%E8%BD%AF%E9%9B%85%E9%BB%91" postScript="" weightStyle="Regular" weight="400" isBold="False" isItalic="False"/>
          <lineSpacing>16</lineSpacing>
          <selectedIndex>-1</selectedIndex>
        </control>
        <control controlID="F49C9670-A9AB-432D-A912-F3BDDBE8D9E0" controlTypeID="Image" x="0" y="0" w="150" h="150" zOrder="1"/>
        <control controlID="61CF58E2-F47D-437C-87D2-3E91FCAADCE5" controlTypeID="Label" x="4" y="169" w="44" h="16" zOrder="2">
          <font family="%E5%BE%AE%E8%BD%AF%E9%9B%85%E9%BB%91" displayName="%E5%BE%AE%E8%BD%AF%E9%9B%85%E9%BB%91" postScript="" weightStyle="Regular" weight="400" isBold="False" isItalic="False"/>
          <text>%EF%BF%A53000</text>
          <textSize>12</textSize>
          <lineSpacing>16</lineSpacing>
          <selectedIndex>-1</selectedIndex>
        </control>
        <control controlID="1C489805-E8EA-4DCA-A20B-74B1E125C1DE" controlTypeID="Label" x="4" y="153" w="89" h="16" zOrder="3">
          <font family="%E5%BE%AE%E8%BD%AF%E9%9B%85%E9%BB%91" displayName="%E5%BE%AE%E8%BD%AF%E9%9B%85%E9%BB%91" postScript="" weightStyle="Regular" weight="400" isBold="False" isItalic="False"/>
          <text>%E5%90%8D%E7%A7%B0%EF%BC%9A1101001</text>
          <textSize>12</textSize>
          <lineSpacing>16</lineSpacing>
          <selectedIndex>-1</selectedIndex>
        </control>
      </groupChildrenDescriptors>
    </control>
    <control controlID="B4550BAD-3B88-489E-A1D4-3577A8A84F49" controlTypeID="__group__" x="621" y="552" w="150" h="189" zOrder="21">
      <groupChildrenDescriptors>
        <control controlID="9319C0B2-C4A3-4E40-BE77-D464F466D935" controlTypeID="Shape" x="0" y="0" w="150" h="189" zOrder="0">
          <font family="%E5%BE%AE%E8%BD%AF%E9%9B%85%E9%BB%91" displayName="%E5%BE%AE%E8%BD%AF%E9%9B%85%E9%BB%91" postScript="" weightStyle="Regular" weight="400" isBold="False" isItalic="False"/>
          <lineSpacing>16</lineSpacing>
          <selectedIndex>-1</selectedIndex>
        </control>
        <control controlID="50737693-C559-404B-94D0-5428CF814AA2" controlTypeID="Image" x="0" y="0" w="150" h="150" zOrder="1"/>
        <control controlID="071D3939-FABF-4C52-A017-94D6FFB3B59F" controlTypeID="Label" x="4" y="169" w="44" h="16" zOrder="2">
          <font family="%E5%BE%AE%E8%BD%AF%E9%9B%85%E9%BB%91" displayName="%E5%BE%AE%E8%BD%AF%E9%9B%85%E9%BB%91" postScript="" weightStyle="Regular" weight="400" isBold="False" isItalic="False"/>
          <text>%EF%BF%A53000</text>
          <textSize>12</textSize>
          <lineSpacing>16</lineSpacing>
          <selectedIndex>-1</selectedIndex>
        </control>
        <control controlID="1427C9C2-1C2F-4689-940B-103DE16556D5" controlTypeID="Label" x="4" y="153" w="89" h="16" zOrder="3">
          <font family="%E5%BE%AE%E8%BD%AF%E9%9B%85%E9%BB%91" displayName="%E5%BE%AE%E8%BD%AF%E9%9B%85%E9%BB%91" postScript="" weightStyle="Regular" weight="400" isBold="False" isItalic="False"/>
          <text>%E5%90%8D%E7%A7%B0%EF%BC%9A1101001</text>
          <textSize>12</textSize>
          <lineSpacing>16</lineSpacing>
          <selectedIndex>-1</selectedIndex>
        </control>
      </groupChildrenDescriptors>
    </control>
    <control controlID="B320DD2B-B578-4420-9984-80BC0BF6ACBB" controlTypeID="Label" x="29" y="283" w="77" h="24" zOrder="22">
      <font family="%E5%BE%AE%E8%BD%AF%E9%9B%85%E9%BB%91" displayName="%E5%BE%AE%E8%BD%AF%E9%9B%85%E9%BB%91" postScript="" weightStyle="Regular" weight="400" isBold="False" isItalic="False"/>
      <text>%E6%9C%80%E6%96%B0%E5%95%86%E5%93%81</text>
      <textSize>18</textSize>
      <lineSpacing>24</lineSpacing>
      <useDefaultTextSize>False</useDefaultTextSize>
      <selectedIndex>-1</selectedIndex>
    </control>
    <control controlID="A3228D6A-DD9F-41E9-BB33-3DAC3AB3932F" controlTypeID="Master" x="-8" y="913" w="800" h="487" zOrder="23" masterID="8684CB1E-D6BF-4730-9F20-ED6DFE64752E">
      <groupChildrenDescriptors>
        <control controlID="1A3A4487-9745-4295-8261-D82BB6A98415" controlTypeID="Line" x="4" y="166" w="792" h="2" zOrder="0">
          <font family="%E5%BE%AE%E8%BD%AF%E9%9B%85%E9%BB%91" displayName="%E5%BE%AE%E8%BD%AF%E9%9B%85%E9%BB%91" postScript="" weightStyle="Regular" weight="400" isBold="False" isItalic="False"/>
          <lineSpacing>16</lineSpacing>
          <selectedIndex>-1</selectedIndex>
          <controlPoint>(396,1)</controlPoint>
          <startPoint>(0,1)</startPoint>
          <endPoint>(792,1)</endPoint>
        </control>
        <control controlID="2A1B1490-323F-4E91-8F31-D5292174E729" controlTypeID="Shape" x="0" y="236" w="800" h="210" zOrder="1">
          <color>4294111986</color>
          <font family="%E5%BE%AE%E8%BD%AF%E9%9B%85%E9%BB%91" displayName="%E5%BE%AE%E8%BD%AF%E9%9B%85%E9%BB%91" postScript="" weightStyle="Regular" weight="400" isBold="False" isItalic="False"/>
          <lineSpacing>16</lineSpacing>
          <selectedIndex>-1</selectedIndex>
        </control>
        <control controlID="51365915-7B29-4794-9C10-8CE7A9D01015" controlTypeID="Shape" x="0" y="446" w="800" h="41" zOrder="2">
          <color>4281742902</color>
          <font family="%E5%BE%AE%E8%BD%AF%E9%9B%85%E9%BB%91" displayName="%E5%BE%AE%E8%BD%AF%E9%9B%85%E9%BB%91" postScript="" weightStyle="Regular" weight="400" isBold="False" isItalic="False"/>
          <text>%E5%A4%87%E6%A1%88%E5%8F%B7%EF%BC%9A009001010101</text>
          <lineSpacing>16</lineSpacing>
          <selectedIndex>-1</selectedIndex>
        </control>
        <control controlID="D1146E5D-D0CC-4D57-B05A-21382403698C" controlTypeID="Label" x="356" y="0" w="70" h="22" zOrder="3">
          <font family="%E5%BE%AE%E8%BD%AF%E9%9B%85%E9%BB%91" displayName="%E5%BE%AE%E8%BD%AF%E9%9B%85%E9%BB%91" postScript="" weightStyle="Regular" weight="400" isBold="False" isItalic="False"/>
          <text>%E5%85%A8%E6%B0%91%E5%BD%93%E9%93%BA</text>
          <textSize>16</textSize>
          <lineSpacing>21</lineSpacing>
          <useDefaultTextSize>False</useDefaultTextSize>
          <selectedIndex>-1</selectedIndex>
        </control>
        <control controlID="5DD37746-2306-4D14-8BEE-BCF35ED69405" controlTypeID="Line" x="33" y="10" w="310" h="2" zOrder="4">
          <font family="%E5%BE%AE%E8%BD%AF%E9%9B%85%E9%BB%91" displayName="%E5%BE%AE%E8%BD%AF%E9%9B%85%E9%BB%91" postScript="" weightStyle="Regular" weight="400" isBold="False" isItalic="False"/>
          <lineSpacing>16</lineSpacing>
          <selectedIndex>-1</selectedIndex>
          <controlPoint>(156,1)</controlPoint>
          <startPoint>(1,1)</startPoint>
          <endPoint>(310,1)</endPoint>
        </control>
        <control controlID="7E700FB3-DA4C-40CA-B210-1ECDAB451CF3" controlTypeID="Line" x="436" y="10" w="314" h="2" zOrder="5">
          <font family="%E5%BE%AE%E8%BD%AF%E9%9B%85%E9%BB%91" displayName="%E5%BE%AE%E8%BD%AF%E9%9B%85%E9%BB%91" postScript="" weightStyle="Regular" weight="400" isBold="False" isItalic="False"/>
          <lineSpacing>16</lineSpacing>
          <selectedIndex>-1</selectedIndex>
          <controlPoint>(158,1)</controlPoint>
          <startPoint>(1,1)</startPoint>
          <endPoint>(314,1)</endPoint>
        </control>
        <control controlID="D0CD2AA3-E123-49BC-AA7B-FF41068B651A" controlTypeID="Circle" x="53" y="75" w="43" h="43" zOrder="6">
          <color>4291611852</color>
          <font family="%E5%BE%AE%E8%BD%AF%E9%9B%85%E9%BB%91" displayName="%E5%BE%AE%E8%BD%AF%E9%9B%85%E9%BB%91" postScript="" weightStyle="Regular" weight="400" isBold="False" isItalic="False"/>
          <text>%E4%BC%98</text>
          <textSize>16</textSize>
          <lineSpacing>21</lineSpacing>
          <useDefaultTextSize>False</useDefaultTextSize>
          <selectedIndex>-1</selectedIndex>
          <shapeBorderType>SbEllipse</shapeBorderType>
        </control>
        <control controlID="8E840944-E887-4F07-AF0A-18A5EBE861EF" controlTypeID="Circle" x="305" y="75" w="43" h="43" zOrder="7">
          <color>4291611852</color>
          <font family="%E5%BE%AE%E8%BD%AF%E9%9B%85%E9%BB%91" displayName="%E5%BE%AE%E8%BD%AF%E9%9B%85%E9%BB%91" postScript="" weightStyle="Regular" weight="400" isBold="False" isItalic="False"/>
          <text>%E4%BF%9D</text>
          <textSize>16</textSize>
          <lineSpacing>21</lineSpacing>
          <useDefaultTextSize>False</useDefaultTextSize>
          <selectedIndex>-1</selectedIndex>
          <shapeBorderType>SbEllipse</shapeBorderType>
        </control>
        <control controlID="F8A62E41-0A4F-431F-887F-71936F03070C" controlTypeID="Circle" x="578" y="75" w="43" h="43" zOrder="8">
          <color>4291611852</color>
          <font family="%E5%BE%AE%E8%BD%AF%E9%9B%85%E9%BB%91" displayName="%E5%BE%AE%E8%BD%AF%E9%9B%85%E9%BB%91" postScript="" weightStyle="Regular" weight="400" isBold="False" isItalic="False"/>
          <text>%E8%AF%9A%E4%BF%A1</text>
          <textSize>16</textSize>
          <lineSpacing>21</lineSpacing>
          <useDefaultTextSize>False</useDefaultTextSize>
          <selectedIndex>-1</selectedIndex>
          <shapeBorderType>SbEllipse</shapeBorderType>
        </control>
        <control controlID="94356594-0F80-48C7-8880-33F1C2347DC8" controlTypeID="Label" x="106" y="76" w="52" h="16" zOrder="9">
          <font family="%E5%BE%AE%E8%BD%AF%E9%9B%85%E9%BB%91" displayName="%E5%BE%AE%E8%BD%AF%E9%9B%85%E9%BB%91" postScript="" weightStyle="Regular" weight="400" isBold="False" isItalic="False"/>
          <text>%E5%93%81%E8%B4%A8%E4%BF%9D%E8%AF%81</text>
          <textSize>12</textSize>
          <lineSpacing>16</lineSpacing>
          <useDefaultTextSize>False</useDefaultTextSize>
          <selectedIndex>-1</selectedIndex>
        </control>
        <control controlID="1AC801C1-F199-42A8-8689-C7BF990F81B4" controlTypeID="Label" x="358" y="76" w="52" h="16" zOrder="10">
          <font family="%E5%BE%AE%E8%BD%AF%E9%9B%85%E9%BB%91" displayName="%E5%BE%AE%E8%BD%AF%E9%9B%85%E9%BB%91" postScript="" weightStyle="Regular" weight="400" isBold="False" isItalic="False"/>
          <text>%E4%BA%A4%E6%98%93%E4%BF%9D%E8%AF%81</text>
          <textSize>12</textSize>
          <lineSpacing>16</lineSpacing>
          <useDefaultTextSize>False</useDefaultTextSize>
          <selectedIndex>-1</selectedIndex>
        </control>
        <control controlID="B6C1FF30-B133-49F0-B674-B0DC65831D5C" controlTypeID="Label" x="631" y="76" w="52" h="16" zOrder="11">
          <font family="%E5%BE%AE%E8%BD%AF%E9%9B%85%E9%BB%91" displayName="%E5%BE%AE%E8%BD%AF%E9%9B%85%E9%BB%91" postScript="" weightStyle="Regular" weight="400" isBold="False" isItalic="False"/>
          <text>%E8%AF%9A%E4%BF%A1%E4%BF%9D%E8%AF%81</text>
          <textSize>12</textSize>
          <lineSpacing>16</lineSpacing>
          <useDefaultTextSize>False</useDefaultTextSize>
          <selectedIndex>-1</selectedIndex>
        </control>
        <control controlID="C5791641-5944-43A6-885E-8A830828D020" controlTypeID="Label" x="106" y="97" w="96" h="15" zOrder="12">
          <font family="%E5%BE%AE%E8%BD%AF%E9%9B%85%E9%BB%91" displayName="%E5%BE%AE%E8%BD%AF%E9%9B%85%E9%BB%91" postScript="" weightStyle="Regular" weight="400" isBold="False" isItalic="False"/>
          <text>%E5%93%81%E8%B4%A8%E6%8A%A4%E8%88%AA+%E8%B4%AD%E7%89%A9%E6%97%A0%E5%BF%A7</text>
          <textSize>11</textSize>
          <lineSpacing>15</lineSpacing>
          <useDefaultTextSize>False</useDefaultTextSize>
          <selectedIndex>-1</selectedIndex>
        </control>
        <control controlID="43373972-5445-4DA5-84F0-FB3938C4C246" controlTypeID="Label" x="358" y="97" w="118" h="15" zOrder="13">
          <font family="%E5%BE%AE%E8%BD%AF%E9%9B%85%E9%BB%91" displayName="%E5%BE%AE%E8%BD%AF%E9%9B%85%E9%BB%91" postScript="" weightStyle="Regular" weight="400" isBold="False" isItalic="False"/>
          <text>%E7%BA%BF%E4%B8%8B%E4%BA%A4%E6%98%93+%E6%9C%80%E5%AE%89%E5%85%A8%E7%9A%84%E4%BF%9D%E9%9A%9C</text>
          <textSize>11</textSize>
          <lineSpacing>15</lineSpacing>
          <useDefaultTextSize>False</useDefaultTextSize>
          <selectedIndex>-1</selectedIndex>
        </control>
        <control controlID="7248BC4A-AC5E-4FE8-A3EB-B28FFF5C64D0" controlTypeID="Label" x="631" y="97" w="96" h="15" zOrder="14">
          <font family="%E5%BE%AE%E8%BD%AF%E9%9B%85%E9%BB%91" displayName="%E5%BE%AE%E8%BD%AF%E9%9B%85%E9%BB%91" postScript="" weightStyle="Regular" weight="400" isBold="False" isItalic="False"/>
          <text>%E8%AF%9A%E4%BF%A1%E5%95%86%E9%93%BA+%E8%AF%9A%E6%84%8F%E5%BE%85%E4%BA%BA</text>
          <textSize>11</textSize>
          <lineSpacing>15</lineSpacing>
          <useDefaultTextSize>False</useDefaultTextSize>
          <selectedIndex>-1</selectedIndex>
        </control>
        <control controlID="CD26301D-2F7F-4247-BEE5-6EDDDF1767B5" controlTypeID="Line" x="243" y="80" w="2" h="24" zOrder="15">
          <font family="%E5%BE%AE%E8%BD%AF%E9%9B%85%E9%BB%91" displayName="%E5%BE%AE%E8%BD%AF%E9%9B%85%E9%BB%91" postScript="" weightStyle="Regular" weight="400" isBold="False" isItalic="False"/>
          <lineSpacing>16</lineSpacing>
          <selectedIndex>-1</selectedIndex>
          <controlPoint>(1,12)</controlPoint>
          <startPoint>(1,0)</startPoint>
          <endPoint>(1,24)</endPoint>
        </control>
        <control controlID="C7F2D2BC-68FB-4495-AD9C-CBE1CEEC64D0" controlTypeID="Line" x="525" y="80" w="2" h="24" zOrder="16">
          <font family="%E5%BE%AE%E8%BD%AF%E9%9B%85%E9%BB%91" displayName="%E5%BE%AE%E8%BD%AF%E9%9B%85%E9%BB%91" postScript="" weightStyle="Regular" weight="400" isBold="False" isItalic="False"/>
          <lineSpacing>16</lineSpacing>
          <selectedIndex>-1</selectedIndex>
          <controlPoint>(1,12)</controlPoint>
          <startPoint>(1,0)</startPoint>
          <endPoint>(1,24)</endPoint>
        </control>
        <control controlID="3C27847B-7427-475F-90D9-FEAD018B8FA0" controlTypeID="Label" x="513" y="305" w="102" h="22" zOrder="17">
          <font family="%E5%BE%AE%E8%BD%AF%E9%9B%85%E9%BB%91" displayName="%E5%BE%AE%E8%BD%AF%E9%9B%85%E9%BB%91" postScript="" weightStyle="Regular" weight="400" isBold="False" isItalic="False"/>
          <text>%E6%9C%8D%E5%8A%A1%E5%92%A8%E8%AF%A2%E7%83%AD%E7%BA%BF</text>
          <textSize>16</textSize>
          <lineSpacing>21</lineSpacing>
          <useDefaultTextSize>False</useDefaultTextSize>
          <selectedIndex>-1</selectedIndex>
        </control>
        <control controlID="02776B83-2B10-43F0-86CB-D7F4229E778B" controlTypeID="Icon" x="467" y="304" w="29" h="29" zOrder="18">
          <icon>
            <ID/>
            <iconFontName>jdIonicons</iconFontName>
            <iconCode>62162</iconCode>
          </icon>
          <URL>94E9452D20864CF3FBC79CD2C4E76723.svg</URL>
        </control>
        <control controlID="3F772091-F746-4996-AE85-32B069637702" controlTypeID="Label" x="513" y="342" w="144" h="32" zOrder="19">
          <font family="%E5%BE%AE%E8%BD%AF%E9%9B%85%E9%BB%91" displayName="%E5%BE%AE%E8%BD%AF%E9%9B%85%E9%BB%91" postScript="" weightStyle="Regular" weight="400" isBold="False" isItalic="False"/>
          <text>028-998765</text>
          <textSize>24</textSize>
          <lineSpacing>32</lineSpacing>
          <useDefaultTextSize>False</useDefaultTextSize>
          <selectedIndex>-1</selectedIndex>
        </control>
        <control controlID="9C3450FD-9873-40B3-BBB1-EE0F61305DB8" controlTypeID="QRCode" x="699" y="297" w="51" h="51" zOrder="20"/>
        <control controlID="DD20C4D7-62DF-46A3-AAEA-96482A4E5214" controlTypeID="Label" x="712" y="358" w="28" h="16" zOrder="21">
          <font family="%E5%BE%AE%E8%BD%AF%E9%9B%85%E9%BB%91" displayName="%E5%BE%AE%E8%BD%AF%E9%9B%85%E9%BB%91" postScript="" weightStyle="Regular" weight="400" isBold="False" isItalic="False"/>
          <text>%E5%BE%AE%E4%BF%A1</text>
          <textSize>12</textSize>
          <lineSpacing>16</lineSpacing>
          <selectedIndex>-1</selectedIndex>
        </control>
        <control controlID="0F3A5C33-5A80-40F2-AE06-C542265344E4" controlTypeID="Label" x="33" y="304" w="114" h="24" zOrder="22">
          <font family="%E5%BE%AE%E8%BD%AF%E9%9B%85%E9%BB%91" displayName="%E5%BE%AE%E8%BD%AF%E9%9B%85%E9%BB%91" postScript="" weightStyle="Regular" weight="400" isBold="False" isItalic="False"/>
          <text>%E5%85%A8%E5%90%8D%E5%BD%93%E9%93%BA%E5%95%86%E5%9F%8E</text>
          <textSize>18</textSize>
          <lineSpacing>24</lineSpacing>
          <useDefaultTextSize>False</useDefaultTextSize>
          <selectedIndex>-1</selectedIndex>
        </control>
        <control controlID="6AC7045F-3577-40FA-87AD-BAFCB5A3E456" controlTypeID="Label" x="156" y="333" w="46" h="19" zOrder="23">
          <font family="%E5%BE%AE%E8%BD%AF%E9%9B%85%E9%BB%91" displayName="%E5%BE%AE%E8%BD%AF%E9%9B%85%E9%BB%91" postScript="" weightStyle="Regular" weight="400" isBold="False" isItalic="False"/>
          <text>%E4%BC%97%E7%AD%B9%E7%BD%91</text>
          <lineSpacing>18</lineSpacing>
          <useDefaultTextSize>False</useDefaultTextSize>
          <selectedIndex>-1</selectedIndex>
        </control>
        <control controlID="3A90A70B-C1A3-4986-9352-AF8106DC5BFC" controlTypeID="Label" x="243" y="333" w="61" h="19" zOrder="24">
          <font family="%E5%BE%AE%E8%BD%AF%E9%9B%85%E9%BB%91" displayName="%E5%BE%AE%E8%BD%AF%E9%9B%85%E9%BB%91" postScript="" weightStyle="Regular" weight="400" isBold="False" isItalic="False"/>
          <text>%E5%85%B3%E4%BA%8E%E6%88%91%E4%BB%AC</text>
          <lineSpacing>18</lineSpacing>
          <useDefaultTextSize>False</useDefaultTextSize>
          <selectedIndex>-1</selectedIndex>
        </control>
        <control controlID="8B977F02-86C9-4D18-BA68-48595CABFAF1" controlTypeID="Shape" x="283" y="398" w="86" h="32" zOrder="25">
          <font family="%E5%BE%AE%E8%BD%AF%E9%9B%85%E9%BB%91" displayName="%E5%BE%AE%E8%BD%AF%E9%9B%85%E9%BB%91" postScript="" weightStyle="Regular" weight="400" isBold="False" isItalic="False"/>
          <text>%E8%AF%9A%E4%BF%A1%E7%BD%91%E7%AB%99</text>
          <lineSpacing>16</lineSpacing>
          <selectedIndex>-1</selectedIndex>
        </control>
        <control controlID="8C98ABBF-09E8-4358-B89D-78A08DC347CC" controlTypeID="Shape" x="390" y="398" w="86" h="32" zOrder="26">
          <font family="%E5%BE%AE%E8%BD%AF%E9%9B%85%E9%BB%91" displayName="%E5%BE%AE%E8%BD%AF%E9%9B%85%E9%BB%91" postScript="" weightStyle="Regular" weight="400" isBold="False" isItalic="False"/>
          <text>%E5%8F%AF%E4%BF%A1%E7%BD%91%E7%AB%99</text>
          <lineSpacing>16</lineSpacing>
          <selectedIndex>-1</selectedIndex>
        </control>
      </groupChildrenDescriptors>
    </control>
  </controls>
  <param>
    <backgroundColor>4294967295</backgroundColor>
    <fontSize>12</fontSize>
    <fontFamily>%E5%BE%AE%E8%BD%AF%E9%9B%85%E9%BB%91</fontFamily>
    <guideLines/>
  </param>
</mockup>