<mockup version="4.9" minAllowVersion="4.9" ID="3DA89501-2912-4F01-BD31-6C136B68EF26" platform="MtDesktop" defaultW="800" defaultH="600" measureW="802" measureH="2500" mobileScreenScale="0">
  <controls controlCount="144">
    <control controlID="19759BE1-848E-4FBF-899F-B3C1FC77A3CD" controlTypeID="Shape" x="52" y="583" w="215" h="290" zOrder="0">
      <remarkText>%E5%B0%BA%E5%AF%B8%EF%BC%9A420*628</remarkText>
      <font family="%E5%BE%AE%E8%BD%AF%E9%9B%85%E9%BB%91" displayName="%E5%BE%AE%E8%BD%AF%E9%9B%85%E9%BB%91" postScript="" weightStyle="Regular" weight="400" isBold="False" isItalic="False"/>
      <lineSpacing>16</lineSpacing>
      <selectedIndex>-1</selectedIndex>
    </control>
    <control controlID="365F91CB-EEC8-41E6-BF07-0E1D8940ECA1" controlTypeID="Image" x="52" y="583" w="215" h="145" zOrder="1">
      <remarkText>%E5%9B%BE%E7%89%87%E5%B0%BA%E5%AF%B8%EF%BC%9A382*215</remarkText>
    </control>
    <control controlID="1756511F-F80B-401B-9304-8D7DB18D3F08" controlTypeID="TextInput" x="68" y="715" w="75" h="24" zOrder="2">
      <color>4278229503</color>
      <remarkText>%E9%A2%9C%E8%89%B2%EF%BC%9A0099FF</remarkText>
      <font family="%E5%BE%AE%E8%BD%AF%E9%9B%85%E9%BB%91" displayName="%E5%BE%AE%E8%BD%AF%E9%9B%85%E9%BB%91" postScript="" weightStyle="Regular" weight="400" isBold="False" isItalic="False"/>
      <text>%E9%A1%B9%E7%9B%AE%E5%90%8D%E7%A7%B0</text>
      <textSize>12</textSize>
      <lineSpacing>16</lineSpacing>
      <selectedIndex>-1</selectedIndex>
    </control>
    <control controlID="CA95BD10-73D9-4865-8C7C-91B3CB47398A" controlTypeID="TextArea" x="58" y="739" w="203" h="51" zOrder="3">
      <font family="%E5%BE%AE%E8%BD%AF%E9%9B%85%E9%BB%91" displayName="%E5%BE%AE%E8%BD%AF%E9%9B%85%E9%BB%91" postScript="" weightStyle="Regular" weight="400" isBold="False" isItalic="False"/>
      <text>%E6%A0%87%E9%A2%9801010100101001010101101010010101010101</text>
      <textSize>12</textSize>
      <lineSpacing>16</lineSpacing>
      <selectedIndex>-1</selectedIndex>
    </control>
    <control controlID="72A7B88D-D277-4A27-A854-9FC0E87C81E8" controlTypeID="Shape" x="63" y="790" w="75" h="13" zOrder="4">
      <color>4278229503</color>
      <borderVisible>False</borderVisible>
      <font family="%E5%BE%AE%E8%BD%AF%E9%9B%85%E9%BB%91" displayName="%E5%BE%AE%E8%BD%AF%E9%9B%85%E9%BB%91" postScript="" weightStyle="Regular" weight="400" isBold="False" isItalic="False"/>
      <textColor>4278255462</textColor>
      <lineSpacing>16</lineSpacing>
      <selectedIndex>-1</selectedIndex>
    </control>
    <control controlID="ECD3B32F-A37B-4308-93EC-280AD3D3E125" controlTypeID="Shape" x="138" y="790" w="119" h="13" zOrder="5">
      <color>4291611852</color>
      <borderVisible>False</borderVisible>
      <font family="%E5%BE%AE%E8%BD%AF%E9%9B%85%E9%BB%91" displayName="%E5%BE%AE%E8%BD%AF%E9%9B%85%E9%BB%91" postScript="" weightStyle="Regular" weight="400" isBold="False" isItalic="False"/>
      <textColor>4278255462</textColor>
      <lineSpacing>16</lineSpacing>
      <selectedIndex>-1</selectedIndex>
    </control>
    <control controlID="82CAE3B6-2A38-4B80-80CF-A450685C5C5D" controlTypeID="Label" x="64" y="814" w="95" h="16" zOrder="6">
      <font family="%E5%BE%AE%E8%BD%AF%E9%9B%85%E9%BB%91" displayName="%E5%BE%AE%E8%BD%AF%E9%9B%85%E9%BB%91" postScript="" weightStyle="Regular" weight="400" isBold="False" isItalic="False"/>
      <text>%E7%9B%AE%E6%A0%87%EF%BC%9A3%2C000%2C000</text>
      <textSize>12</textSize>
      <lineSpacing>16</lineSpacing>
      <selectedIndex>-1</selectedIndex>
    </control>
    <control controlID="A09E3E2F-1D43-44B3-8014-A6B19E472885" controlTypeID="Label" x="64" y="846" w="78" h="16" zOrder="7">
      <font family="%E5%BE%AE%E8%BD%AF%E9%9B%85%E9%BB%91" displayName="%E5%BE%AE%E8%BD%AF%E9%9B%85%E9%BB%91" postScript="" weightStyle="Regular" weight="400" isBold="False" isItalic="False"/>
      <text>%E8%B5%B7%E6%8A%95%EF%BC%9A30%2C000</text>
      <textSize>12</textSize>
      <lineSpacing>16</lineSpacing>
      <selectedIndex>-1</selectedIndex>
    </control>
    <control controlID="5EE7CD0F-B6C1-465C-B4CC-8776C21728D7" controlTypeID="Shape" x="52" y="583" w="54" h="25" zOrder="8">
      <color>4291611852</color>
      <borderVisible>False</borderVisible>
      <opacity>0.800000011920929</opacity>
      <remarkText>%E9%A2%9C%E8%89%B2%EF%BC%9ACCCCCC</remarkText>
      <font family="%E5%BE%AE%E8%BD%AF%E9%9B%85%E9%BB%91" displayName="%E5%BE%AE%E8%BD%AF%E9%9B%85%E9%BB%91" postScript="" weightStyle="Regular" weight="400" isBold="False" isItalic="False"/>
      <text>%E7%AD%B9%E5%A4%87%E4%B8%AD</text>
      <lineSpacing>16</lineSpacing>
      <selectedIndex>-1</selectedIndex>
    </control>
    <control controlID="C02D70FF-037F-45AE-8F6C-7C47A6C60A25" controlTypeID="Label" x="197" y="814" w="52" h="16" zOrder="9">
      <font family="%E5%BE%AE%E8%BD%AF%E9%9B%85%E9%BB%91" displayName="%E5%BE%AE%E8%BD%AF%E9%9B%85%E9%BB%91" postScript="" weightStyle="Regular" weight="400" isBold="False" isItalic="False"/>
      <text>%E5%89%A9%E4%BD%99%E6%97%B6%E9%97%B4</text>
      <textColor>4288256409</textColor>
      <textSize>12</textSize>
      <lineSpacing>16</lineSpacing>
      <selectedIndex>-1</selectedIndex>
    </control>
    <control controlID="B1DF7B87-AAB8-4E88-BBB0-66C3EF094EC0" controlTypeID="Label" x="197" y="830" w="42" h="37" zOrder="10">
      <font family="%E5%BE%AE%E8%BD%AF%E9%9B%85%E9%BB%91" displayName="%E5%BE%AE%E8%BD%AF%E9%9B%85%E9%BB%91" postScript="" weightStyle="Regular" weight="400" isBold="False" isItalic="False"/>
      <text>10</text>
      <textSize>28</textSize>
      <lineSpacing>37</lineSpacing>
      <useDefaultTextSize>False</useDefaultTextSize>
      <selectedIndex>-1</selectedIndex>
    </control>
    <control controlID="8DD70193-444D-47A3-B588-AF4B6DF852C9" controlTypeID="Label" x="240" y="846" w="16" h="16" zOrder="11">
      <font family="%E5%BE%AE%E8%BD%AF%E9%9B%85%E9%BB%91" displayName="%E5%BE%AE%E8%BD%AF%E9%9B%85%E9%BB%91" postScript="" weightStyle="Regular" weight="400" isBold="False" isItalic="False"/>
      <text>%E5%A4%A9</text>
      <textSize>12</textSize>
      <lineSpacing>16</lineSpacing>
      <selectedIndex>-1</selectedIndex>
    </control>
    <control controlID="CECE4EA0-2F2D-4203-BF83-1B68A7B5F0E4" controlTypeID="Image" x="0" y="56" w="802" h="438" zOrder="12">
      <remarkText>%E5%B0%BA%E5%AF%B8%EF%BC%9A1349*575</remarkText>
    </control>
    <control controlID="6FC1DFA8-388F-4DCE-AF61-B4C5F31841C1" controlTypeID="Label" x="384" y="315" w="38" h="22" zOrder="13">
      <font family="%E5%BE%AE%E8%BD%AF%E9%9B%85%E9%BB%91" displayName="%E5%BE%AE%E8%BD%AF%E9%9B%85%E9%BB%91" postScript="" weightStyle="Regular" weight="400" isBold="False" isItalic="False"/>
      <text>%E5%85%A8%E5%B1%8F</text>
      <textSize>16</textSize>
      <lineSpacing>21</lineSpacing>
      <useDefaultTextSize>False</useDefaultTextSize>
      <selectedIndex>-1</selectedIndex>
    </control>
    <control controlID="7A9377D3-F637-442F-ACBC-B896DEA3EA02" controlTypeID="Label" x="52" y="529" w="103" h="32" zOrder="14">
      <font family="%E5%BE%AE%E8%BD%AF%E9%9B%85%E9%BB%91" displayName="%E5%BE%AE%E8%BD%AF%E9%9B%85%E9%BB%91" postScript="" weightStyle="Regular" weight="400" isBold="False" isItalic="False"/>
      <text>%E8%BF%91%E6%9C%9F%E8%B5%84%E5%8A%A9</text>
      <textSize>24</textSize>
      <lineSpacing>32</lineSpacing>
      <useDefaultTextSize>False</useDefaultTextSize>
      <selectedIndex>-1</selectedIndex>
    </control>
    <control controlID="E9725F66-1DF2-4B08-97FA-B236088407FD" controlTypeID="Shape" x="52" y="1359" w="215" h="290" zOrder="15">
      <font family="%E5%BE%AE%E8%BD%AF%E9%9B%85%E9%BB%91" displayName="%E5%BE%AE%E8%BD%AF%E9%9B%85%E9%BB%91" postScript="" weightStyle="Regular" weight="400" isBold="False" isItalic="False"/>
      <lineSpacing>16</lineSpacing>
      <selectedIndex>-1</selectedIndex>
    </control>
    <control controlID="65E17AD7-964B-46DC-96A3-28EAFB8A60B6" controlTypeID="Shape" x="294" y="1359" w="215" h="290" zOrder="16">
      <font family="%E5%BE%AE%E8%BD%AF%E9%9B%85%E9%BB%91" displayName="%E5%BE%AE%E8%BD%AF%E9%9B%85%E9%BB%91" postScript="" weightStyle="Regular" weight="400" isBold="False" isItalic="False"/>
      <lineSpacing>16</lineSpacing>
      <selectedIndex>-1</selectedIndex>
    </control>
    <control controlID="9F0CDA10-DB64-4311-BC73-2B94FAD7B1FE" controlTypeID="Shape" x="538" y="1359" w="215" h="290" zOrder="17">
      <font family="%E5%BE%AE%E8%BD%AF%E9%9B%85%E9%BB%91" displayName="%E5%BE%AE%E8%BD%AF%E9%9B%85%E9%BB%91" postScript="" weightStyle="Regular" weight="400" isBold="False" isItalic="False"/>
      <lineSpacing>16</lineSpacing>
      <selectedIndex>-1</selectedIndex>
    </control>
    <control controlID="4D8BB355-1C2A-4CE4-8B7E-78795590ABC5" controlTypeID="Image" x="52" y="1359" w="215" h="145" zOrder="18"/>
    <control controlID="28DB548A-F299-4BA4-A010-3EE80E5BBF84" controlTypeID="Image" x="294" y="1359" w="215" h="145" zOrder="19"/>
    <control controlID="7254C238-67E8-4300-B33A-762A08F6DDB3" controlTypeID="Image" x="538" y="1359" w="215" h="145" zOrder="20"/>
    <control controlID="0217F26D-B51F-4235-8879-2BE92BBB0728" controlTypeID="TextInput" x="65" y="1491" w="63" h="24" zOrder="21">
      <font family="%E5%BE%AE%E8%BD%AF%E9%9B%85%E9%BB%91" displayName="%E5%BE%AE%E8%BD%AF%E9%9B%85%E9%BB%91" postScript="" weightStyle="Regular" weight="400" isBold="False" isItalic="False"/>
      <text>%E9%A1%B9%E7%9B%AE%E5%90%8D%E7%A7%B0</text>
      <textSize>12</textSize>
      <lineSpacing>16</lineSpacing>
      <selectedIndex>-1</selectedIndex>
    </control>
    <control controlID="F36318B3-80F5-4348-8DFC-6A245354F377" controlTypeID="TextInput" x="307" y="1491" w="63" h="24" zOrder="22">
      <font family="%E5%BE%AE%E8%BD%AF%E9%9B%85%E9%BB%91" displayName="%E5%BE%AE%E8%BD%AF%E9%9B%85%E9%BB%91" postScript="" weightStyle="Regular" weight="400" isBold="False" isItalic="False"/>
      <text>%E9%A1%B9%E7%9B%AE%E5%90%8D%E7%A7%B0</text>
      <textSize>12</textSize>
      <lineSpacing>16</lineSpacing>
      <selectedIndex>-1</selectedIndex>
    </control>
    <control controlID="DA39D5EB-E2CD-4DA3-8012-D9DE6F6B0271" controlTypeID="TextInput" x="551" y="1491" w="63" h="24" zOrder="23">
      <font family="%E5%BE%AE%E8%BD%AF%E9%9B%85%E9%BB%91" displayName="%E5%BE%AE%E8%BD%AF%E9%9B%85%E9%BB%91" postScript="" weightStyle="Regular" weight="400" isBold="False" isItalic="False"/>
      <text>%E9%A1%B9%E7%9B%AE%E5%90%8D%E7%A7%B0</text>
      <textSize>12</textSize>
      <lineSpacing>16</lineSpacing>
      <selectedIndex>-1</selectedIndex>
    </control>
    <control controlID="67C628A5-6D99-4BBA-8860-0D0EA00BAE93" controlTypeID="TextArea" x="57" y="1515" w="170" h="51" zOrder="24">
      <font family="%E5%BE%AE%E8%BD%AF%E9%9B%85%E9%BB%91" displayName="%E5%BE%AE%E8%BD%AF%E9%9B%85%E9%BB%91" postScript="" weightStyle="Regular" weight="400" isBold="False" isItalic="False"/>
      <text>%E6%96%87%E5%AD%97%E4%BB%8B%E7%BB%8D01010100101001010101101010010101010101</text>
      <textSize>12</textSize>
      <lineSpacing>16</lineSpacing>
      <selectedIndex>-1</selectedIndex>
    </control>
    <control controlID="5FDF7A8A-F966-4E9F-9381-F512624102A8" controlTypeID="TextArea" x="299" y="1515" w="170" h="51" zOrder="25">
      <font family="%E5%BE%AE%E8%BD%AF%E9%9B%85%E9%BB%91" displayName="%E5%BE%AE%E8%BD%AF%E9%9B%85%E9%BB%91" postScript="" weightStyle="Regular" weight="400" isBold="False" isItalic="False"/>
      <text>%E6%96%87%E5%AD%97%E4%BB%8B%E7%BB%8D01010100101001010101101010010101010101</text>
      <textSize>12</textSize>
      <lineSpacing>16</lineSpacing>
      <selectedIndex>-1</selectedIndex>
    </control>
    <control controlID="2298900D-EF7C-4A5B-B81A-D9774109B567" controlTypeID="TextArea" x="543" y="1515" w="170" h="51" zOrder="26">
      <font family="%E5%BE%AE%E8%BD%AF%E9%9B%85%E9%BB%91" displayName="%E5%BE%AE%E8%BD%AF%E9%9B%85%E9%BB%91" postScript="" weightStyle="Regular" weight="400" isBold="False" isItalic="False"/>
      <text>%E6%96%87%E5%AD%97%E4%BB%8B%E7%BB%8D01010100101001010101101010010101010101</text>
      <textSize>12</textSize>
      <lineSpacing>16</lineSpacing>
      <selectedIndex>-1</selectedIndex>
    </control>
    <control controlID="CA41753C-5E6F-4CD3-93ED-7360BBC44CB2" controlTypeID="Shape" x="61" y="1566" w="164" h="13" zOrder="27">
      <color>4278229503</color>
      <borderVisible>False</borderVisible>
      <font family="%E5%BE%AE%E8%BD%AF%E9%9B%85%E9%BB%91" displayName="%E5%BE%AE%E8%BD%AF%E9%9B%85%E9%BB%91" postScript="" weightStyle="Regular" weight="400" isBold="False" isItalic="False"/>
      <textColor>4278255462</textColor>
      <lineSpacing>16</lineSpacing>
      <selectedIndex>-1</selectedIndex>
    </control>
    <control controlID="F35D2873-D921-4480-AB95-0A7909FE3130" controlTypeID="Shape" x="303" y="1566" w="164" h="13" zOrder="28">
      <color>4278229503</color>
      <borderVisible>False</borderVisible>
      <font family="%E5%BE%AE%E8%BD%AF%E9%9B%85%E9%BB%91" displayName="%E5%BE%AE%E8%BD%AF%E9%9B%85%E9%BB%91" postScript="" weightStyle="Regular" weight="400" isBold="False" isItalic="False"/>
      <textColor>4278255462</textColor>
      <lineSpacing>16</lineSpacing>
      <selectedIndex>-1</selectedIndex>
    </control>
    <control controlID="6FC7FDD5-0253-4BD2-9BD9-5D4511972205" controlTypeID="Shape" x="547" y="1566" w="164" h="13" zOrder="29">
      <color>4278229503</color>
      <borderVisible>False</borderVisible>
      <font family="%E5%BE%AE%E8%BD%AF%E9%9B%85%E9%BB%91" displayName="%E5%BE%AE%E8%BD%AF%E9%9B%85%E9%BB%91" postScript="" weightStyle="Regular" weight="400" isBold="False" isItalic="False"/>
      <textColor>4278255462</textColor>
      <lineSpacing>16</lineSpacing>
      <selectedIndex>-1</selectedIndex>
    </control>
    <control controlID="2E7A09F7-A06E-4A07-A112-C640BBBB7D64" controlTypeID="Label" x="65" y="1590" w="85" h="16" zOrder="30">
      <font family="%E5%BE%AE%E8%BD%AF%E9%9B%85%E9%BB%91" displayName="%E5%BE%AE%E8%BD%AF%E9%9B%85%E9%BB%91" postScript="" weightStyle="Regular" weight="400" isBold="False" isItalic="False"/>
      <text>%E7%9B%AE%E6%A0%87%EF%BC%9A300%2C000</text>
      <textSize>12</textSize>
      <lineSpacing>16</lineSpacing>
      <selectedIndex>-1</selectedIndex>
    </control>
    <control controlID="59F622C1-2F71-4512-9498-87F5C25870B6" controlTypeID="Label" x="307" y="1590" w="85" h="16" zOrder="31">
      <font family="%E5%BE%AE%E8%BD%AF%E9%9B%85%E9%BB%91" displayName="%E5%BE%AE%E8%BD%AF%E9%9B%85%E9%BB%91" postScript="" weightStyle="Regular" weight="400" isBold="False" isItalic="False"/>
      <text>%E7%9B%AE%E6%A0%87%EF%BC%9A300%2C000</text>
      <textSize>12</textSize>
      <lineSpacing>16</lineSpacing>
      <selectedIndex>-1</selectedIndex>
    </control>
    <control controlID="4AE5D7C5-31EB-4DCD-85BF-2B98263B563B" controlTypeID="Label" x="551" y="1590" w="85" h="16" zOrder="32">
      <font family="%E5%BE%AE%E8%BD%AF%E9%9B%85%E9%BB%91" displayName="%E5%BE%AE%E8%BD%AF%E9%9B%85%E9%BB%91" postScript="" weightStyle="Regular" weight="400" isBold="False" isItalic="False"/>
      <text>%E7%9B%AE%E6%A0%87%EF%BC%9A300%2C000</text>
      <textSize>12</textSize>
      <lineSpacing>16</lineSpacing>
      <selectedIndex>-1</selectedIndex>
    </control>
    <control controlID="734ED24B-6A2E-4D3F-A0B8-7FD884D2FFCD" controlTypeID="Label" x="65" y="1622" w="78" h="16" zOrder="33">
      <font family="%E5%BE%AE%E8%BD%AF%E9%9B%85%E9%BB%91" displayName="%E5%BE%AE%E8%BD%AF%E9%9B%85%E9%BB%91" postScript="" weightStyle="Regular" weight="400" isBold="False" isItalic="False"/>
      <text>%E8%B5%B7%E6%8A%95%EF%BC%9A10%2C000</text>
      <textSize>12</textSize>
      <lineSpacing>16</lineSpacing>
      <selectedIndex>-1</selectedIndex>
    </control>
    <control controlID="93080E43-874C-4731-8912-6EF5BCB17DC5" controlTypeID="Label" x="307" y="1622" w="78" h="16" zOrder="34">
      <font family="%E5%BE%AE%E8%BD%AF%E9%9B%85%E9%BB%91" displayName="%E5%BE%AE%E8%BD%AF%E9%9B%85%E9%BB%91" postScript="" weightStyle="Regular" weight="400" isBold="False" isItalic="False"/>
      <text>%E8%B5%B7%E6%8A%95%EF%BC%9A10%2C000</text>
      <textSize>12</textSize>
      <lineSpacing>16</lineSpacing>
      <selectedIndex>-1</selectedIndex>
    </control>
    <control controlID="6A96C6DF-8EE1-4697-9A68-BBDFBA965D36" controlTypeID="Label" x="551" y="1622" w="78" h="16" zOrder="35">
      <font family="%E5%BE%AE%E8%BD%AF%E9%9B%85%E9%BB%91" displayName="%E5%BE%AE%E8%BD%AF%E9%9B%85%E9%BB%91" postScript="" weightStyle="Regular" weight="400" isBold="False" isItalic="False"/>
      <text>%E8%B5%B7%E6%8A%95%EF%BC%9A10%2C000</text>
      <textSize>12</textSize>
      <lineSpacing>16</lineSpacing>
      <selectedIndex>-1</selectedIndex>
    </control>
    <control controlID="05F99DD1-1B11-478F-8BE7-95C5CA4DC906" controlTypeID="Label" x="173" y="1590" w="52" h="16" zOrder="36">
      <font family="%E5%BE%AE%E8%BD%AF%E9%9B%85%E9%BB%91" displayName="%E5%BE%AE%E8%BD%AF%E9%9B%85%E9%BB%91" postScript="" weightStyle="Regular" weight="400" isBold="False" isItalic="False"/>
      <text>%E5%89%A9%E4%BD%99%E6%97%B6%E9%97%B4</text>
      <textColor>4288256409</textColor>
      <textSize>12</textSize>
      <lineSpacing>16</lineSpacing>
      <selectedIndex>-1</selectedIndex>
    </control>
    <control controlID="0E18D8EE-377D-4FEF-A73F-7DD81DD12CC5" controlTypeID="Label" x="415" y="1590" w="52" h="16" zOrder="37">
      <font family="%E5%BE%AE%E8%BD%AF%E9%9B%85%E9%BB%91" displayName="%E5%BE%AE%E8%BD%AF%E9%9B%85%E9%BB%91" postScript="" weightStyle="Regular" weight="400" isBold="False" isItalic="False"/>
      <text>%E5%89%A9%E4%BD%99%E6%97%B6%E9%97%B4</text>
      <textColor>4288256409</textColor>
      <textSize>12</textSize>
      <lineSpacing>16</lineSpacing>
      <selectedIndex>-1</selectedIndex>
    </control>
    <control controlID="DE299C5F-DF25-41BB-B30C-639F47074E2C" controlTypeID="Label" x="659" y="1590" w="52" h="16" zOrder="38">
      <font family="%E5%BE%AE%E8%BD%AF%E9%9B%85%E9%BB%91" displayName="%E5%BE%AE%E8%BD%AF%E9%9B%85%E9%BB%91" postScript="" weightStyle="Regular" weight="400" isBold="False" isItalic="False"/>
      <text>%E5%89%A9%E4%BD%99%E6%97%B6%E9%97%B4</text>
      <textColor>4288256409</textColor>
      <textSize>12</textSize>
      <lineSpacing>16</lineSpacing>
      <selectedIndex>-1</selectedIndex>
    </control>
    <control controlID="2EBFBA2D-12C7-4A45-8E8E-CF0E10742461" controlTypeID="Label" x="173" y="1606" w="26" h="37" zOrder="39">
      <font family="%E5%BE%AE%E8%BD%AF%E9%9B%85%E9%BB%91" displayName="%E5%BE%AE%E8%BD%AF%E9%9B%85%E9%BB%91" postScript="" weightStyle="Regular" weight="400" isBold="False" isItalic="False"/>
      <text>0</text>
      <textSize>28</textSize>
      <lineSpacing>37</lineSpacing>
      <useDefaultTextSize>False</useDefaultTextSize>
      <selectedIndex>-1</selectedIndex>
    </control>
    <control controlID="D84F394E-6E54-4A99-89B3-4F1E9212E593" controlTypeID="Label" x="415" y="1606" w="26" h="37" zOrder="40">
      <font family="%E5%BE%AE%E8%BD%AF%E9%9B%85%E9%BB%91" displayName="%E5%BE%AE%E8%BD%AF%E9%9B%85%E9%BB%91" postScript="" weightStyle="Regular" weight="400" isBold="False" isItalic="False"/>
      <text>0</text>
      <textSize>28</textSize>
      <lineSpacing>37</lineSpacing>
      <useDefaultTextSize>False</useDefaultTextSize>
      <selectedIndex>-1</selectedIndex>
    </control>
    <control controlID="550AD5FC-65E3-43F3-8FC8-740AE2F5D35C" controlTypeID="Label" x="659" y="1606" w="26" h="37" zOrder="41">
      <font family="%E5%BE%AE%E8%BD%AF%E9%9B%85%E9%BB%91" displayName="%E5%BE%AE%E8%BD%AF%E9%9B%85%E9%BB%91" postScript="" weightStyle="Regular" weight="400" isBold="False" isItalic="False"/>
      <text>0</text>
      <textSize>28</textSize>
      <lineSpacing>37</lineSpacing>
      <useDefaultTextSize>False</useDefaultTextSize>
      <selectedIndex>-1</selectedIndex>
    </control>
    <control controlID="DF1612D5-243D-4764-9F14-872C133CB2A4" controlTypeID="Label" x="199" y="1622" w="16" h="16" zOrder="42">
      <font family="%E5%BE%AE%E8%BD%AF%E9%9B%85%E9%BB%91" displayName="%E5%BE%AE%E8%BD%AF%E9%9B%85%E9%BB%91" postScript="" weightStyle="Regular" weight="400" isBold="False" isItalic="False"/>
      <text>%E5%A4%A9</text>
      <textSize>12</textSize>
      <lineSpacing>16</lineSpacing>
      <selectedIndex>-1</selectedIndex>
    </control>
    <control controlID="0AFBB17D-9409-4553-A245-C5900B25A16B" controlTypeID="Label" x="441" y="1622" w="16" h="16" zOrder="43">
      <font family="%E5%BE%AE%E8%BD%AF%E9%9B%85%E9%BB%91" displayName="%E5%BE%AE%E8%BD%AF%E9%9B%85%E9%BB%91" postScript="" weightStyle="Regular" weight="400" isBold="False" isItalic="False"/>
      <text>%E5%A4%A9</text>
      <textSize>12</textSize>
      <lineSpacing>16</lineSpacing>
      <selectedIndex>-1</selectedIndex>
    </control>
    <control controlID="4A453737-DD21-42ED-B4EB-BB3AD7AAA7DB" controlTypeID="Label" x="685" y="1622" w="16" h="16" zOrder="44">
      <font family="%E5%BE%AE%E8%BD%AF%E9%9B%85%E9%BB%91" displayName="%E5%BE%AE%E8%BD%AF%E9%9B%85%E9%BB%91" postScript="" weightStyle="Regular" weight="400" isBold="False" isItalic="False"/>
      <text>%E5%A4%A9</text>
      <textSize>12</textSize>
      <lineSpacing>16</lineSpacing>
      <selectedIndex>-1</selectedIndex>
    </control>
    <control controlID="F9F6AD79-EFCA-40B7-9858-2D3DB48ADA35" controlTypeID="Shape" x="0" y="904" w="802" h="388" zOrder="45">
      <color>436247039</color>
      <borderColor>6710886</borderColor>
      <opacity>0.5</opacity>
      <remarkText>%E9%A2%9C%E8%89%B2%EF%BC%9A0099FF%0D%0A%E9%80%8F%E6%98%8E%E5%BA%A6%EF%BC%9A10</remarkText>
      <font family="%E5%BE%AE%E8%BD%AF%E9%9B%85%E9%BB%91" displayName="%E5%BE%AE%E8%BD%AF%E9%9B%85%E9%BB%91" postScript="" weightStyle="Regular" weight="400" isBold="False" isItalic="False"/>
      <lineSpacing>16</lineSpacing>
      <selectedIndex>-1</selectedIndex>
    </control>
    <control controlID="AB292A5E-2758-4ED9-B527-82A765ED9280" controlTypeID="Shape" x="52" y="970" w="215" h="290" zOrder="46">
      <font family="%E5%BE%AE%E8%BD%AF%E9%9B%85%E9%BB%91" displayName="%E5%BE%AE%E8%BD%AF%E9%9B%85%E9%BB%91" postScript="" weightStyle="Regular" weight="400" isBold="False" isItalic="False"/>
      <lineSpacing>16</lineSpacing>
      <selectedIndex>-1</selectedIndex>
    </control>
    <control controlID="63B4AE29-7171-4C03-A588-C2FCD52A6C50" controlTypeID="Shape" x="295" y="976" w="215" h="290" zOrder="47">
      <font family="%E5%BE%AE%E8%BD%AF%E9%9B%85%E9%BB%91" displayName="%E5%BE%AE%E8%BD%AF%E9%9B%85%E9%BB%91" postScript="" weightStyle="Regular" weight="400" isBold="False" isItalic="False"/>
      <lineSpacing>16</lineSpacing>
      <selectedIndex>-1</selectedIndex>
    </control>
    <control controlID="68C74537-A186-4BB1-9EBE-784E694CD156" controlTypeID="Shape" x="538" y="976" w="215" h="290" zOrder="48">
      <font family="%E5%BE%AE%E8%BD%AF%E9%9B%85%E9%BB%91" displayName="%E5%BE%AE%E8%BD%AF%E9%9B%85%E9%BB%91" postScript="" weightStyle="Regular" weight="400" isBold="False" isItalic="False"/>
      <lineSpacing>16</lineSpacing>
      <selectedIndex>-1</selectedIndex>
    </control>
    <control controlID="A046AFBE-62E8-4F89-B779-DB85920B5B20" controlTypeID="Image" x="52" y="970" w="215" h="145" zOrder="49"/>
    <control controlID="BD43D90B-2D3A-4AA8-9A10-30778337B5AC" controlTypeID="Image" x="295" y="976" w="215" h="145" zOrder="50"/>
    <control controlID="E5A5838B-8324-444F-B5CB-F70B1B5C21F0" controlTypeID="Image" x="540" y="976" w="213" h="145" zOrder="51"/>
    <control controlID="1888384A-81E4-4BF5-86D1-6FF41DBC980E" controlTypeID="TextInput" x="65" y="1102" w="63" h="24" zOrder="52">
      <font family="%E5%BE%AE%E8%BD%AF%E9%9B%85%E9%BB%91" displayName="%E5%BE%AE%E8%BD%AF%E9%9B%85%E9%BB%91" postScript="" weightStyle="Regular" weight="400" isBold="False" isItalic="False"/>
      <text>%E9%A1%B9%E7%9B%AE%E5%90%8D%E7%A7%B0</text>
      <textSize>12</textSize>
      <lineSpacing>16</lineSpacing>
      <selectedIndex>-1</selectedIndex>
    </control>
    <control controlID="CA940693-B079-4993-A567-722D58CCC79F" controlTypeID="TextInput" x="325" y="1108" w="63" h="24" zOrder="53">
      <font family="%E5%BE%AE%E8%BD%AF%E9%9B%85%E9%BB%91" displayName="%E5%BE%AE%E8%BD%AF%E9%9B%85%E9%BB%91" postScript="" weightStyle="Regular" weight="400" isBold="False" isItalic="False"/>
      <text>%E9%A1%B9%E7%9B%AE%E5%90%8D%E7%A7%B0</text>
      <textSize>12</textSize>
      <lineSpacing>16</lineSpacing>
      <selectedIndex>-1</selectedIndex>
    </control>
    <control controlID="3E0DA788-26ED-4440-B9B8-E9F06BFC565E" controlTypeID="TextInput" x="586" y="1108" w="63" h="24" zOrder="54">
      <font family="%E5%BE%AE%E8%BD%AF%E9%9B%85%E9%BB%91" displayName="%E5%BE%AE%E8%BD%AF%E9%9B%85%E9%BB%91" postScript="" weightStyle="Regular" weight="400" isBold="False" isItalic="False"/>
      <text>%E9%A1%B9%E7%9B%AE%E5%90%8D%E7%A7%B0</text>
      <textSize>12</textSize>
      <lineSpacing>16</lineSpacing>
      <selectedIndex>-1</selectedIndex>
    </control>
    <control controlID="54C48052-E02C-48E8-B43D-DD896F36B34A" controlTypeID="TextArea" x="57" y="1126" w="170" h="51" zOrder="55">
      <font family="%E5%BE%AE%E8%BD%AF%E9%9B%85%E9%BB%91" displayName="%E5%BE%AE%E8%BD%AF%E9%9B%85%E9%BB%91" postScript="" weightStyle="Regular" weight="400" isBold="False" isItalic="False"/>
      <text>%E6%96%87%E5%AD%97%E4%BB%8B%E7%BB%8D01010100101001010101101010010101010101</text>
      <textSize>12</textSize>
      <lineSpacing>16</lineSpacing>
      <selectedIndex>-1</selectedIndex>
    </control>
    <control controlID="B0CF61D8-61E7-4953-A2AE-AD2F6AAD68C0" controlTypeID="TextArea" x="317" y="1132" w="170" h="51" zOrder="56">
      <font family="%E5%BE%AE%E8%BD%AF%E9%9B%85%E9%BB%91" displayName="%E5%BE%AE%E8%BD%AF%E9%9B%85%E9%BB%91" postScript="" weightStyle="Regular" weight="400" isBold="False" isItalic="False"/>
      <text>%E6%96%87%E5%AD%97%E4%BB%8B%E7%BB%8D01010100101001010101101010010101010101</text>
      <textSize>12</textSize>
      <lineSpacing>16</lineSpacing>
      <selectedIndex>-1</selectedIndex>
    </control>
    <control controlID="0FDCA93D-97D0-40A5-BEE7-0B6B27F280F4" controlTypeID="TextArea" x="578" y="1132" w="170" h="51" zOrder="57">
      <font family="%E5%BE%AE%E8%BD%AF%E9%9B%85%E9%BB%91" displayName="%E5%BE%AE%E8%BD%AF%E9%9B%85%E9%BB%91" postScript="" weightStyle="Regular" weight="400" isBold="False" isItalic="False"/>
      <text>%E6%96%87%E5%AD%97%E4%BB%8B%E7%BB%8D01010100101001010101101010010101010101</text>
      <textSize>12</textSize>
      <lineSpacing>16</lineSpacing>
      <selectedIndex>-1</selectedIndex>
    </control>
    <control controlID="0BAE1749-B25A-45AA-9012-5A2C1C7AA225" controlTypeID="__group__" x="61" y="1177" w="162" h="13" zOrder="58">
      <groupChildrenDescriptors>
        <control controlID="114067AD-63F7-4055-B889-3A6ED8C3E1F2" controlTypeID="Shape" x="0" y="0" w="63" h="13" zOrder="0">
          <color>4278229503</color>
          <borderVisible>False</borderVisible>
          <font family="%E5%BE%AE%E8%BD%AF%E9%9B%85%E9%BB%91" displayName="%E5%BE%AE%E8%BD%AF%E9%9B%85%E9%BB%91" postScript="" weightStyle="Regular" weight="400" isBold="False" isItalic="False"/>
          <textColor>4278255462</textColor>
          <lineSpacing>16</lineSpacing>
          <selectedIndex>-1</selectedIndex>
        </control>
        <control controlID="EE6E9A24-DF8D-4355-B750-281FE013B69A" controlTypeID="Shape" x="63" y="0" w="99" h="13" zOrder="1">
          <color>4291611852</color>
          <borderVisible>False</borderVisible>
          <font family="%E5%BE%AE%E8%BD%AF%E9%9B%85%E9%BB%91" displayName="%E5%BE%AE%E8%BD%AF%E9%9B%85%E9%BB%91" postScript="" weightStyle="Regular" weight="400" isBold="False" isItalic="False"/>
          <textColor>4278255462</textColor>
          <lineSpacing>16</lineSpacing>
          <selectedIndex>-1</selectedIndex>
        </control>
      </groupChildrenDescriptors>
    </control>
    <control controlID="C0885F55-B9A4-4884-9454-90476F139C8F" controlTypeID="__group__" x="321" y="1183" w="162" h="13" zOrder="59">
      <groupChildrenDescriptors>
        <control controlID="49E340C8-D6D5-4274-9170-4D848798AE71" controlTypeID="Shape" x="0" y="0" w="63" h="13" zOrder="0">
          <color>4278229503</color>
          <borderVisible>False</borderVisible>
          <font family="%E5%BE%AE%E8%BD%AF%E9%9B%85%E9%BB%91" displayName="%E5%BE%AE%E8%BD%AF%E9%9B%85%E9%BB%91" postScript="" weightStyle="Regular" weight="400" isBold="False" isItalic="False"/>
          <textColor>4278255462</textColor>
          <lineSpacing>16</lineSpacing>
          <selectedIndex>-1</selectedIndex>
        </control>
        <control controlID="5994CB36-B6B9-47D1-9F71-848AABA075A5" controlTypeID="Shape" x="63" y="0" w="99" h="13" zOrder="1">
          <color>4291611852</color>
          <borderVisible>False</borderVisible>
          <font family="%E5%BE%AE%E8%BD%AF%E9%9B%85%E9%BB%91" displayName="%E5%BE%AE%E8%BD%AF%E9%9B%85%E9%BB%91" postScript="" weightStyle="Regular" weight="400" isBold="False" isItalic="False"/>
          <textColor>4278255462</textColor>
          <lineSpacing>16</lineSpacing>
          <selectedIndex>-1</selectedIndex>
        </control>
      </groupChildrenDescriptors>
    </control>
    <control controlID="9B716FC1-B132-48A8-ABEF-D3CABC2DFA45" controlTypeID="__group__" x="582" y="1183" w="162" h="13" zOrder="60">
      <groupChildrenDescriptors>
        <control controlID="5AECE29C-BD98-4AC8-ACDC-71FD2382695D" controlTypeID="Shape" x="0" y="0" w="63" h="13" zOrder="0">
          <color>4278229503</color>
          <borderVisible>False</borderVisible>
          <font family="%E5%BE%AE%E8%BD%AF%E9%9B%85%E9%BB%91" displayName="%E5%BE%AE%E8%BD%AF%E9%9B%85%E9%BB%91" postScript="" weightStyle="Regular" weight="400" isBold="False" isItalic="False"/>
          <textColor>4278255462</textColor>
          <lineSpacing>16</lineSpacing>
          <selectedIndex>-1</selectedIndex>
        </control>
        <control controlID="AAD8F83E-7DD0-49FB-AD91-9E5EC0F051AA" controlTypeID="Shape" x="63" y="0" w="99" h="13" zOrder="1">
          <color>4291611852</color>
          <borderVisible>False</borderVisible>
          <font family="%E5%BE%AE%E8%BD%AF%E9%9B%85%E9%BB%91" displayName="%E5%BE%AE%E8%BD%AF%E9%9B%85%E9%BB%91" postScript="" weightStyle="Regular" weight="400" isBold="False" isItalic="False"/>
          <textColor>4278255462</textColor>
          <lineSpacing>16</lineSpacing>
          <selectedIndex>-1</selectedIndex>
        </control>
      </groupChildrenDescriptors>
    </control>
    <control controlID="96FC7B7E-935F-41C7-94E6-BBB33C405DC8" controlTypeID="Label" x="65" y="1201" w="85" h="16" zOrder="61">
      <font family="%E5%BE%AE%E8%BD%AF%E9%9B%85%E9%BB%91" displayName="%E5%BE%AE%E8%BD%AF%E9%9B%85%E9%BB%91" postScript="" weightStyle="Regular" weight="400" isBold="False" isItalic="False"/>
      <text>%E7%9B%AE%E6%A0%87%EF%BC%9A300%2C000</text>
      <textSize>12</textSize>
      <lineSpacing>16</lineSpacing>
      <selectedIndex>-1</selectedIndex>
    </control>
    <control controlID="429F4A55-B9D9-4AC3-80BC-D5701939CCA9" controlTypeID="Label" x="325" y="1207" w="85" h="16" zOrder="62">
      <font family="%E5%BE%AE%E8%BD%AF%E9%9B%85%E9%BB%91" displayName="%E5%BE%AE%E8%BD%AF%E9%9B%85%E9%BB%91" postScript="" weightStyle="Regular" weight="400" isBold="False" isItalic="False"/>
      <text>%E7%9B%AE%E6%A0%87%EF%BC%9A300%2C000</text>
      <textSize>12</textSize>
      <lineSpacing>16</lineSpacing>
      <selectedIndex>-1</selectedIndex>
    </control>
    <control controlID="04332757-AC4E-4432-B58F-FF2A019CCD09" controlTypeID="Label" x="586" y="1207" w="85" h="16" zOrder="63">
      <font family="%E5%BE%AE%E8%BD%AF%E9%9B%85%E9%BB%91" displayName="%E5%BE%AE%E8%BD%AF%E9%9B%85%E9%BB%91" postScript="" weightStyle="Regular" weight="400" isBold="False" isItalic="False"/>
      <text>%E7%9B%AE%E6%A0%87%EF%BC%9A300%2C000</text>
      <textSize>12</textSize>
      <lineSpacing>16</lineSpacing>
      <selectedIndex>-1</selectedIndex>
    </control>
    <control controlID="4387B4D6-998E-4613-A5D7-9DDEFD6F594F" controlTypeID="Label" x="62" y="1233" w="78" h="16" zOrder="64">
      <font family="%E5%BE%AE%E8%BD%AF%E9%9B%85%E9%BB%91" displayName="%E5%BE%AE%E8%BD%AF%E9%9B%85%E9%BB%91" postScript="" weightStyle="Regular" weight="400" isBold="False" isItalic="False"/>
      <text>%E8%B5%B7%E6%8A%95%EF%BC%9A10%2C000</text>
      <textSize>12</textSize>
      <lineSpacing>16</lineSpacing>
      <selectedIndex>-1</selectedIndex>
    </control>
    <control controlID="14ECAA57-16D1-447E-82E9-99C6AD012C65" controlTypeID="Label" x="322" y="1239" w="78" h="16" zOrder="65">
      <font family="%E5%BE%AE%E8%BD%AF%E9%9B%85%E9%BB%91" displayName="%E5%BE%AE%E8%BD%AF%E9%9B%85%E9%BB%91" postScript="" weightStyle="Regular" weight="400" isBold="False" isItalic="False"/>
      <text>%E8%B5%B7%E6%8A%95%EF%BC%9A10%2C000</text>
      <textSize>12</textSize>
      <lineSpacing>16</lineSpacing>
      <selectedIndex>-1</selectedIndex>
    </control>
    <control controlID="6E0472EE-1AF1-4A0D-A5E2-42F111698257" controlTypeID="Label" x="583" y="1239" w="78" h="16" zOrder="66">
      <font family="%E5%BE%AE%E8%BD%AF%E9%9B%85%E9%BB%91" displayName="%E5%BE%AE%E8%BD%AF%E9%9B%85%E9%BB%91" postScript="" weightStyle="Regular" weight="400" isBold="False" isItalic="False"/>
      <text>%E8%B5%B7%E6%8A%95%EF%BC%9A10%2C000</text>
      <textSize>12</textSize>
      <lineSpacing>16</lineSpacing>
      <selectedIndex>-1</selectedIndex>
    </control>
    <control controlID="14A64986-E531-43B8-854F-2B2211A0B44B" controlTypeID="Shape" x="52" y="970" w="215" h="290" zOrder="67">
      <color>4292335575</color>
      <borderVisible>False</borderVisible>
      <opacity>0.800000011920929</opacity>
      <font family="%E5%BE%AE%E8%BD%AF%E9%9B%85%E9%BB%91" displayName="%E5%BE%AE%E8%BD%AF%E9%9B%85%E9%BB%91" postScript="" weightStyle="Regular" weight="400" isBold="False" isItalic="False"/>
      <text>%E8%AE%A1%E5%88%92%E4%B8%AD</text>
      <lineSpacing>16</lineSpacing>
      <selectedIndex>-1</selectedIndex>
    </control>
    <control controlID="746663DF-790E-4886-AA72-D8448152A2F3" controlTypeID="Shape" x="52" y="1359" w="215" h="290" zOrder="68">
      <color>4292335575</color>
      <borderVisible>False</borderVisible>
      <opacity>0.800000011920929</opacity>
      <font family="%E5%BE%AE%E8%BD%AF%E9%9B%85%E9%BB%91" displayName="%E5%BE%AE%E8%BD%AF%E9%9B%85%E9%BB%91" postScript="" weightStyle="Regular" weight="400" isBold="False" isItalic="False"/>
      <text>%E5%B7%B2%E5%AE%8C%E6%88%90</text>
      <lineSpacing>16</lineSpacing>
      <selectedIndex>-1</selectedIndex>
    </control>
    <control controlID="CDE809A7-E1C8-4FE2-A2F9-E441568AAE54" controlTypeID="Shape" x="294" y="1359" w="215" h="290" zOrder="69">
      <color>4292335575</color>
      <borderVisible>False</borderVisible>
      <opacity>0.800000011920929</opacity>
      <font family="%E5%BE%AE%E8%BD%AF%E9%9B%85%E9%BB%91" displayName="%E5%BE%AE%E8%BD%AF%E9%9B%85%E9%BB%91" postScript="" weightStyle="Regular" weight="400" isBold="False" isItalic="False"/>
      <text>%E5%B7%B2%E5%AE%8C%E6%88%90</text>
      <lineSpacing>16</lineSpacing>
      <selectedIndex>-1</selectedIndex>
    </control>
    <control controlID="BE4BAA5A-1F98-4799-8046-B09FE7458D7C" controlTypeID="Shape" x="538" y="1359" w="215" h="290" zOrder="70">
      <color>4292335575</color>
      <borderVisible>False</borderVisible>
      <opacity>0.800000011920929</opacity>
      <font family="%E5%BE%AE%E8%BD%AF%E9%9B%85%E9%BB%91" displayName="%E5%BE%AE%E8%BD%AF%E9%9B%85%E9%BB%91" postScript="" weightStyle="Regular" weight="400" isBold="False" isItalic="False"/>
      <text>%E5%B7%B2%E5%AE%8C%E6%88%90</text>
      <lineSpacing>16</lineSpacing>
      <selectedIndex>-1</selectedIndex>
    </control>
    <control controlID="08864D9C-5C77-473C-A9EF-C772488804EB" controlTypeID="Shape" x="295" y="976" w="215" h="290" zOrder="71">
      <color>4292335575</color>
      <borderVisible>False</borderVisible>
      <opacity>0.800000011920929</opacity>
      <font family="%E5%BE%AE%E8%BD%AF%E9%9B%85%E9%BB%91" displayName="%E5%BE%AE%E8%BD%AF%E9%9B%85%E9%BB%91" postScript="" weightStyle="Regular" weight="400" isBold="False" isItalic="False"/>
      <text>%E8%AE%A1%E5%88%92%E4%B8%AD</text>
      <lineSpacing>16</lineSpacing>
      <selectedIndex>-1</selectedIndex>
    </control>
    <control controlID="26C4D3CB-5AAA-4B2D-9317-5CC333A0B29A" controlTypeID="Shape" x="538" y="976" w="215" h="290" zOrder="72">
      <color>4292335575</color>
      <borderVisible>False</borderVisible>
      <opacity>0.800000011920929</opacity>
      <font family="%E5%BE%AE%E8%BD%AF%E9%9B%85%E9%BB%91" displayName="%E5%BE%AE%E8%BD%AF%E9%9B%85%E9%BB%91" postScript="" weightStyle="Regular" weight="400" isBold="False" isItalic="False"/>
      <text>%E8%AE%A1%E5%88%92%E4%B8%AD</text>
      <lineSpacing>16</lineSpacing>
      <selectedIndex>-1</selectedIndex>
    </control>
    <control controlID="7AEF6A91-CF3C-49F4-AAB3-C577544CA7EC" controlTypeID="Label" x="173" y="1201" w="52" h="16" zOrder="73">
      <font family="%E5%BE%AE%E8%BD%AF%E9%9B%85%E9%BB%91" displayName="%E5%BE%AE%E8%BD%AF%E9%9B%85%E9%BB%91" postScript="" weightStyle="Regular" weight="400" isBold="False" isItalic="False"/>
      <text>%E5%89%A9%E4%BD%99%E6%97%B6%E9%97%B4</text>
      <textColor>4288256409</textColor>
      <textSize>12</textSize>
      <lineSpacing>16</lineSpacing>
      <selectedIndex>-1</selectedIndex>
    </control>
    <control controlID="59BEA378-E24A-4AB2-A69E-2957AAE49FAE" controlTypeID="Label" x="433" y="1207" w="52" h="16" zOrder="74">
      <font family="%E5%BE%AE%E8%BD%AF%E9%9B%85%E9%BB%91" displayName="%E5%BE%AE%E8%BD%AF%E9%9B%85%E9%BB%91" postScript="" weightStyle="Regular" weight="400" isBold="False" isItalic="False"/>
      <text>%E5%89%A9%E4%BD%99%E6%97%B6%E9%97%B4</text>
      <textColor>4288256409</textColor>
      <textSize>12</textSize>
      <lineSpacing>16</lineSpacing>
      <selectedIndex>-1</selectedIndex>
    </control>
    <control controlID="9476B0FF-1391-465D-A577-3E4A9F3978F9" controlTypeID="Label" x="694" y="1207" w="52" h="16" zOrder="75">
      <font family="%E5%BE%AE%E8%BD%AF%E9%9B%85%E9%BB%91" displayName="%E5%BE%AE%E8%BD%AF%E9%9B%85%E9%BB%91" postScript="" weightStyle="Regular" weight="400" isBold="False" isItalic="False"/>
      <text>%E5%89%A9%E4%BD%99%E6%97%B6%E9%97%B4</text>
      <textColor>4288256409</textColor>
      <textSize>12</textSize>
      <lineSpacing>16</lineSpacing>
      <selectedIndex>-1</selectedIndex>
    </control>
    <control controlID="ABC394B4-B7AD-4852-8675-717487C7C398" controlTypeID="Label" x="173" y="1217" w="42" h="37" zOrder="76">
      <font family="%E5%BE%AE%E8%BD%AF%E9%9B%85%E9%BB%91" displayName="%E5%BE%AE%E8%BD%AF%E9%9B%85%E9%BB%91" postScript="" weightStyle="Regular" weight="400" isBold="False" isItalic="False"/>
      <text>10</text>
      <textColor>4291611852</textColor>
      <textSize>28</textSize>
      <lineSpacing>37</lineSpacing>
      <useDefaultTextSize>False</useDefaultTextSize>
      <selectedIndex>-1</selectedIndex>
    </control>
    <control controlID="14240A1C-943B-4C82-89DE-7B39A9E2B79A" controlTypeID="Label" x="433" y="1223" w="42" h="37" zOrder="77">
      <font family="%E5%BE%AE%E8%BD%AF%E9%9B%85%E9%BB%91" displayName="%E5%BE%AE%E8%BD%AF%E9%9B%85%E9%BB%91" postScript="" weightStyle="Regular" weight="400" isBold="False" isItalic="False"/>
      <text>10</text>
      <textColor>4291611852</textColor>
      <textSize>28</textSize>
      <lineSpacing>37</lineSpacing>
      <useDefaultTextSize>False</useDefaultTextSize>
      <selectedIndex>-1</selectedIndex>
    </control>
    <control controlID="13EB8D48-D887-4802-82F8-16EADAC16FCD" controlTypeID="Label" x="694" y="1223" w="42" h="37" zOrder="78">
      <font family="%E5%BE%AE%E8%BD%AF%E9%9B%85%E9%BB%91" displayName="%E5%BE%AE%E8%BD%AF%E9%9B%85%E9%BB%91" postScript="" weightStyle="Regular" weight="400" isBold="False" isItalic="False"/>
      <text>10</text>
      <textColor>4291611852</textColor>
      <textSize>28</textSize>
      <lineSpacing>37</lineSpacing>
      <useDefaultTextSize>False</useDefaultTextSize>
      <selectedIndex>-1</selectedIndex>
    </control>
    <control controlID="3DAD629C-2E69-40F7-9A23-9CA4CB2057D6" controlTypeID="Label" x="209" y="1233" w="16" h="16" zOrder="79">
      <font family="%E5%BE%AE%E8%BD%AF%E9%9B%85%E9%BB%91" displayName="%E5%BE%AE%E8%BD%AF%E9%9B%85%E9%BB%91" postScript="" weightStyle="Regular" weight="400" isBold="False" isItalic="False"/>
      <text>%E5%A4%A9</text>
      <textColor>4291611852</textColor>
      <textSize>12</textSize>
      <lineSpacing>16</lineSpacing>
      <selectedIndex>-1</selectedIndex>
    </control>
    <control controlID="464B4131-0849-4CDE-AE03-4998C9E6ABB2" controlTypeID="Label" x="469" y="1239" w="16" h="16" zOrder="80">
      <font family="%E5%BE%AE%E8%BD%AF%E9%9B%85%E9%BB%91" displayName="%E5%BE%AE%E8%BD%AF%E9%9B%85%E9%BB%91" postScript="" weightStyle="Regular" weight="400" isBold="False" isItalic="False"/>
      <text>%E5%A4%A9</text>
      <textColor>4291611852</textColor>
      <textSize>12</textSize>
      <lineSpacing>16</lineSpacing>
      <selectedIndex>-1</selectedIndex>
    </control>
    <control controlID="383CA283-C800-4F43-AFBC-4122D2B35780" controlTypeID="Label" x="730" y="1239" w="16" h="16" zOrder="81">
      <font family="%E5%BE%AE%E8%BD%AF%E9%9B%85%E9%BB%91" displayName="%E5%BE%AE%E8%BD%AF%E9%9B%85%E9%BB%91" postScript="" weightStyle="Regular" weight="400" isBold="False" isItalic="False"/>
      <text>%E5%A4%A9</text>
      <textColor>4291611852</textColor>
      <textSize>12</textSize>
      <lineSpacing>16</lineSpacing>
      <selectedIndex>-1</selectedIndex>
    </control>
    <control controlID="26A203A9-F76A-4F75-853F-5D0332269398" controlTypeID="Label" x="52" y="914" w="104" h="32" zOrder="82">
      <font family="%E5%BE%AE%E8%BD%AF%E9%9B%85%E9%BB%91" displayName="%E5%BE%AE%E8%BD%AF%E9%9B%85%E9%BB%91" postScript="" weightStyle="Regular" weight="400" isBold="False" isItalic="False"/>
      <text>%E8%BF%91%E6%9C%9F%E4%B8%8A%E7%BA%BF</text>
      <textSize>24</textSize>
      <lineSpacing>32</lineSpacing>
      <useDefaultTextSize>False</useDefaultTextSize>
      <selectedIndex>-1</selectedIndex>
    </control>
    <control controlID="93852F31-3FDB-4501-B6CE-907764749C06" controlTypeID="Label" x="52" y="1302" w="101" h="32" zOrder="83">
      <font family="%E5%BE%AE%E8%BD%AF%E9%9B%85%E9%BB%91" displayName="%E5%BE%AE%E8%BD%AF%E9%9B%85%E9%BB%91" postScript="" weightStyle="Regular" weight="400" isBold="False" isItalic="False"/>
      <text>%E5%AE%8C%E6%88%90%E9%A1%B9%E7%9B%AE</text>
      <textSize>24</textSize>
      <lineSpacing>32</lineSpacing>
      <useDefaultTextSize>False</useDefaultTextSize>
      <selectedIndex>-1</selectedIndex>
    </control>
    <control controlID="329E68EF-23F6-450F-8219-E877931B98BC" controlTypeID="Shape" x="0" y="1714" w="802" h="247" zOrder="84">
      <color>906009087</color>
      <borderColor>6710886</borderColor>
      <opacity>0.800000011920929</opacity>
      <remarkText>%E9%A2%9C%E8%89%B2%EF%BC%9A0099FF%0D%0A%E9%80%8F%E6%98%8E%E5%BA%A6%EF%BC%9A21%0D%0A%0D%0A</remarkText>
      <font family="%E5%BE%AE%E8%BD%AF%E9%9B%85%E9%BB%91" displayName="%E5%BE%AE%E8%BD%AF%E9%9B%85%E9%BB%91" postScript="" weightStyle="Regular" weight="400" isBold="False" isItalic="False"/>
      <lineSpacing>16</lineSpacing>
      <selectedIndex>-1</selectedIndex>
    </control>
    <control controlID="D542CF82-F4BC-4651-ACB5-4C60B4130CD1" controlTypeID="Label" x="300" y="1739" w="206" h="37" zOrder="85">
      <font family="%E5%BE%AE%E8%BD%AF%E9%9B%85%E9%BB%91" displayName="%E5%BE%AE%E8%BD%AF%E9%9B%85%E9%BB%91" postScript="" weightStyle="Regular" weight="400" isBold="False" isItalic="False"/>
      <text>%E5%8F%91%E7%8E%B0%E8%B4%A2%E5%AF%8C%E7%9A%84%E7%A7%98%E5%AF%86</text>
      <textSize>28</textSize>
      <lineSpacing>37</lineSpacing>
      <useDefaultTextSize>False</useDefaultTextSize>
      <selectedIndex>-1</selectedIndex>
    </control>
    <control controlID="EF07616D-9BDD-4AE5-AA99-400DE6001DE1" controlTypeID="PageControlEx" x="339" y="454" w="120" h="40" zOrder="86">
      <columnCount>3</columnCount>
      <selectedIndex>2</selectedIndex>
    </control>
    <control controlID="EC73C2B7-CB9D-489D-82BF-1B61C72E792A" controlTypeID="Shape" x="52" y="1825" w="80" h="80" zOrder="87">
      <color>4278229503</color>
      <borderVisible>False</borderVisible>
      <font family="%E5%BE%AE%E8%BD%AF%E9%9B%85%E9%BB%91" displayName="%E5%BE%AE%E8%BD%AF%E9%9B%85%E9%BB%91" postScript="" weightStyle="Regular" weight="400" isBold="False" isItalic="False"/>
      <text>%E5%85%B3%E6%B3%A8%E9%A1%B9%E7%9B%AE</text>
      <lineSpacing>16</lineSpacing>
      <selectedIndex>-1</selectedIndex>
    </control>
    <control controlID="03D1D8D1-73A5-46C5-8332-DC249AC55B01" controlTypeID="Shape" x="203" y="1825" w="80" h="80" zOrder="88">
      <color>4278229503</color>
      <borderVisible>False</borderVisible>
      <font family="%E5%BE%AE%E8%BD%AF%E9%9B%85%E9%BB%91" displayName="%E5%BE%AE%E8%BD%AF%E9%9B%85%E9%BB%91" postScript="" weightStyle="Regular" weight="400" isBold="False" isItalic="False"/>
      <text>%E4%BA%86%E8%A7%A3%E9%A1%B9%E7%9B%AE</text>
      <lineSpacing>16</lineSpacing>
      <selectedIndex>-1</selectedIndex>
    </control>
    <control controlID="9D141F0F-40D2-4424-AC2F-615A18C4CEFE" controlTypeID="Shape" x="354" y="1825" w="80" h="80" zOrder="89">
      <color>4278229503</color>
      <borderVisible>False</borderVisible>
      <font family="%E5%BE%AE%E8%BD%AF%E9%9B%85%E9%BB%91" displayName="%E5%BE%AE%E8%BD%AF%E9%9B%85%E9%BB%91" postScript="" weightStyle="Regular" weight="400" isBold="False" isItalic="False"/>
      <text>%E9%A1%B9%E7%9B%AE%E8%B4%AD%E4%B9%B0</text>
      <lineSpacing>16</lineSpacing>
      <selectedIndex>-1</selectedIndex>
    </control>
    <control controlID="17464F01-994F-402D-A52F-7346A5F54F36" controlTypeID="Shape" x="505" y="1825" w="80" h="80" zOrder="90">
      <color>4278229503</color>
      <borderVisible>False</borderVisible>
      <font family="%E5%BE%AE%E8%BD%AF%E9%9B%85%E9%BB%91" displayName="%E5%BE%AE%E8%BD%AF%E9%9B%85%E9%BB%91" postScript="" weightStyle="Regular" weight="400" isBold="False" isItalic="False"/>
      <text>%E5%8D%8F%E8%AE%AE%E7%AD%BE%E7%BD%B2</text>
      <lineSpacing>16</lineSpacing>
      <selectedIndex>-1</selectedIndex>
    </control>
    <control controlID="67D0BE9A-2A2A-4EF5-9AA0-A71A1D26F9DD" controlTypeID="Shape" x="656" y="1825" w="80" h="80" zOrder="91">
      <color>4278229503</color>
      <borderVisible>False</borderVisible>
      <font family="%E5%BE%AE%E8%BD%AF%E9%9B%85%E9%BB%91" displayName="%E5%BE%AE%E8%BD%AF%E9%9B%85%E9%BB%91" postScript="" weightStyle="Regular" weight="400" isBold="False" isItalic="False"/>
      <text>%E8%B4%A2%E5%AF%8C%E5%AE%9E%E7%8E%B0</text>
      <lineSpacing>16</lineSpacing>
      <selectedIndex>-1</selectedIndex>
    </control>
    <control controlID="88992337-D315-4052-9F00-8C710E15DDC2" controlTypeID="Label" x="320" y="2006" w="148" h="24" zOrder="92">
      <font family="%E5%BE%AE%E8%BD%AF%E9%9B%85%E9%BB%91" displayName="%E5%BE%AE%E8%BD%AF%E9%9B%85%E9%BB%91" postScript="" weightStyle="Regular" weight="400" isBold="False" isItalic="False"/>
      <text>%E5%85%A8%E5%90%8D%E5%BD%93%E9%93%BA%E4%BC%97%E7%AD%B9%E9%A1%B9%E7%9B%AE</text>
      <textSize>18</textSize>
      <lineSpacing>24</lineSpacing>
      <useDefaultTextSize>False</useDefaultTextSize>
      <selectedIndex>-1</selectedIndex>
    </control>
    <control controlID="18510F48-B30E-400E-B7B0-3FEBE378CC9F" controlTypeID="Button" x="337" y="2157" w="106" h="42" zOrder="93">
      <color>4278229503</color>
      <borderVisible>False</borderVisible>
      <font family="%E5%BE%AE%E8%BD%AF%E9%9B%85%E9%BB%91" displayName="%E5%BE%AE%E8%BD%AF%E9%9B%85%E9%BB%91" postScript="" weightStyle="Regular" weight="400" isBold="False" isItalic="False"/>
      <text>%E4%BA%86%E8%A7%A3%E6%9B%B4%E5%A4%9A</text>
      <textSize>16</textSize>
      <lineSpacing>21</lineSpacing>
      <useDefaultTextSize>False</useDefaultTextSize>
      <selectedIndex>-1</selectedIndex>
      <radius>4</radius>
    </control>
    <control controlID="19DE6C9E-DC85-4C1A-BA3A-D228BE4BECE6" controlTypeID="TextArea" x="312" y="2059" w="156" h="60" zOrder="94">
      <font family="%E5%BE%AE%E8%BD%AF%E9%9B%85%E9%BB%91" displayName="%E5%BE%AE%E8%BD%AF%E9%9B%85%E9%BB%91" postScript="" weightStyle="Regular" weight="400" isBold="False" isItalic="False"/>
      <text>%E6%83%B3%E7%9F%A5%E9%81%93%E6%9B%B4%E5%A4%9A%E5%85%B3%E4%BA%8E%E9%A1%B9%E7%9B%AE%E5%8F%91%E7%94%9F%0D%0A%0D%0A%E6%88%96%E5%BC%80%E5%A7%8B%E4%BD%A0%E8%87%AA%E5%B7%B1</text>
      <textSize>12</textSize>
      <textAlign>HaCenter</textAlign>
      <lineSpacing>16</lineSpacing>
      <selectedIndex>-1</selectedIndex>
    </control>
    <control controlID="D1E38F9E-01DE-43E7-B6C3-B581C2A2549B" controlTypeID="Master" x="0" y="2254" w="802" h="248" zOrder="95" masterID="114A9CE0-90CE-4720-937C-9AABE8131D61">
      <groupChildrenDescriptors>
        <control controlID="5092C63C-9399-4A66-B36F-0134FB0B323B" controlTypeID="Shape" x="0" y="0" w="802" h="246" zOrder="0">
          <color>4281545523</color>
          <font family="%E5%BE%AE%E8%BD%AF%E9%9B%85%E9%BB%91" displayName="%E5%BE%AE%E8%BD%AF%E9%9B%85%E9%BB%91" postScript="" weightStyle="Regular" weight="400" isBold="False" isItalic="False"/>
          <lineSpacing>16</lineSpacing>
          <selectedIndex>-1</selectedIndex>
        </control>
        <control controlID="CD008E39-286C-4D44-B350-B31BC31E110B" controlTypeID="Label" x="50" y="61" w="233" h="43" zOrder="1">
          <font family="%E5%BE%AE%E8%BD%AF%E9%9B%85%E9%BB%91" displayName="%E5%BE%AE%E8%BD%AF%E9%9B%85%E9%BB%91" postScript="" weightStyle="Regular" weight="400" isBold="False" isItalic="False"/>
          <text>%E5%85%A8%E5%90%8D%E5%BD%93%E9%93%BA%E4%BC%97%E7%AD%B9%E7%BD%91</text>
          <textColor>4294967295</textColor>
          <textSize>32</textSize>
          <lineSpacing>42</lineSpacing>
          <useDefaultTextSize>False</useDefaultTextSize>
          <selectedIndex>-1</selectedIndex>
        </control>
        <control controlID="8F747535-9BC7-444B-872E-2856CE9DDD91" controlTypeID="Label" x="213" y="128" w="61" h="19" zOrder="2">
          <font family="%E5%BE%AE%E8%BD%AF%E9%9B%85%E9%BB%91" displayName="%E5%BE%AE%E8%BD%AF%E9%9B%85%E9%BB%91" postScript="" weightStyle="Regular" weight="400" isBold="False" isItalic="False"/>
          <text>%E5%85%B3%E4%BA%8E%E6%88%91%E4%BB%AC</text>
          <textColor>4288256409</textColor>
          <lineSpacing>18</lineSpacing>
          <useDefaultTextSize>False</useDefaultTextSize>
          <selectedIndex>-1</selectedIndex>
        </control>
        <control controlID="A3CB5EA6-4F15-4BC3-AEB8-635A5CBAA538" controlTypeID="QRCode" x="597" y="90" w="66" h="66" zOrder="3"/>
        <control controlID="DA363860-A9E6-430E-9FC4-26978ADFF7EA" controlTypeID="QRCode" x="680" y="90" w="66" h="66" zOrder="4"/>
        <control controlID="6E16D783-0F6E-4A02-B1F7-0C443C0D1DDC" controlTypeID="Shape" x="0" y="208" w="802" h="40" zOrder="5">
          <color>4278190080</color>
          <font family="%E5%BE%AE%E8%BD%AF%E9%9B%85%E9%BB%91" displayName="%E5%BE%AE%E8%BD%AF%E9%9B%85%E9%BB%91" postScript="" weightStyle="Regular" weight="400" isBold="False" isItalic="False"/>
          <lineSpacing>16</lineSpacing>
          <selectedIndex>-1</selectedIndex>
        </control>
        <control controlID="AE1A5E58-D4B1-4EA2-BEFA-4F1A28C3DAFF" controlTypeID="Label" x="304" y="222" w="171" h="16" zOrder="6">
          <font family="%E5%BE%AE%E8%BD%AF%E9%9B%85%E9%BB%91" displayName="%E5%BE%AE%E8%BD%AF%E9%9B%85%E9%BB%91" postScript="" weightStyle="Regular" weight="400" isBold="False" isItalic="False"/>
          <text>%E5%A4%87%E6%A1%88%E5%8F%B7%EF%BC%9A10010101010100111</text>
          <textColor>4291611852</textColor>
          <textSize>12</textSize>
          <lineSpacing>16</lineSpacing>
          <useDefaultTextSize>False</useDefaultTextSize>
          <selectedIndex>-1</selectedIndex>
        </control>
      </groupChildrenDescriptors>
    </control>
    <control controlID="BC1040C7-7839-43F4-8438-627D092810CB" controlTypeID="Master" x="0" y="0" w="802" h="60" zOrder="96" masterID="C093F9E6-8DD1-4C7B-8980-C4E087FE62F9">
      <groupChildrenDescriptors>
        <control controlID="E7952A55-0F27-4529-8A78-90321F46DC70" controlTypeID="Shape" x="0" y="0" w="802" h="60" zOrder="0">
          <font family="%E5%BE%AE%E8%BD%AF%E9%9B%85%E9%BB%91" displayName="%E5%BE%AE%E8%BD%AF%E9%9B%85%E9%BB%91" postScript="" weightStyle="Regular" weight="400" isBold="False" isItalic="False"/>
          <textSize>18</textSize>
          <lineSpacing>24</lineSpacing>
          <useDefaultTextSize>False</useDefaultTextSize>
          <selectedIndex>-1</selectedIndex>
        </control>
        <control controlID="B02C6B0E-AD8B-4491-83C5-9CAC3AB0D6BD" controlTypeID="Label" x="335" y="26" w="78" h="24" zOrder="1">
          <font family="%E5%BE%AE%E8%BD%AF%E9%9B%85%E9%BB%91" displayName="%E5%BE%AE%E8%BD%AF%E9%9B%85%E9%BB%91" postScript="" weightStyle="Regular" weight="400" isBold="False" isItalic="False"/>
          <text>%E5%85%A8%E5%90%8D%E5%BD%93%E9%93%BA</text>
          <textSize>18</textSize>
          <lineSpacing>24</lineSpacing>
          <useDefaultTextSize>False</useDefaultTextSize>
          <selectedIndex>-1</selectedIndex>
        </control>
        <control controlID="297198A7-A687-450B-98CD-04BE6BF13AA4" controlTypeID="Label" x="146" y="24" w="69" h="22" zOrder="2">
          <font family="%E5%BE%AE%E8%BD%AF%E9%9B%85%E9%BB%91" displayName="%E5%BE%AE%E8%BD%AF%E9%9B%85%E9%BB%91" postScript="" weightStyle="Regular" weight="400" isBold="False" isItalic="False"/>
          <text>%E5%85%B3%E4%BA%8E%E6%88%91%E4%BB%AC</text>
          <textSize>16</textSize>
          <lineSpacing>21</lineSpacing>
          <useDefaultTextSize>False</useDefaultTextSize>
          <selectedIndex>-1</selectedIndex>
        </control>
        <control controlID="AFA3888E-3EAB-4DEB-91EA-1C94D22007F2" controlTypeID="Label" x="20" y="24" w="102" h="22" zOrder="3">
          <font family="%E5%BE%AE%E8%BD%AF%E9%9B%85%E9%BB%91" displayName="%E5%BE%AE%E8%BD%AF%E9%9B%85%E9%BB%91" postScript="" weightStyle="Regular" weight="400" isBold="False" isItalic="False"/>
          <text>%E5%85%A8%E6%B0%91%E5%BD%93%E9%93%BA%E5%95%86%E5%9F%8E</text>
          <textSize>16</textSize>
          <lineSpacing>21</lineSpacing>
          <useDefaultTextSize>False</useDefaultTextSize>
          <selectedIndex>-1</selectedIndex>
        </control>
        <control controlID="1E485A4E-E96E-441C-8713-459742F9E6F5" controlTypeID="Search" x="573" y="22" w="90" h="24" zOrder="4">
          <font family="%E5%BE%AE%E8%BD%AF%E9%9B%85%E9%BB%91" displayName="%E5%BE%AE%E8%BD%AF%E9%9B%85%E9%BB%91" postScript="" weightStyle="Regular" weight="400" isBold="False" isItalic="False"/>
          <textVAlign>VaTop</textVAlign>
          <lineSpacing>16</lineSpacing>
          <selectedIndex>-1</selectedIndex>
        </control>
        <control controlID="21771832-8C6C-435B-9EA9-C79C00F7A8A8" controlTypeID="AvatarEx" x="712" y="9" w="41" h="41" zOrder="5">
          <color>4284900966</color>
          <groupChildrenDescriptors>
            <control controlID="7DAEF9F2-829D-45DD-A874-35B747D6778E" controlTypeID="Shape" x="0" y="0" w="41" h="41" zOrder="0">
              <color>4288256409</color>
              <canMove>False</canMove>
              <alias>shape</alias>
              <font family="%E5%BE%AE%E8%BD%AF%E9%9B%85%E9%BB%91" displayName="%E5%BE%AE%E8%BD%AF%E9%9B%85%E9%BB%91" postScript="" weightStyle="Regular" weight="400" isBold="False" isItalic="False"/>
              <lineSpacing>16</lineSpacing>
              <selectedIndex>-1</selectedIndex>
              <thickness>2</thickness>
            </control>
            <control controlID="78C22912-D676-4FB5-A4E0-713CEAABF727" controlTypeID="Icon" x="5" y="8" w="31" h="31" zOrder="1">
              <color>4294967295</color>
              <canMove>False</canMove>
              <alias>icon</alias>
              <icon>
                <ID/>
                <iconFontName>jdiconfontB</iconFontName>
                <iconCode>59652</iconCode>
              </icon>
              <URL>467605F5F90D9FF65132C1A6EF883F26.svg</URL>
            </control>
          </groupChildrenDescriptors>
        </control>
      </groupChildrenDescriptors>
    </control>
    <control controlID="E48403DE-A353-46AB-9FD8-40E77F110E2C" controlTypeID="Shape" x="295" y="583" w="215" h="290" zOrder="97">
      <font family="%E5%BE%AE%E8%BD%AF%E9%9B%85%E9%BB%91" displayName="%E5%BE%AE%E8%BD%AF%E9%9B%85%E9%BB%91" postScript="" weightStyle="Regular" weight="400" isBold="False" isItalic="False"/>
      <lineSpacing>16</lineSpacing>
      <selectedIndex>-1</selectedIndex>
    </control>
    <control controlID="F96DF200-BC6E-45B2-85ED-CC79FE34CC0E" controlTypeID="Image" x="295" y="583" w="215" h="145" zOrder="98"/>
    <control controlID="8D08AFC5-5DF3-4C6C-8942-EA440F2B0735" controlTypeID="TextInput" x="311" y="715" w="75" h="24" zOrder="99">
      <color>4278229452</color>
      <font family="%E5%BE%AE%E8%BD%AF%E9%9B%85%E9%BB%91" displayName="%E5%BE%AE%E8%BD%AF%E9%9B%85%E9%BB%91" postScript="" weightStyle="Regular" weight="400" isBold="False" isItalic="False"/>
      <text>%E9%A1%B9%E7%9B%AE%E5%90%8D%E7%A7%B0</text>
      <textSize>12</textSize>
      <lineSpacing>16</lineSpacing>
      <selectedIndex>-1</selectedIndex>
    </control>
    <control controlID="75BF1F01-78BA-48BE-AB16-51219A635FF1" controlTypeID="TextArea" x="301" y="739" w="203" h="51" zOrder="100">
      <font family="%E5%BE%AE%E8%BD%AF%E9%9B%85%E9%BB%91" displayName="%E5%BE%AE%E8%BD%AF%E9%9B%85%E9%BB%91" postScript="" weightStyle="Regular" weight="400" isBold="False" isItalic="False"/>
      <text>%E6%A0%87%E9%A2%9801010100101001010101101010010101010101</text>
      <textSize>12</textSize>
      <lineSpacing>16</lineSpacing>
      <selectedIndex>-1</selectedIndex>
    </control>
    <control controlID="B073FE58-50CD-48DD-88E3-DB98E3691605" controlTypeID="__group__" x="306" y="790" w="194" h="13" zOrder="101">
      <groupChildrenDescriptors>
        <control controlID="529D74AF-7827-4400-ACC2-544FCB117F54" controlTypeID="Shape" x="0" y="0" w="75" h="13" zOrder="0">
          <color>4278229503</color>
          <borderVisible>False</borderVisible>
          <font family="%E5%BE%AE%E8%BD%AF%E9%9B%85%E9%BB%91" displayName="%E5%BE%AE%E8%BD%AF%E9%9B%85%E9%BB%91" postScript="" weightStyle="Regular" weight="400" isBold="False" isItalic="False"/>
          <textColor>4278255462</textColor>
          <lineSpacing>16</lineSpacing>
          <selectedIndex>-1</selectedIndex>
        </control>
        <control controlID="C6252F9D-78FE-435F-B4D9-DF24F38195E5" controlTypeID="Shape" x="75" y="0" w="119" h="13" zOrder="1">
          <color>4291611852</color>
          <borderVisible>False</borderVisible>
          <font family="%E5%BE%AE%E8%BD%AF%E9%9B%85%E9%BB%91" displayName="%E5%BE%AE%E8%BD%AF%E9%9B%85%E9%BB%91" postScript="" weightStyle="Regular" weight="400" isBold="False" isItalic="False"/>
          <textColor>4278255462</textColor>
          <lineSpacing>16</lineSpacing>
          <selectedIndex>-1</selectedIndex>
        </control>
      </groupChildrenDescriptors>
    </control>
    <control controlID="4DAFEF95-020F-4D30-811F-0F5822C77B84" controlTypeID="Label" x="307" y="814" w="95" h="16" zOrder="102">
      <font family="%E5%BE%AE%E8%BD%AF%E9%9B%85%E9%BB%91" displayName="%E5%BE%AE%E8%BD%AF%E9%9B%85%E9%BB%91" postScript="" weightStyle="Regular" weight="400" isBold="False" isItalic="False"/>
      <text>%E7%9B%AE%E6%A0%87%EF%BC%9A3%2C000%2C000</text>
      <textSize>12</textSize>
      <lineSpacing>16</lineSpacing>
      <selectedIndex>-1</selectedIndex>
    </control>
    <control controlID="1919B3F5-D842-40D7-9E4A-4711213E9303" controlTypeID="Label" x="307" y="846" w="78" h="16" zOrder="103">
      <font family="%E5%BE%AE%E8%BD%AF%E9%9B%85%E9%BB%91" displayName="%E5%BE%AE%E8%BD%AF%E9%9B%85%E9%BB%91" postScript="" weightStyle="Regular" weight="400" isBold="False" isItalic="False"/>
      <text>%E8%B5%B7%E6%8A%95%EF%BC%9A30%2C000</text>
      <textSize>12</textSize>
      <lineSpacing>16</lineSpacing>
      <selectedIndex>-1</selectedIndex>
    </control>
    <control controlID="A6601B10-FCBE-43F4-9823-C6D763F55B40" controlTypeID="Shape" x="295" y="583" w="54" h="25" zOrder="104">
      <color>4292335575</color>
      <borderVisible>False</borderVisible>
      <opacity>0.800000011920929</opacity>
      <font family="%E5%BE%AE%E8%BD%AF%E9%9B%85%E9%BB%91" displayName="%E5%BE%AE%E8%BD%AF%E9%9B%85%E9%BB%91" postScript="" weightStyle="Regular" weight="400" isBold="False" isItalic="False"/>
      <text>%E7%AD%B9%E5%A4%87%E4%B8%AD</text>
      <lineSpacing>16</lineSpacing>
      <selectedIndex>-1</selectedIndex>
    </control>
    <control controlID="25673012-EBE4-47DF-BDC8-B32A023E542B" controlTypeID="Label" x="440" y="814" w="52" h="16" zOrder="105">
      <font family="%E5%BE%AE%E8%BD%AF%E9%9B%85%E9%BB%91" displayName="%E5%BE%AE%E8%BD%AF%E9%9B%85%E9%BB%91" postScript="" weightStyle="Regular" weight="400" isBold="False" isItalic="False"/>
      <text>%E5%89%A9%E4%BD%99%E6%97%B6%E9%97%B4</text>
      <textColor>4288256409</textColor>
      <textSize>12</textSize>
      <lineSpacing>16</lineSpacing>
      <selectedIndex>-1</selectedIndex>
    </control>
    <control controlID="0E800C42-E0F0-47B0-8FEE-F61568F85A5C" controlTypeID="Label" x="440" y="830" w="42" h="37" zOrder="106">
      <font family="%E5%BE%AE%E8%BD%AF%E9%9B%85%E9%BB%91" displayName="%E5%BE%AE%E8%BD%AF%E9%9B%85%E9%BB%91" postScript="" weightStyle="Regular" weight="400" isBold="False" isItalic="False"/>
      <text>10</text>
      <textSize>28</textSize>
      <lineSpacing>37</lineSpacing>
      <useDefaultTextSize>False</useDefaultTextSize>
      <selectedIndex>-1</selectedIndex>
    </control>
    <control controlID="3662B91F-CEB8-467C-AFE3-6430A520DF53" controlTypeID="Label" x="483" y="846" w="16" h="16" zOrder="107">
      <font family="%E5%BE%AE%E8%BD%AF%E9%9B%85%E9%BB%91" displayName="%E5%BE%AE%E8%BD%AF%E9%9B%85%E9%BB%91" postScript="" weightStyle="Regular" weight="400" isBold="False" isItalic="False"/>
      <text>%E5%A4%A9</text>
      <textSize>12</textSize>
      <lineSpacing>16</lineSpacing>
      <selectedIndex>-1</selectedIndex>
    </control>
    <control controlID="66AFFD5B-BEAA-4765-A96F-D4BB59D2A285" controlTypeID="Shape" x="538" y="583" w="215" h="290" zOrder="108">
      <font family="%E5%BE%AE%E8%BD%AF%E9%9B%85%E9%BB%91" displayName="%E5%BE%AE%E8%BD%AF%E9%9B%85%E9%BB%91" postScript="" weightStyle="Regular" weight="400" isBold="False" isItalic="False"/>
      <lineSpacing>16</lineSpacing>
      <selectedIndex>-1</selectedIndex>
    </control>
    <control controlID="FCE9B9FF-2488-42E2-9D99-63DA1B036490" controlTypeID="Image" x="538" y="583" w="215" h="145" zOrder="109"/>
    <control controlID="B2F56AD9-D665-44E5-A70A-1C7B968A3FA1" controlTypeID="TextInput" x="554" y="715" w="75" h="24" zOrder="110">
      <color>4278229503</color>
      <font family="%E5%BE%AE%E8%BD%AF%E9%9B%85%E9%BB%91" displayName="%E5%BE%AE%E8%BD%AF%E9%9B%85%E9%BB%91" postScript="" weightStyle="Regular" weight="400" isBold="False" isItalic="False"/>
      <text>%E9%A1%B9%E7%9B%AE%E5%90%8D%E7%A7%B0</text>
      <textSize>12</textSize>
      <lineSpacing>16</lineSpacing>
      <selectedIndex>-1</selectedIndex>
    </control>
    <control controlID="8EDC3928-FD1D-463C-9320-3ABB1B5EC4E0" controlTypeID="TextArea" x="544" y="739" w="203" h="51" zOrder="111">
      <font family="%E5%BE%AE%E8%BD%AF%E9%9B%85%E9%BB%91" displayName="%E5%BE%AE%E8%BD%AF%E9%9B%85%E9%BB%91" postScript="" weightStyle="Regular" weight="400" isBold="False" isItalic="False"/>
      <text>%E6%A0%87%E9%A2%9801010100101001010101101010010101010101</text>
      <textSize>12</textSize>
      <lineSpacing>16</lineSpacing>
      <selectedIndex>-1</selectedIndex>
    </control>
    <control controlID="E1589D45-FE7F-4709-8A86-86FF99C1B835" controlTypeID="__group__" x="549" y="790" w="194" h="13" zOrder="112">
      <groupChildrenDescriptors>
        <control controlID="15699A3B-7BEB-4021-9632-BB9D243001B8" controlTypeID="Shape" x="0" y="0" w="75" h="13" zOrder="0">
          <color>4278229503</color>
          <borderVisible>False</borderVisible>
          <font family="%E5%BE%AE%E8%BD%AF%E9%9B%85%E9%BB%91" displayName="%E5%BE%AE%E8%BD%AF%E9%9B%85%E9%BB%91" postScript="" weightStyle="Regular" weight="400" isBold="False" isItalic="False"/>
          <textColor>4278255462</textColor>
          <lineSpacing>16</lineSpacing>
          <selectedIndex>-1</selectedIndex>
        </control>
        <control controlID="C6924F06-1304-4112-B42E-8823A9934160" controlTypeID="Shape" x="75" y="0" w="119" h="13" zOrder="1">
          <color>4291611852</color>
          <borderVisible>False</borderVisible>
          <font family="%E5%BE%AE%E8%BD%AF%E9%9B%85%E9%BB%91" displayName="%E5%BE%AE%E8%BD%AF%E9%9B%85%E9%BB%91" postScript="" weightStyle="Regular" weight="400" isBold="False" isItalic="False"/>
          <textColor>4278255462</textColor>
          <lineSpacing>16</lineSpacing>
          <selectedIndex>-1</selectedIndex>
        </control>
      </groupChildrenDescriptors>
    </control>
    <control controlID="7526F33F-346D-4897-BCD0-10A0C42AF269" controlTypeID="Label" x="550" y="814" w="95" h="16" zOrder="113">
      <font family="%E5%BE%AE%E8%BD%AF%E9%9B%85%E9%BB%91" displayName="%E5%BE%AE%E8%BD%AF%E9%9B%85%E9%BB%91" postScript="" weightStyle="Regular" weight="400" isBold="False" isItalic="False"/>
      <text>%E7%9B%AE%E6%A0%87%EF%BC%9A3%2C000%2C000</text>
      <textSize>12</textSize>
      <lineSpacing>16</lineSpacing>
      <selectedIndex>-1</selectedIndex>
    </control>
    <control controlID="6ACBBE9F-54B4-4C06-85D1-D3FCBDF92F87" controlTypeID="Label" x="550" y="846" w="78" h="16" zOrder="114">
      <font family="%E5%BE%AE%E8%BD%AF%E9%9B%85%E9%BB%91" displayName="%E5%BE%AE%E8%BD%AF%E9%9B%85%E9%BB%91" postScript="" weightStyle="Regular" weight="400" isBold="False" isItalic="False"/>
      <text>%E8%B5%B7%E6%8A%95%EF%BC%9A30%2C000</text>
      <textSize>12</textSize>
      <lineSpacing>16</lineSpacing>
      <selectedIndex>-1</selectedIndex>
    </control>
    <control controlID="9D136A1B-D499-4BA6-89FF-9BACDB07CFF8" controlTypeID="Shape" x="538" y="583" w="54" h="25" zOrder="115">
      <color>4292335575</color>
      <borderVisible>False</borderVisible>
      <opacity>0.800000011920929</opacity>
      <font family="%E5%BE%AE%E8%BD%AF%E9%9B%85%E9%BB%91" displayName="%E5%BE%AE%E8%BD%AF%E9%9B%85%E9%BB%91" postScript="" weightStyle="Regular" weight="400" isBold="False" isItalic="False"/>
      <text>%E7%AD%B9%E5%A4%87%E4%B8%AD</text>
      <lineSpacing>16</lineSpacing>
      <selectedIndex>-1</selectedIndex>
    </control>
    <control controlID="E10F4682-6CC4-4F44-9825-814301C11DD8" controlTypeID="Label" x="683" y="814" w="52" h="16" zOrder="116">
      <font family="%E5%BE%AE%E8%BD%AF%E9%9B%85%E9%BB%91" displayName="%E5%BE%AE%E8%BD%AF%E9%9B%85%E9%BB%91" postScript="" weightStyle="Regular" weight="400" isBold="False" isItalic="False"/>
      <text>%E5%89%A9%E4%BD%99%E6%97%B6%E9%97%B4</text>
      <textColor>4288256409</textColor>
      <textSize>12</textSize>
      <lineSpacing>16</lineSpacing>
      <selectedIndex>-1</selectedIndex>
    </control>
    <control controlID="F043D602-B898-493E-BC54-3AE524102408" controlTypeID="Label" x="683" y="830" w="42" h="37" zOrder="117">
      <font family="%E5%BE%AE%E8%BD%AF%E9%9B%85%E9%BB%91" displayName="%E5%BE%AE%E8%BD%AF%E9%9B%85%E9%BB%91" postScript="" weightStyle="Regular" weight="400" isBold="False" isItalic="False"/>
      <text>10</text>
      <textSize>28</textSize>
      <lineSpacing>37</lineSpacing>
      <useDefaultTextSize>False</useDefaultTextSize>
      <selectedIndex>-1</selectedIndex>
    </control>
    <control controlID="FC0363B9-411C-4F63-9744-7B8E05D060E7" controlTypeID="Label" x="726" y="846" w="16" h="16" zOrder="118">
      <font family="%E5%BE%AE%E8%BD%AF%E9%9B%85%E9%BB%91" displayName="%E5%BE%AE%E8%BD%AF%E9%9B%85%E9%BB%91" postScript="" weightStyle="Regular" weight="400" isBold="False" isItalic="False"/>
      <text>%E5%A4%A9</text>
      <textSize>12</textSize>
      <lineSpacing>16</lineSpacing>
      <selectedIndex>-1</selectedIndex>
    </control>
  </controls>
  <param>
    <backgroundColor>4294967295</backgroundColor>
    <fontSize>12</fontSize>
    <fontFamily>%E5%BE%AE%E8%BD%AF%E9%9B%85%E9%BB%91</fontFamily>
    <guideLines/>
  </param>
</mockup>