<mockup version="4.9" minAllowVersion="4.9" ID="4F95D9FF-76A6-4369-B0F8-5A88650A34EC" platform="MtDesktop" defaultW="800" defaultH="600" measureW="800" measureH="1500" mobileScreenScale="0">
  <controls controlCount="43">
    <control controlID="B65A3956-933D-4044-ACBE-D8A88571A18F" controlTypeID="Shape" x="0" y="0" w="802" h="60" zOrder="0">
      <font family="%E5%BE%AE%E8%BD%AF%E9%9B%85%E9%BB%91" displayName="%E5%BE%AE%E8%BD%AF%E9%9B%85%E9%BB%91" postScript="" weightStyle="Regular" weight="400" isBold="False" isItalic="False"/>
      <textSize>18</textSize>
      <lineSpacing>24</lineSpacing>
      <useDefaultTextSize>False</useDefaultTextSize>
      <selectedIndex>-1</selectedIndex>
    </control>
    <control controlID="D15A79A7-B771-4A35-A7C7-BCA2ECF35660" controlTypeID="Label" x="335" y="23" w="78" h="24" zOrder="1">
      <font family="%E5%BE%AE%E8%BD%AF%E9%9B%85%E9%BB%91" displayName="%E5%BE%AE%E8%BD%AF%E9%9B%85%E9%BB%91" postScript="" weightStyle="Regular" weight="400" isBold="False" isItalic="False"/>
      <text>%E5%85%A8%E5%90%8D%E5%BD%93%E9%93%BA</text>
      <textSize>18</textSize>
      <lineSpacing>24</lineSpacing>
      <useDefaultTextSize>False</useDefaultTextSize>
      <selectedIndex>-1</selectedIndex>
    </control>
    <control controlID="DC54E30E-F256-4AFF-B306-FCA5BDA19162" controlTypeID="Label" x="145" y="25" w="69" h="22" zOrder="2">
      <font family="%E5%BE%AE%E8%BD%AF%E9%9B%85%E9%BB%91" displayName="%E5%BE%AE%E8%BD%AF%E9%9B%85%E9%BB%91" postScript="" weightStyle="Regular" weight="400" isBold="False" isItalic="False"/>
      <text>%E5%85%B3%E4%BA%8E%E6%88%91%E4%BB%AC</text>
      <textSize>16</textSize>
      <lineSpacing>21</lineSpacing>
      <useDefaultTextSize>False</useDefaultTextSize>
      <selectedIndex>-1</selectedIndex>
    </control>
    <control controlID="4BD7200B-A80A-4565-8E93-2972D091FCB7" controlTypeID="Label" x="27" y="25" w="102" h="22" zOrder="3">
      <font family="%E5%BE%AE%E8%BD%AF%E9%9B%85%E9%BB%91" displayName="%E5%BE%AE%E8%BD%AF%E9%9B%85%E9%BB%91" postScript="" weightStyle="Regular" weight="400" isBold="False" isItalic="False"/>
      <text>%E5%85%A8%E6%B0%91%E5%BD%93%E9%93%BA%E5%95%86%E5%9F%8E</text>
      <textSize>16</textSize>
      <lineSpacing>21</lineSpacing>
      <useDefaultTextSize>False</useDefaultTextSize>
      <selectedIndex>-1</selectedIndex>
    </control>
    <control controlID="100DE20C-9F28-42DB-807E-22B31E5B68B7" controlTypeID="Search" x="604" y="47" w="90" h="24" zOrder="4">
      <font family="%E5%BE%AE%E8%BD%AF%E9%9B%85%E9%BB%91" displayName="%E5%BE%AE%E8%BD%AF%E9%9B%85%E9%BB%91" postScript="" weightStyle="Regular" weight="400" isBold="False" isItalic="False"/>
      <textVAlign>VaTop</textVAlign>
      <lineSpacing>16</lineSpacing>
      <selectedIndex>-1</selectedIndex>
    </control>
    <control controlID="19411AB6-F223-43FE-A837-4CE4C3A014D7" controlTypeID="Avatar(Mobile)" x="725" y="12" w="48" h="48" zOrder="5"/>
    <control controlID="38189FC7-24FA-4766-8643-C58ED6DB9399" controlTypeID="Shape" x="209" y="111" w="563" h="878" zOrder="6">
      <color>436247039</color>
      <font family="%E5%BE%AE%E8%BD%AF%E9%9B%85%E9%BB%91" displayName="%E5%BE%AE%E8%BD%AF%E9%9B%85%E9%BB%91" postScript="" weightStyle="Regular" weight="400" isBold="False" isItalic="False"/>
      <textSize>11</textSize>
      <lineSpacing>15</lineSpacing>
      <useDefaultTextSize>False</useDefaultTextSize>
      <selectedIndex>-1</selectedIndex>
    </control>
    <control controlID="4E8CBD21-18CF-4C1B-8CA9-33EF255202B7" controlTypeID="Shape" x="208" y="111" w="287" h="87" zOrder="7">
      <color>436247039</color>
      <font family="%E5%BE%AE%E8%BD%AF%E9%9B%85%E9%BB%91" displayName="%E5%BE%AE%E8%BD%AF%E9%9B%85%E9%BB%91" postScript="" weightStyle="Regular" weight="400" isBold="False" isItalic="False"/>
      <text>%E4%BA%BA%E5%91%98%E7%AE%A1%E7%90%86</text>
      <textSize>16</textSize>
      <lineSpacing>21</lineSpacing>
      <useDefaultTextSize>False</useDefaultTextSize>
      <selectedIndex>-1</selectedIndex>
    </control>
    <control controlID="8ECFA3F3-6734-4E31-8A9E-1037C01283D4" controlTypeID="Shape" x="493" y="111" w="279" h="87" zOrder="8">
      <color>436247039</color>
      <font family="%E5%BE%AE%E8%BD%AF%E9%9B%85%E9%BB%91" displayName="%E5%BE%AE%E8%BD%AF%E9%9B%85%E9%BB%91" postScript="" weightStyle="Regular" weight="400" isBold="False" isItalic="False"/>
      <text>%E6%80%BB%E9%87%91%E9%A2%9D%EF%BC%9A300%2C000.00</text>
      <textSize>16</textSize>
      <lineSpacing>21</lineSpacing>
      <useDefaultTextSize>False</useDefaultTextSize>
      <selectedIndex>-1</selectedIndex>
    </control>
    <control controlID="D1052565-08CB-460B-A168-7B186FF9CBAC" controlTypeID="ButtonBar" x="208" y="198" w="564" h="28" zOrder="9">
      <font family="%E5%BE%AE%E8%BD%AF%E9%9B%85%E9%BB%91" displayName="%E5%BE%AE%E8%BD%AF%E9%9B%85%E9%BB%91" postScript="" weightStyle="Regular" weight="400" isBold="False" isItalic="False"/>
      <text>%E9%A1%B9%E7%9B%AE%E5%90%8D%E7%A7%B01%2C%E9%A1%B9%E7%9B%AE%E5%90%8D%E7%A7%B02%2C%E9%A1%B9%E7%9B%AE%E5%90%8D%E7%A7%B03</text>
      <lineSpacing>16</lineSpacing>
      <selectedColor>4278229503</selectedColor>
    </control>
    <control controlID="7175052C-B06D-4D12-82F5-861EA8EB0444" controlTypeID="Shape" x="245" y="274" w="421" h="39" zOrder="10">
      <color>4278229503</color>
      <font family="%E5%BE%AE%E8%BD%AF%E9%9B%85%E9%BB%91" displayName="%E5%BE%AE%E8%BD%AF%E9%9B%85%E9%BB%91" postScript="" weightStyle="Regular" weight="400" isBold="False" isItalic="False"/>
      <text>A%E7%BA%A7(5%25)</text>
      <textSize>18</textSize>
      <lineSpacing>24</lineSpacing>
      <useDefaultTextSize>False</useDefaultTextSize>
      <selectedIndex>-1</selectedIndex>
    </control>
    <control controlID="1D24A7E6-A0DF-4863-ADA9-4F314FAC28AF" controlTypeID="Shape" x="666" y="274" w="70" h="39" zOrder="11">
      <color>4278229503</color>
      <font family="%E5%BE%AE%E8%BD%AF%E9%9B%85%E9%BB%91" displayName="%E5%BE%AE%E8%BD%AF%E9%9B%85%E9%BB%91" postScript="" weightStyle="Regular" weight="400" isBold="False" isItalic="False"/>
      <text>%E9%87%91%E9%A2%9D(%E4%B8%87)</text>
      <textSize>14</textSize>
      <lineSpacing>18</lineSpacing>
      <useDefaultTextSize>False</useDefaultTextSize>
      <selectedIndex>-1</selectedIndex>
    </control>
    <control controlID="50C2F1C6-589B-4E71-98FC-FDD20A9818A5" controlTypeID="Shape" x="665" y="463" w="70" h="39" zOrder="12">
      <color>4278229503</color>
      <font family="%E5%BE%AE%E8%BD%AF%E9%9B%85%E9%BB%91" displayName="%E5%BE%AE%E8%BD%AF%E9%9B%85%E9%BB%91" postScript="" weightStyle="Regular" weight="400" isBold="False" isItalic="False"/>
      <text>%E9%87%91%E9%A2%9D(%E4%B8%87)</text>
      <textSize>14</textSize>
      <lineSpacing>18</lineSpacing>
      <useDefaultTextSize>False</useDefaultTextSize>
      <selectedIndex>-1</selectedIndex>
    </control>
    <control controlID="85E37292-1CB3-42C9-9EE9-34AE7AEB0F94" controlTypeID="Shape" x="665" y="652" w="70" h="39" zOrder="13">
      <color>4278229503</color>
      <font family="%E5%BE%AE%E8%BD%AF%E9%9B%85%E9%BB%91" displayName="%E5%BE%AE%E8%BD%AF%E9%9B%85%E9%BB%91" postScript="" weightStyle="Regular" weight="400" isBold="False" isItalic="False"/>
      <text>%E9%87%91%E9%A2%9D(%E4%B8%87)</text>
      <textSize>14</textSize>
      <lineSpacing>18</lineSpacing>
      <useDefaultTextSize>False</useDefaultTextSize>
      <selectedIndex>-1</selectedIndex>
    </control>
    <control controlID="3F017491-1CAF-4ECF-AE9F-2BAE3B62CFA6" controlTypeID="Shape" x="245" y="463" w="421" h="39" zOrder="14">
      <color>4278229503</color>
      <font family="%E5%BE%AE%E8%BD%AF%E9%9B%85%E9%BB%91" displayName="%E5%BE%AE%E8%BD%AF%E9%9B%85%E9%BB%91" postScript="" weightStyle="Regular" weight="400" isBold="False" isItalic="False"/>
      <text>B%E7%BA%A7(3%25)</text>
      <textSize>18</textSize>
      <lineSpacing>24</lineSpacing>
      <useDefaultTextSize>False</useDefaultTextSize>
      <selectedIndex>-1</selectedIndex>
    </control>
    <control controlID="411F5D36-FDA2-440F-876C-6AEACD484ABC" controlTypeID="Shape" x="244" y="652" w="422" h="39" zOrder="15">
      <color>4278229503</color>
      <font family="%E5%BE%AE%E8%BD%AF%E9%9B%85%E9%BB%91" displayName="%E5%BE%AE%E8%BD%AF%E9%9B%85%E9%BB%91" postScript="" weightStyle="Regular" weight="400" isBold="False" isItalic="False"/>
      <text>C%E7%BA%A7(2%25)</text>
      <textSize>18</textSize>
      <lineSpacing>24</lineSpacing>
      <useDefaultTextSize>False</useDefaultTextSize>
      <selectedIndex>-1</selectedIndex>
    </control>
    <control controlID="C5ACAD48-C94B-4AB8-9B12-07B8B306F182" controlTypeID="DataGrid" x="245" y="313" w="491" h="150" zOrder="16">
      <font family="%E5%BE%AE%E8%BD%AF%E9%9B%85%E9%BB%91" displayName="%E5%BE%AE%E8%BD%AF%E9%9B%85%E9%BB%91" postScript="" weightStyle="Regular" weight="400" isBold="False" isItalic="False"/>
      <text>%E9%A1%B9%E7%9B%AE+%2C+%E6%97%A5%E6%9C%9F+%2CID%2C%E5%A7%93%E5%90%8D+%2C+%E5%B9%B4%E9%BE%84+%2C+%E6%80%A7%E5%88%AB+%2C++%E9%87%91%E9%A2%9D+%2C+%E6%94%B6%E7%9B%8A++%0D%0A%E6%9C%9B%E5%B9%B3%E8%A1%97%E5%BA%97%2C2017-1-1%2C00001%2C%E5%BC%A0%E4%B8%89%2C43%2C+%E7%94%B7+%0D%0A%E6%9C%9B%E5%B9%B3%E8%A1%97%E5%BA%97%2C2017-1-1%2C00001%2C%E5%BC%A0%E4%B8%89%2C43%2C+%E7%94%B7+%0D%0A%E6%9C%9B%E5%B9%B3%E8%A1%97%E5%BA%97%2C2017-1-1%2C00001%2C%E5%BC%A0%E4%B8%89%2C43%2C+%E7%94%B7+%0D%0A%E6%9C%9B%E5%B9%B3%E8%A1%97%E5%BA%97%2C2017-1-1%2C00001%2C%E5%BC%A0%E4%B8%89%2C43%2C+%E7%94%B7+%0D%0A%E6%9C%9B%E5%B9%B3%E8%A1%97%E5%BA%97%2C2017-1-1%2C00001%2C%E5%BC%A0%E4%B8%89%2C43%2C+%E7%94%B7%0D%0A</text>
      <lineSpacing>16</lineSpacing>
      <columnRatio>{17.1,18.3,13.4,10.2,10.2,10.2,10.2,10.2}</columnRatio>
      <itemRect>[{"left":0,"top":0,"right":491,"bottom":22},{"left":0,"top":22,"right":491,"bottom":47},{"left":0,"top":47,"right":491,"bottom":72},{"left":0,"top":72,"right":491,"bottom":97},{"left":0,"top":97,"right":491,"bottom":122},{"left":0,"top":122,"right":491,"bottom":147}]</itemRect>
    </control>
    <control controlID="FD22A9C0-64E0-41A5-A765-BD1B251DFAEE" controlTypeID="Master" x="0" y="1252" w="802" h="248" zOrder="17" masterID="114A9CE0-90CE-4720-937C-9AABE8131D61">
      <groupChildrenDescriptors>
        <control controlID="82B0AFF0-7937-4A9D-B340-44C86017D4DF" controlTypeID="Shape" x="0" y="0" w="802" h="246" zOrder="0">
          <color>4281545523</color>
          <font family="%E5%BE%AE%E8%BD%AF%E9%9B%85%E9%BB%91" displayName="%E5%BE%AE%E8%BD%AF%E9%9B%85%E9%BB%91" postScript="" weightStyle="Regular" weight="400" isBold="False" isItalic="False"/>
          <lineSpacing>16</lineSpacing>
          <selectedIndex>-1</selectedIndex>
        </control>
        <control controlID="B47E9C50-EAC1-4205-9C7F-1EA8CDFAAAE0" controlTypeID="Label" x="50" y="61" w="233" h="43" zOrder="1">
          <font family="%E5%BE%AE%E8%BD%AF%E9%9B%85%E9%BB%91" displayName="%E5%BE%AE%E8%BD%AF%E9%9B%85%E9%BB%91" postScript="" weightStyle="Regular" weight="400" isBold="False" isItalic="False"/>
          <text>%E5%85%A8%E5%90%8D%E5%BD%93%E9%93%BA%E4%BC%97%E7%AD%B9%E7%BD%91</text>
          <textColor>4294967295</textColor>
          <textSize>32</textSize>
          <lineSpacing>42</lineSpacing>
          <useDefaultTextSize>False</useDefaultTextSize>
          <selectedIndex>-1</selectedIndex>
        </control>
        <control controlID="BD1857E6-4CB5-436D-8A88-CB5984F4B714" controlTypeID="Label" x="213" y="128" w="61" h="19" zOrder="2">
          <font family="%E5%BE%AE%E8%BD%AF%E9%9B%85%E9%BB%91" displayName="%E5%BE%AE%E8%BD%AF%E9%9B%85%E9%BB%91" postScript="" weightStyle="Regular" weight="400" isBold="False" isItalic="False"/>
          <text>%E5%85%B3%E4%BA%8E%E6%88%91%E4%BB%AC</text>
          <textColor>4288256409</textColor>
          <lineSpacing>18</lineSpacing>
          <useDefaultTextSize>False</useDefaultTextSize>
          <selectedIndex>-1</selectedIndex>
        </control>
        <control controlID="06059C5E-93D5-44BF-9B27-E24F32E346D1" controlTypeID="QRCode" x="597" y="90" w="66" h="66" zOrder="3"/>
        <control controlID="84A2D0CE-27CA-4858-9D88-379F66D9C3D3" controlTypeID="QRCode" x="680" y="90" w="66" h="66" zOrder="4"/>
        <control controlID="403CE8F9-C884-433B-927F-894865836875" controlTypeID="Shape" x="0" y="208" w="802" h="40" zOrder="5">
          <color>4278190080</color>
          <font family="%E5%BE%AE%E8%BD%AF%E9%9B%85%E9%BB%91" displayName="%E5%BE%AE%E8%BD%AF%E9%9B%85%E9%BB%91" postScript="" weightStyle="Regular" weight="400" isBold="False" isItalic="False"/>
          <lineSpacing>16</lineSpacing>
          <selectedIndex>-1</selectedIndex>
        </control>
        <control controlID="A3FBD355-D791-4B9D-8C58-0B5F26073AC6" controlTypeID="Label" x="304" y="222" w="171" h="16" zOrder="6">
          <font family="%E5%BE%AE%E8%BD%AF%E9%9B%85%E9%BB%91" displayName="%E5%BE%AE%E8%BD%AF%E9%9B%85%E9%BB%91" postScript="" weightStyle="Regular" weight="400" isBold="False" isItalic="False"/>
          <text>%E5%A4%87%E6%A1%88%E5%8F%B7%EF%BC%9A10010101010100111</text>
          <textColor>4291611852</textColor>
          <textSize>12</textSize>
          <lineSpacing>16</lineSpacing>
          <useDefaultTextSize>False</useDefaultTextSize>
          <selectedIndex>-1</selectedIndex>
        </control>
      </groupChildrenDescriptors>
    </control>
    <control controlID="6C3AD2BF-1609-45F8-8364-CDFBD006CBE8" controlTypeID="Shape" x="20" y="111" w="180" h="391" zOrder="18">
      <color>436247039</color>
      <font family="%E5%BE%AE%E8%BD%AF%E9%9B%85%E9%BB%91" displayName="%E5%BE%AE%E8%BD%AF%E9%9B%85%E9%BB%91" postScript="" weightStyle="Regular" weight="400" isBold="False" isItalic="False"/>
      <lineSpacing>16</lineSpacing>
      <selectedIndex>-1</selectedIndex>
    </control>
    <control controlID="2F817A2A-5213-418D-9EE3-3C6E4216E5B9" controlTypeID="__group__" x="62" y="111" w="97" h="97" zOrder="19">
      <groupChildrenDescriptors>
        <control controlID="74FAA018-A079-404A-8601-AEBCCBCCC37C" controlTypeID="Circle" x="0" y="0" w="97" h="97" zOrder="0">
          <color>4288256409</color>
          <font family="%E5%BE%AE%E8%BD%AF%E9%9B%85%E9%BB%91" displayName="%E5%BE%AE%E8%BD%AF%E9%9B%85%E9%BB%91" postScript="" weightStyle="Regular" weight="400" isBold="False" isItalic="False"/>
          <lineSpacing>16</lineSpacing>
          <selectedIndex>-1</selectedIndex>
          <shapeBorderType>SbEllipse</shapeBorderType>
        </control>
        <control controlID="A0B679A4-E0EE-4781-8169-E7892F5FF3D6" controlTypeID="AvatarEx" x="14" y="15" w="69" h="69" zOrder="1">
          <color>4284900966</color>
          <groupChildrenDescriptors>
            <control controlID="5512E5A0-A4C3-43F7-8C17-7B31701482F6" controlTypeID="Shape" x="0" y="0" w="69" h="69" zOrder="0">
              <color>4288256409</color>
              <borderColor>4288256409</borderColor>
              <canMove>False</canMove>
              <alias>shape</alias>
              <font family="%E5%BE%AE%E8%BD%AF%E9%9B%85%E9%BB%91" displayName="%E5%BE%AE%E8%BD%AF%E9%9B%85%E9%BB%91" postScript="" weightStyle="Regular" weight="400" isBold="False" isItalic="False"/>
              <lineSpacing>16</lineSpacing>
              <selectedIndex>-1</selectedIndex>
              <thickness>2</thickness>
            </control>
            <control controlID="6B6A44C3-9CD3-4392-A4B8-686215DB9BC4" controlTypeID="Icon" x="7" y="12" w="55" h="55" zOrder="1">
              <color>4294967295</color>
              <canMove>False</canMove>
              <alias>icon</alias>
              <icon>
                <ID/>
                <iconFontName>jdiconfontB</iconFontName>
                <iconCode>59652</iconCode>
              </icon>
              <URL>467605F5F90D9FF65132C1A6EF883F26.svg</URL>
            </control>
          </groupChildrenDescriptors>
        </control>
      </groupChildrenDescriptors>
    </control>
    <control controlID="5D33F6DB-AF7E-45BD-B00C-87510A86A1AC" controlTypeID="Shape" x="20" y="218" w="180" h="30" zOrder="20">
      <color>4278229503</color>
      <font family="%E5%BE%AE%E8%BD%AF%E9%9B%85%E9%BB%91" displayName="%E5%BE%AE%E8%BD%AF%E9%9B%85%E9%BB%91+Bold" postScript="" weightStyle="Bold" weight="700" isBold="True" isItalic="False"/>
      <text>%E4%B8%AA%E4%BA%BA%E4%BF%A1%E6%81%AF</text>
      <textSize>16</textSize>
      <lineSpacing>21</lineSpacing>
      <textStyles>[fsBold]</textStyles>
      <useDefaultTextSize>False</useDefaultTextSize>
      <selectedIndex>-1</selectedIndex>
    </control>
    <control controlID="DEE41B0B-24DF-472D-B3C0-AA493976CDA0" controlTypeID="Shape" x="20" y="429" w="180" h="30" zOrder="21">
      <color>4278229503</color>
      <font family="%E5%BE%AE%E8%BD%AF%E9%9B%85%E9%BB%91" displayName="%E5%BE%AE%E8%BD%AF%E9%9B%85%E9%BB%91+Bold" postScript="" weightStyle="Bold" weight="700" isBold="True" isItalic="False"/>
      <text>%E9%A1%B9%E7%9B%AE%E6%94%AF%E6%8C%81</text>
      <textSize>16</textSize>
      <lineSpacing>21</lineSpacing>
      <textStyles>[fsBold]</textStyles>
      <useDefaultTextSize>False</useDefaultTextSize>
      <selectedIndex>-1</selectedIndex>
    </control>
    <control controlID="30C5A274-B8DD-45F1-8EA6-B603056B7D52" controlTypeID="Shape" x="20" y="315" w="180" h="32" zOrder="22">
      <color>4278229503</color>
      <font family="%E5%BE%AE%E8%BD%AF%E9%9B%85%E9%BB%91" displayName="%E5%BE%AE%E8%BD%AF%E9%9B%85%E9%BB%91+Bold" postScript="" weightStyle="Bold" weight="700" isBold="True" isItalic="False"/>
      <text>%E4%BA%BA%E5%91%98%E4%BF%A1%E6%81%AF%E7%AE%A1%E7%90%86</text>
      <textSize>16</textSize>
      <lineSpacing>21</lineSpacing>
      <textStyles>[fsBold]</textStyles>
      <useDefaultTextSize>False</useDefaultTextSize>
      <selectedIndex>-1</selectedIndex>
    </control>
    <control controlID="B1E4BE91-1E5E-41D4-A72D-1608AE0FECA2" controlTypeID="Label" x="81" y="289" w="52" h="16" zOrder="23">
      <font family="%E5%BE%AE%E8%BD%AF%E9%9B%85%E9%BB%91" displayName="%E5%BE%AE%E8%BD%AF%E9%9B%85%E9%BB%91" postScript="" weightStyle="Regular" weight="400" isBold="False" isItalic="False"/>
      <text>%E5%AF%86%E7%A0%81%E4%BF%AE%E6%94%B9</text>
      <textSize>12</textSize>
      <lineSpacing>16</lineSpacing>
      <useDefaultTextSize>False</useDefaultTextSize>
      <selectedIndex>-1</selectedIndex>
    </control>
    <control controlID="532A26B7-AD3E-4A8B-B8FA-487286FEE09A" controlTypeID="Label" x="80" y="254" w="52" h="16" zOrder="24">
      <font family="%E5%BE%AE%E8%BD%AF%E9%9B%85%E9%BB%91" displayName="%E5%BE%AE%E8%BD%AF%E9%9B%85%E9%BB%91" postScript="" weightStyle="Regular" weight="400" isBold="False" isItalic="False"/>
      <text>%E4%B8%AA%E4%BA%BA%E8%B5%84%E6%96%99</text>
      <textSize>12</textSize>
      <lineSpacing>16</lineSpacing>
      <useDefaultTextSize>False</useDefaultTextSize>
      <selectedIndex>-1</selectedIndex>
    </control>
    <control controlID="32D4DE00-1D19-44B6-9743-8D38AC37CEAD" controlTypeID="Label" x="81" y="362" w="52" h="16" zOrder="25">
      <font family="%E5%BE%AE%E8%BD%AF%E9%9B%85%E9%BB%91" displayName="%E5%BE%AE%E8%BD%AF%E9%9B%85%E9%BB%91" postScript="" weightStyle="Regular" weight="400" isBold="False" isItalic="False"/>
      <text>%E4%BF%A1%E6%81%AF%E5%BD%95%E5%85%A5</text>
      <textSize>12</textSize>
      <lineSpacing>16</lineSpacing>
      <useDefaultTextSize>False</useDefaultTextSize>
      <selectedIndex>-1</selectedIndex>
    </control>
    <control controlID="626D9E39-BEC5-4EA9-B039-CFBE3AA14069" controlTypeID="Label" x="78" y="397" w="52" h="16" zOrder="26">
      <font family="%E5%BE%AE%E8%BD%AF%E9%9B%85%E9%BB%91" displayName="%E5%BE%AE%E8%BD%AF%E9%9B%85%E9%BB%91" postScript="" weightStyle="Regular" weight="400" isBold="False" isItalic="False"/>
      <text>%E4%BA%BA%E5%91%98%E6%9E%B6%E6%9E%84</text>
      <textSize>12</textSize>
      <lineSpacing>16</lineSpacing>
      <useDefaultTextSize>False</useDefaultTextSize>
      <selectedIndex>-1</selectedIndex>
    </control>
    <control controlID="678E5601-A423-45CF-9AB0-79295D63D72B" controlTypeID="Label" x="82" y="475" w="51" h="16" zOrder="27">
      <font family="%E5%BE%AE%E8%BD%AF%E9%9B%85%E9%BB%91" displayName="%E5%BE%AE%E8%BD%AF%E9%9B%85%E9%BB%91" postScript="" weightStyle="Regular" weight="400" isBold="False" isItalic="False"/>
      <text>%E5%B7%B2%E6%8A%95%E9%A1%B9%E7%9B%AE</text>
      <textSize>12</textSize>
      <lineSpacing>16</lineSpacing>
      <useDefaultTextSize>False</useDefaultTextSize>
      <selectedIndex>-1</selectedIndex>
    </control>
    <control controlID="73637C27-5FFD-475A-AB28-3B3E4951FB8A" controlTypeID="Line" x="28" y="281" w="167" h="1" zOrder="28">
      <font family="%E5%BE%AE%E8%BD%AF%E9%9B%85%E9%BB%91" displayName="%E5%BE%AE%E8%BD%AF%E9%9B%85%E9%BB%91" postScript="" weightStyle="Regular" weight="400" isBold="False" isItalic="False"/>
      <lineSpacing>16</lineSpacing>
      <selectedIndex>-1</selectedIndex>
      <controlPoint>(84,0)</controlPoint>
      <startPoint>(0,0)</startPoint>
      <endPoint>(167,0)</endPoint>
    </control>
    <control controlID="517FE614-461F-410D-BBAF-FF90F0B7F00F" controlTypeID="Line" x="25" y="391" w="167" h="1" zOrder="29">
      <font family="%E5%BE%AE%E8%BD%AF%E9%9B%85%E9%BB%91" displayName="%E5%BE%AE%E8%BD%AF%E9%9B%85%E9%BB%91" postScript="" weightStyle="Regular" weight="400" isBold="False" isItalic="False"/>
      <lineSpacing>16</lineSpacing>
      <selectedIndex>-1</selectedIndex>
      <controlPoint>(84,0)</controlPoint>
      <startPoint>(0,0)</startPoint>
      <endPoint>(167,0)</endPoint>
    </control>
    <control controlID="7F0E5686-D748-408C-92C4-E2819A8D0929" controlTypeID="DataGrid" x="244" y="502" w="491" h="150" zOrder="30">
      <font family="%E5%BE%AE%E8%BD%AF%E9%9B%85%E9%BB%91" displayName="%E5%BE%AE%E8%BD%AF%E9%9B%85%E9%BB%91" postScript="" weightStyle="Regular" weight="400" isBold="False" isItalic="False"/>
      <text>%E9%A1%B9%E7%9B%AE+%2C+%E6%97%A5%E6%9C%9F+%2CID%2C%E5%A7%93%E5%90%8D+%2C+%E5%B9%B4%E9%BE%84+%2C+%E6%80%A7%E5%88%AB+%2C++%E9%87%91%E9%A2%9D+%2C+%E6%94%B6%E7%9B%8A++%0D%0A%E6%9C%9B%E5%B9%B3%E8%A1%97%E5%BA%97%2C2017-1-1%2C00001%2C%E5%BC%A0%E4%B8%89%2C43%2C+%E7%94%B7+%0D%0A%E6%9C%9B%E5%B9%B3%E8%A1%97%E5%BA%97%2C2017-1-1%2C00001%2C%E5%BC%A0%E4%B8%89%2C43%2C+%E7%94%B7+%0D%0A%E6%9C%9B%E5%B9%B3%E8%A1%97%E5%BA%97%2C2017-1-1%2C00001%2C%E5%BC%A0%E4%B8%89%2C43%2C+%E7%94%B7+%0D%0A%E6%9C%9B%E5%B9%B3%E8%A1%97%E5%BA%97%2C2017-1-1%2C00001%2C%E5%BC%A0%E4%B8%89%2C43%2C+%E7%94%B7+%0D%0A%E6%9C%9B%E5%B9%B3%E8%A1%97%E5%BA%97%2C2017-1-1%2C00001%2C%E5%BC%A0%E4%B8%89%2C43%2C+%E7%94%B7%0D%0A</text>
      <lineSpacing>16</lineSpacing>
      <columnRatio>{17.1,18.3,13.4,10.2,10.2,10.2,10.2,10.2}</columnRatio>
      <itemRect>[{"left":0,"top":0,"right":491,"bottom":22},{"left":0,"top":22,"right":491,"bottom":47},{"left":0,"top":47,"right":491,"bottom":72},{"left":0,"top":72,"right":491,"bottom":97},{"left":0,"top":97,"right":491,"bottom":122},{"left":0,"top":122,"right":491,"bottom":147}]</itemRect>
    </control>
    <control controlID="E0E66D4F-E165-4DD9-8882-8C318533EBC4" controlTypeID="DataGrid" x="244" y="691" w="491" h="150" zOrder="31">
      <font family="%E5%BE%AE%E8%BD%AF%E9%9B%85%E9%BB%91" displayName="%E5%BE%AE%E8%BD%AF%E9%9B%85%E9%BB%91" postScript="" weightStyle="Regular" weight="400" isBold="False" isItalic="False"/>
      <text>%E9%A1%B9%E7%9B%AE+%2C+%E6%97%A5%E6%9C%9F+%2CID%2C%E5%A7%93%E5%90%8D+%2C+%E5%B9%B4%E9%BE%84+%2C+%E6%80%A7%E5%88%AB+%2C++%E9%87%91%E9%A2%9D+%2C+%E6%94%B6%E7%9B%8A++%0D%0A%E6%9C%9B%E5%B9%B3%E8%A1%97%E5%BA%97%2C2017-1-1%2C00001%2C%E5%BC%A0%E4%B8%89%2C43%2C+%E7%94%B7+%0D%0A%E6%9C%9B%E5%B9%B3%E8%A1%97%E5%BA%97%2C2017-1-1%2C00001%2C%E5%BC%A0%E4%B8%89%2C43%2C+%E7%94%B7+%0D%0A%E6%9C%9B%E5%B9%B3%E8%A1%97%E5%BA%97%2C2017-1-1%2C00001%2C%E5%BC%A0%E4%B8%89%2C43%2C+%E7%94%B7+%0D%0A%E6%9C%9B%E5%B9%B3%E8%A1%97%E5%BA%97%2C2017-1-1%2C00001%2C%E5%BC%A0%E4%B8%89%2C43%2C+%E7%94%B7+%0D%0A%E6%9C%9B%E5%B9%B3%E8%A1%97%E5%BA%97%2C2017-1-1%2C00001%2C%E5%BC%A0%E4%B8%89%2C43%2C+%E7%94%B7%0D%0A</text>
      <lineSpacing>16</lineSpacing>
      <columnRatio>{17.1,18.3,13.4,10.2,10.2,10.2,10.2,10.2}</columnRatio>
      <itemRect>[{"left":0,"top":0,"right":491,"bottom":22},{"left":0,"top":22,"right":491,"bottom":47},{"left":0,"top":47,"right":491,"bottom":72},{"left":0,"top":72,"right":491,"bottom":97},{"left":0,"top":97,"right":491,"bottom":122},{"left":0,"top":122,"right":491,"bottom":147}]</itemRect>
    </control>
  </controls>
  <param>
    <backgroundColor>4294967295</backgroundColor>
    <fontSize>12</fontSize>
    <fontFamily>%E5%BE%AE%E8%BD%AF%E9%9B%85%E9%BB%91</fontFamily>
    <guideLines/>
  </param>
</mockup>