<mockup version="4.9" minAllowVersion="4.9" ID="A17043B4-3D53-40E4-8EFD-5B615C769814" platform="MtDesktop" defaultW="800" defaultH="600" measureW="800" measureH="1500" mobileScreenScale="0">
  <controls controlCount="65">
    <control controlID="CB42D43B-D644-481D-B842-4E548284FF89" controlTypeID="Shape" x="0" y="0" w="802" h="60" zOrder="0">
      <font family="%E5%BE%AE%E8%BD%AF%E9%9B%85%E9%BB%91" displayName="%E5%BE%AE%E8%BD%AF%E9%9B%85%E9%BB%91" postScript="" weightStyle="Regular" weight="400" isBold="False" isItalic="False"/>
      <textSize>18</textSize>
      <lineSpacing>24</lineSpacing>
      <useDefaultTextSize>False</useDefaultTextSize>
      <selectedIndex>-1</selectedIndex>
    </control>
    <control controlID="4D108CFD-ABD9-4998-970F-DC32F7CA3DF1" controlTypeID="Label" x="335" y="23" w="78" h="24" zOrder="1">
      <font family="%E5%BE%AE%E8%BD%AF%E9%9B%85%E9%BB%91" displayName="%E5%BE%AE%E8%BD%AF%E9%9B%85%E9%BB%91" postScript="" weightStyle="Regular" weight="400" isBold="False" isItalic="False"/>
      <text>%E5%85%A8%E5%90%8D%E5%BD%93%E9%93%BA</text>
      <textSize>18</textSize>
      <lineSpacing>24</lineSpacing>
      <useDefaultTextSize>False</useDefaultTextSize>
      <selectedIndex>-1</selectedIndex>
    </control>
    <control controlID="CD1A7C97-9AFE-409C-B17B-97C084D6C3E4" controlTypeID="Label" x="145" y="25" w="69" h="22" zOrder="2">
      <font family="%E5%BE%AE%E8%BD%AF%E9%9B%85%E9%BB%91" displayName="%E5%BE%AE%E8%BD%AF%E9%9B%85%E9%BB%91" postScript="" weightStyle="Regular" weight="400" isBold="False" isItalic="False"/>
      <text>%E5%85%B3%E4%BA%8E%E6%88%91%E4%BB%AC</text>
      <textSize>16</textSize>
      <lineSpacing>21</lineSpacing>
      <useDefaultTextSize>False</useDefaultTextSize>
      <selectedIndex>-1</selectedIndex>
    </control>
    <control controlID="E623438B-967C-4CF9-A9FC-50612D83D439" controlTypeID="Label" x="27" y="25" w="102" h="22" zOrder="3">
      <font family="%E5%BE%AE%E8%BD%AF%E9%9B%85%E9%BB%91" displayName="%E5%BE%AE%E8%BD%AF%E9%9B%85%E9%BB%91" postScript="" weightStyle="Regular" weight="400" isBold="False" isItalic="False"/>
      <text>%E5%85%A8%E6%B0%91%E5%BD%93%E9%93%BA%E5%95%86%E5%9F%8E</text>
      <textSize>16</textSize>
      <lineSpacing>21</lineSpacing>
      <useDefaultTextSize>False</useDefaultTextSize>
      <selectedIndex>-1</selectedIndex>
    </control>
    <control controlID="F505ACA0-F631-4D2D-ADDF-79F7B530C6E1" controlTypeID="Search" x="604" y="47" w="90" h="24" zOrder="4">
      <font family="%E5%BE%AE%E8%BD%AF%E9%9B%85%E9%BB%91" displayName="%E5%BE%AE%E8%BD%AF%E9%9B%85%E9%BB%91" postScript="" weightStyle="Regular" weight="400" isBold="False" isItalic="False"/>
      <textVAlign>VaTop</textVAlign>
      <lineSpacing>16</lineSpacing>
      <selectedIndex>-1</selectedIndex>
    </control>
    <control controlID="B0C8B777-98C6-40E1-BA6C-3B003296CD5F" controlTypeID="Avatar(Mobile)" x="725" y="12" w="48" h="48" zOrder="5"/>
    <control controlID="A54E6ABB-1503-4A23-B873-D452157A71C5" controlTypeID="Shape" x="208" y="226" w="563" h="763" zOrder="6">
      <color>436247039</color>
      <remarkText>%E5%8F%AF%E7%94%A8%E9%BC%A0%E6%A0%87%E6%8B%96%E5%8A%A8%E5%9B%BE%E5%BD%A2</remarkText>
      <font family="%E5%BE%AE%E8%BD%AF%E9%9B%85%E9%BB%91" displayName="%E5%BE%AE%E8%BD%AF%E9%9B%85%E9%BB%91" postScript="" weightStyle="Regular" weight="400" isBold="False" isItalic="False"/>
      <textSize>11</textSize>
      <lineSpacing>15</lineSpacing>
      <useDefaultTextSize>False</useDefaultTextSize>
      <selectedIndex>-1</selectedIndex>
    </control>
    <control controlID="E76FE827-BB8C-4CCE-8181-0B62B3FB41C4" controlTypeID="Shape" x="208" y="111" w="287" h="87" zOrder="7">
      <color>436247039</color>
      <font family="%E5%BE%AE%E8%BD%AF%E9%9B%85%E9%BB%91" displayName="%E5%BE%AE%E8%BD%AF%E9%9B%85%E9%BB%91" postScript="" weightStyle="Regular" weight="400" isBold="False" isItalic="False"/>
      <text>%E4%BA%BA%E5%91%98%E7%AE%A1%E7%90%86</text>
      <textSize>16</textSize>
      <lineSpacing>21</lineSpacing>
      <useDefaultTextSize>False</useDefaultTextSize>
      <selectedIndex>-1</selectedIndex>
    </control>
    <control controlID="E2CA63A6-A616-402F-A5C1-1632943F5ACF" controlTypeID="Shape" x="493" y="111" w="279" h="87" zOrder="8">
      <color>436247039</color>
      <font family="%E5%BE%AE%E8%BD%AF%E9%9B%85%E9%BB%91" displayName="%E5%BE%AE%E8%BD%AF%E9%9B%85%E9%BB%91" postScript="" weightStyle="Regular" weight="400" isBold="False" isItalic="False"/>
      <text>%E6%80%BB%E9%87%91%E9%A2%9D%EF%BC%9A300%2C000.00</text>
      <textSize>16</textSize>
      <lineSpacing>21</lineSpacing>
      <useDefaultTextSize>False</useDefaultTextSize>
      <selectedIndex>-1</selectedIndex>
    </control>
    <control controlID="F5E31812-1DE0-471E-9238-7973F8BAFB11" controlTypeID="ButtonBar" x="208" y="198" w="564" h="28" zOrder="9">
      <font family="%E5%BE%AE%E8%BD%AF%E9%9B%85%E9%BB%91" displayName="%E5%BE%AE%E8%BD%AF%E9%9B%85%E9%BB%91" postScript="" weightStyle="Regular" weight="400" isBold="False" isItalic="False"/>
      <text>%E9%A1%B9%E7%9B%AE%E5%90%8D%E7%A7%B01%2C%E9%A1%B9%E7%9B%AE%E5%90%8D%E7%A7%B02%2C%E9%A1%B9%E7%9B%AE%E5%90%8D%E7%A7%B03</text>
      <lineSpacing>16</lineSpacing>
      <selectedColor>4278229503</selectedColor>
    </control>
    <control controlID="DBAD890C-2B7C-4AC2-9831-65D923BDE244" controlTypeID="Shape" x="464" y="243" w="64" h="39" zOrder="10">
      <color>4278229503</color>
      <font family="%E5%BE%AE%E8%BD%AF%E9%9B%85%E9%BB%91" displayName="%E5%BE%AE%E8%BD%AF%E9%9B%85%E9%BB%91" postScript="" weightStyle="Regular" weight="400" isBold="False" isItalic="False"/>
      <text>%E5%A7%93%E5%90%8D%0D%0AID</text>
      <lineSpacing>16</lineSpacing>
      <useDefaultTextSize>False</useDefaultTextSize>
      <selectedIndex>-1</selectedIndex>
    </control>
    <control controlID="CC814CFD-9231-47AB-BFEB-5540260216CA" controlTypeID="Shape" x="353" y="319" w="64" h="39" zOrder="11">
      <color>4278229503</color>
      <font family="%E5%BE%AE%E8%BD%AF%E9%9B%85%E9%BB%91" displayName="%E5%BE%AE%E8%BD%AF%E9%9B%85%E9%BB%91" postScript="" weightStyle="Regular" weight="400" isBold="False" isItalic="False"/>
      <text>%E5%A7%93%E5%90%8D%0D%0AID</text>
      <lineSpacing>16</lineSpacing>
      <useDefaultTextSize>False</useDefaultTextSize>
      <selectedIndex>-1</selectedIndex>
    </control>
    <control controlID="E15EA222-80B8-44FB-99EC-6AE5BDFBA6FA" controlTypeID="Shape" x="463" y="319" w="64" h="39" zOrder="12">
      <color>4278229503</color>
      <font family="%E5%BE%AE%E8%BD%AF%E9%9B%85%E9%BB%91" displayName="%E5%BE%AE%E8%BD%AF%E9%9B%85%E9%BB%91" postScript="" weightStyle="Regular" weight="400" isBold="False" isItalic="False"/>
      <text>%E5%A7%93%E5%90%8D%0D%0AID</text>
      <lineSpacing>16</lineSpacing>
      <useDefaultTextSize>False</useDefaultTextSize>
      <selectedIndex>-1</selectedIndex>
    </control>
    <control controlID="8A018EDC-1E74-49B9-8677-DDABED548427" controlTypeID="Shape" x="574" y="319" w="64" h="39" zOrder="13">
      <color>4278229503</color>
      <font family="%E5%BE%AE%E8%BD%AF%E9%9B%85%E9%BB%91" displayName="%E5%BE%AE%E8%BD%AF%E9%9B%85%E9%BB%91" postScript="" weightStyle="Regular" weight="400" isBold="False" isItalic="False"/>
      <text>%E5%A7%93%E5%90%8D%0D%0AID</text>
      <lineSpacing>16</lineSpacing>
      <useDefaultTextSize>False</useDefaultTextSize>
      <selectedIndex>-1</selectedIndex>
    </control>
    <control controlID="89EBC005-2DF2-44F4-BDBA-A7EA56B68949" controlTypeID="Shape" x="267" y="397" w="64" h="39" zOrder="14">
      <color>4278229503</color>
      <font family="%E5%BE%AE%E8%BD%AF%E9%9B%85%E9%BB%91" displayName="%E5%BE%AE%E8%BD%AF%E9%9B%85%E9%BB%91" postScript="" weightStyle="Regular" weight="400" isBold="False" isItalic="False"/>
      <text>%E5%A7%93%E5%90%8D%0D%0AID</text>
      <lineSpacing>16</lineSpacing>
      <useDefaultTextSize>False</useDefaultTextSize>
      <selectedIndex>-1</selectedIndex>
    </control>
    <control controlID="04076C10-5E3D-4328-A824-4A05CDC93B1A" controlTypeID="Shape" x="261" y="463" w="64" h="39" zOrder="15">
      <color>4278229503</color>
      <font family="%E5%BE%AE%E8%BD%AF%E9%9B%85%E9%BB%91" displayName="%E5%BE%AE%E8%BD%AF%E9%9B%85%E9%BB%91" postScript="" weightStyle="Regular" weight="400" isBold="False" isItalic="False"/>
      <text>%E5%A7%93%E5%90%8D%0D%0AID</text>
      <lineSpacing>16</lineSpacing>
      <useDefaultTextSize>False</useDefaultTextSize>
      <selectedIndex>-1</selectedIndex>
    </control>
    <control controlID="679D47F7-C86C-4B29-AC26-079E8B429D37" controlTypeID="Shape" x="369" y="463" w="64" h="39" zOrder="16">
      <color>4278229503</color>
      <font family="%E5%BE%AE%E8%BD%AF%E9%9B%85%E9%BB%91" displayName="%E5%BE%AE%E8%BD%AF%E9%9B%85%E9%BB%91" postScript="" weightStyle="Regular" weight="400" isBold="False" isItalic="False"/>
      <text>%E5%A7%93%E5%90%8D%0D%0AID</text>
      <lineSpacing>16</lineSpacing>
      <useDefaultTextSize>False</useDefaultTextSize>
      <selectedIndex>-1</selectedIndex>
    </control>
    <control controlID="735D68D7-7D58-4EC3-A433-1FE8B2451AAF" controlTypeID="Shape" x="471" y="463" w="64" h="39" zOrder="17">
      <color>4278229503</color>
      <font family="%E5%BE%AE%E8%BD%AF%E9%9B%85%E9%BB%91" displayName="%E5%BE%AE%E8%BD%AF%E9%9B%85%E9%BB%91" postScript="" weightStyle="Regular" weight="400" isBold="False" isItalic="False"/>
      <text>%E5%A7%93%E5%90%8D%0D%0AID</text>
      <lineSpacing>16</lineSpacing>
      <useDefaultTextSize>False</useDefaultTextSize>
      <selectedIndex>-1</selectedIndex>
    </control>
    <control controlID="3044B2B4-6709-4277-BE94-CF27DF8B31B4" controlTypeID="Shape" x="574" y="463" w="64" h="39" zOrder="18">
      <color>4278229503</color>
      <font family="%E5%BE%AE%E8%BD%AF%E9%9B%85%E9%BB%91" displayName="%E5%BE%AE%E8%BD%AF%E9%9B%85%E9%BB%91" postScript="" weightStyle="Regular" weight="400" isBold="False" isItalic="False"/>
      <text>%E5%A7%93%E5%90%8D%0D%0AID</text>
      <lineSpacing>16</lineSpacing>
      <useDefaultTextSize>False</useDefaultTextSize>
      <selectedIndex>-1</selectedIndex>
    </control>
    <control controlID="554AF672-EDC9-4CAD-BBC8-80D913840340" controlTypeID="Shape" x="685" y="464" w="64" h="39" zOrder="19">
      <color>4278229503</color>
      <font family="%E5%BE%AE%E8%BD%AF%E9%9B%85%E9%BB%91" displayName="%E5%BE%AE%E8%BD%AF%E9%9B%85%E9%BB%91" postScript="" weightStyle="Regular" weight="400" isBold="False" isItalic="False"/>
      <text>%E5%A7%93%E5%90%8D%0D%0AID</text>
      <lineSpacing>16</lineSpacing>
      <useDefaultTextSize>False</useDefaultTextSize>
      <selectedIndex>-1</selectedIndex>
    </control>
    <control controlID="D53E4E11-2C09-44C0-B90F-DD2AE6604EE9" controlTypeID="Shape" x="369" y="397" w="64" h="39" zOrder="20">
      <color>4278229503</color>
      <font family="%E5%BE%AE%E8%BD%AF%E9%9B%85%E9%BB%91" displayName="%E5%BE%AE%E8%BD%AF%E9%9B%85%E9%BB%91" postScript="" weightStyle="Regular" weight="400" isBold="False" isItalic="False"/>
      <text>%E5%A7%93%E5%90%8D%0D%0AID</text>
      <lineSpacing>16</lineSpacing>
      <useDefaultTextSize>False</useDefaultTextSize>
      <selectedIndex>-1</selectedIndex>
    </control>
    <control controlID="94ABCB6D-0C7C-4D23-8929-39891E931941" controlTypeID="Shape" x="471" y="397" w="64" h="39" zOrder="21">
      <color>4278229503</color>
      <font family="%E5%BE%AE%E8%BD%AF%E9%9B%85%E9%BB%91" displayName="%E5%BE%AE%E8%BD%AF%E9%9B%85%E9%BB%91" postScript="" weightStyle="Regular" weight="400" isBold="False" isItalic="False"/>
      <text>%E5%A7%93%E5%90%8D%0D%0AID</text>
      <lineSpacing>16</lineSpacing>
      <useDefaultTextSize>False</useDefaultTextSize>
      <selectedIndex>-1</selectedIndex>
    </control>
    <control controlID="A03CDB65-E545-4FE8-A529-45EB3888EA24" controlTypeID="Shape" x="573" y="397" w="64" h="39" zOrder="22">
      <color>4278229503</color>
      <font family="%E5%BE%AE%E8%BD%AF%E9%9B%85%E9%BB%91" displayName="%E5%BE%AE%E8%BD%AF%E9%9B%85%E9%BB%91" postScript="" weightStyle="Regular" weight="400" isBold="False" isItalic="False"/>
      <text>%E5%A7%93%E5%90%8D%0D%0AID</text>
      <lineSpacing>16</lineSpacing>
      <useDefaultTextSize>False</useDefaultTextSize>
      <selectedIndex>-1</selectedIndex>
    </control>
    <control controlID="36AFA3B8-399C-4536-9C46-C6E59091B775" controlTypeID="Shape" x="676" y="397" w="64" h="39" zOrder="23">
      <color>4278229503</color>
      <font family="%E5%BE%AE%E8%BD%AF%E9%9B%85%E9%BB%91" displayName="%E5%BE%AE%E8%BD%AF%E9%9B%85%E9%BB%91" postScript="" weightStyle="Regular" weight="400" isBold="False" isItalic="False"/>
      <text>%E5%A7%93%E5%90%8D%0D%0AID</text>
      <lineSpacing>16</lineSpacing>
      <useDefaultTextSize>False</useDefaultTextSize>
      <selectedIndex>-1</selectedIndex>
    </control>
    <control controlID="F3FCCD05-D91A-45F5-8F3B-F4FD1425AF5D" controlTypeID="Master" x="0" y="1252" w="802" h="248" zOrder="24" masterID="114A9CE0-90CE-4720-937C-9AABE8131D61">
      <groupChildrenDescriptors>
        <control controlID="BB091B43-3512-47A4-B848-889E42938EC4" controlTypeID="Shape" x="0" y="0" w="802" h="246" zOrder="0">
          <color>4281545523</color>
          <font family="%E5%BE%AE%E8%BD%AF%E9%9B%85%E9%BB%91" displayName="%E5%BE%AE%E8%BD%AF%E9%9B%85%E9%BB%91" postScript="" weightStyle="Regular" weight="400" isBold="False" isItalic="False"/>
          <lineSpacing>16</lineSpacing>
          <selectedIndex>-1</selectedIndex>
        </control>
        <control controlID="F534133E-53A2-40C9-AE9C-A8C68DCA829F" controlTypeID="Label" x="50" y="61" w="233" h="43" zOrder="1">
          <font family="%E5%BE%AE%E8%BD%AF%E9%9B%85%E9%BB%91" displayName="%E5%BE%AE%E8%BD%AF%E9%9B%85%E9%BB%91" postScript="" weightStyle="Regular" weight="400" isBold="False" isItalic="False"/>
          <text>%E5%85%A8%E5%90%8D%E5%BD%93%E9%93%BA%E4%BC%97%E7%AD%B9%E7%BD%91</text>
          <textColor>4294967295</textColor>
          <textSize>32</textSize>
          <lineSpacing>42</lineSpacing>
          <useDefaultTextSize>False</useDefaultTextSize>
          <selectedIndex>-1</selectedIndex>
        </control>
        <control controlID="9E24E775-5BD1-4D6C-B86F-DEDD1B446108" controlTypeID="Label" x="213" y="128" w="61" h="19" zOrder="2">
          <font family="%E5%BE%AE%E8%BD%AF%E9%9B%85%E9%BB%91" displayName="%E5%BE%AE%E8%BD%AF%E9%9B%85%E9%BB%91" postScript="" weightStyle="Regular" weight="400" isBold="False" isItalic="False"/>
          <text>%E5%85%B3%E4%BA%8E%E6%88%91%E4%BB%AC</text>
          <textColor>4288256409</textColor>
          <lineSpacing>18</lineSpacing>
          <useDefaultTextSize>False</useDefaultTextSize>
          <selectedIndex>-1</selectedIndex>
        </control>
        <control controlID="7F1B17D3-4F92-40B6-8E0C-28A72645AF36" controlTypeID="QRCode" x="597" y="90" w="66" h="66" zOrder="3"/>
        <control controlID="BD98B2F7-0B8A-478B-9A2F-6B657D444BA6" controlTypeID="QRCode" x="680" y="90" w="66" h="66" zOrder="4"/>
        <control controlID="BA107732-08A9-468E-A0A5-6EA2C3EC61B1" controlTypeID="Shape" x="0" y="208" w="802" h="40" zOrder="5">
          <color>4278190080</color>
          <font family="%E5%BE%AE%E8%BD%AF%E9%9B%85%E9%BB%91" displayName="%E5%BE%AE%E8%BD%AF%E9%9B%85%E9%BB%91" postScript="" weightStyle="Regular" weight="400" isBold="False" isItalic="False"/>
          <lineSpacing>16</lineSpacing>
          <selectedIndex>-1</selectedIndex>
        </control>
        <control controlID="EBD04DD6-38DF-463A-9105-9153F41F7F6D" controlTypeID="Label" x="304" y="222" w="171" h="16" zOrder="6">
          <font family="%E5%BE%AE%E8%BD%AF%E9%9B%85%E9%BB%91" displayName="%E5%BE%AE%E8%BD%AF%E9%9B%85%E9%BB%91" postScript="" weightStyle="Regular" weight="400" isBold="False" isItalic="False"/>
          <text>%E5%A4%87%E6%A1%88%E5%8F%B7%EF%BC%9A10010101010100111</text>
          <textColor>4291611852</textColor>
          <textSize>12</textSize>
          <lineSpacing>16</lineSpacing>
          <useDefaultTextSize>False</useDefaultTextSize>
          <selectedIndex>-1</selectedIndex>
        </control>
      </groupChildrenDescriptors>
    </control>
    <control controlID="2E8A8E8E-13F4-4EA7-97E4-F55ADF80546B" controlTypeID="Shape" x="20" y="111" w="180" h="391" zOrder="25">
      <color>436247039</color>
      <font family="%E5%BE%AE%E8%BD%AF%E9%9B%85%E9%BB%91" displayName="%E5%BE%AE%E8%BD%AF%E9%9B%85%E9%BB%91" postScript="" weightStyle="Regular" weight="400" isBold="False" isItalic="False"/>
      <lineSpacing>16</lineSpacing>
      <selectedIndex>-1</selectedIndex>
    </control>
    <control controlID="9EC5D807-E4F0-4A25-AA5E-52299059D596" controlTypeID="__group__" x="62" y="111" w="97" h="97" zOrder="26">
      <groupChildrenDescriptors>
        <control controlID="3D58CEB4-658A-4E2C-BFA5-C49764D1CC63" controlTypeID="Circle" x="0" y="0" w="97" h="97" zOrder="0">
          <color>4288256409</color>
          <font family="%E5%BE%AE%E8%BD%AF%E9%9B%85%E9%BB%91" displayName="%E5%BE%AE%E8%BD%AF%E9%9B%85%E9%BB%91" postScript="" weightStyle="Regular" weight="400" isBold="False" isItalic="False"/>
          <lineSpacing>16</lineSpacing>
          <selectedIndex>-1</selectedIndex>
          <shapeBorderType>SbEllipse</shapeBorderType>
        </control>
        <control controlID="3ACED20D-F216-4351-B123-147A62AB002D" controlTypeID="AvatarEx" x="14" y="15" w="69" h="69" zOrder="1">
          <color>4284900966</color>
          <groupChildrenDescriptors>
            <control controlID="B520EF29-6DCA-4F3F-AB61-488E5F29A3A1" controlTypeID="Shape" x="0" y="0" w="69" h="69" zOrder="0">
              <color>4288256409</color>
              <borderColor>4288256409</borderColor>
              <canMove>False</canMove>
              <alias>shape</alias>
              <font family="%E5%BE%AE%E8%BD%AF%E9%9B%85%E9%BB%91" displayName="%E5%BE%AE%E8%BD%AF%E9%9B%85%E9%BB%91" postScript="" weightStyle="Regular" weight="400" isBold="False" isItalic="False"/>
              <lineSpacing>16</lineSpacing>
              <selectedIndex>-1</selectedIndex>
              <thickness>2</thickness>
            </control>
            <control controlID="DD3F2389-1A55-419C-9E5F-5C441DD40B4E" controlTypeID="Icon" x="7" y="12" w="55" h="55" zOrder="1">
              <color>4294967295</color>
              <canMove>False</canMove>
              <alias>icon</alias>
              <icon>
                <ID/>
                <iconFontName>jdiconfontB</iconFontName>
                <iconCode>59652</iconCode>
              </icon>
              <URL>467605F5F90D9FF65132C1A6EF883F26.svg</URL>
            </control>
          </groupChildrenDescriptors>
        </control>
      </groupChildrenDescriptors>
    </control>
    <control controlID="042FBA20-C685-4231-8A6C-37DC12265C33" controlTypeID="Shape" x="20" y="218" w="180" h="30" zOrder="27">
      <color>4278229503</color>
      <font family="%E5%BE%AE%E8%BD%AF%E9%9B%85%E9%BB%91" displayName="%E5%BE%AE%E8%BD%AF%E9%9B%85%E9%BB%91+Bold" postScript="" weightStyle="Bold" weight="700" isBold="True" isItalic="False"/>
      <text>%E4%B8%AA%E4%BA%BA%E4%BF%A1%E6%81%AF</text>
      <textSize>16</textSize>
      <lineSpacing>21</lineSpacing>
      <textStyles>[fsBold]</textStyles>
      <useDefaultTextSize>False</useDefaultTextSize>
      <selectedIndex>-1</selectedIndex>
    </control>
    <control controlID="B627EC65-3B14-4A00-A425-89E6B221DE61" controlTypeID="Shape" x="20" y="429" w="180" h="30" zOrder="28">
      <color>4278229503</color>
      <font family="%E5%BE%AE%E8%BD%AF%E9%9B%85%E9%BB%91" displayName="%E5%BE%AE%E8%BD%AF%E9%9B%85%E9%BB%91+Bold" postScript="" weightStyle="Bold" weight="700" isBold="True" isItalic="False"/>
      <text>%E9%A1%B9%E7%9B%AE%E6%94%AF%E6%8C%81</text>
      <textSize>16</textSize>
      <lineSpacing>21</lineSpacing>
      <textStyles>[fsBold]</textStyles>
      <useDefaultTextSize>False</useDefaultTextSize>
      <selectedIndex>-1</selectedIndex>
    </control>
    <control controlID="A8130F88-B76B-4048-AC2D-110ECCC3F7B2" controlTypeID="Shape" x="20" y="315" w="180" h="32" zOrder="29">
      <color>4278229503</color>
      <font family="%E5%BE%AE%E8%BD%AF%E9%9B%85%E9%BB%91" displayName="%E5%BE%AE%E8%BD%AF%E9%9B%85%E9%BB%91+Bold" postScript="" weightStyle="Bold" weight="700" isBold="True" isItalic="False"/>
      <text>%E4%BA%BA%E5%91%98%E4%BF%A1%E6%81%AF%E7%AE%A1%E7%90%86</text>
      <textSize>16</textSize>
      <lineSpacing>21</lineSpacing>
      <textStyles>[fsBold]</textStyles>
      <useDefaultTextSize>False</useDefaultTextSize>
      <selectedIndex>-1</selectedIndex>
    </control>
    <control controlID="9CE66BD6-121D-4288-9C8B-2A4C5C4746C0" controlTypeID="Label" x="81" y="289" w="52" h="16" zOrder="30">
      <font family="%E5%BE%AE%E8%BD%AF%E9%9B%85%E9%BB%91" displayName="%E5%BE%AE%E8%BD%AF%E9%9B%85%E9%BB%91" postScript="" weightStyle="Regular" weight="400" isBold="False" isItalic="False"/>
      <text>%E5%AF%86%E7%A0%81%E4%BF%AE%E6%94%B9</text>
      <textSize>12</textSize>
      <lineSpacing>16</lineSpacing>
      <useDefaultTextSize>False</useDefaultTextSize>
      <selectedIndex>-1</selectedIndex>
    </control>
    <control controlID="26BE97AB-F6AC-463C-8C07-C72F1784595B" controlTypeID="Label" x="80" y="254" w="52" h="16" zOrder="31">
      <font family="%E5%BE%AE%E8%BD%AF%E9%9B%85%E9%BB%91" displayName="%E5%BE%AE%E8%BD%AF%E9%9B%85%E9%BB%91" postScript="" weightStyle="Regular" weight="400" isBold="False" isItalic="False"/>
      <text>%E4%B8%AA%E4%BA%BA%E8%B5%84%E6%96%99</text>
      <textSize>12</textSize>
      <lineSpacing>16</lineSpacing>
      <useDefaultTextSize>False</useDefaultTextSize>
      <selectedIndex>-1</selectedIndex>
    </control>
    <control controlID="D37B0ADA-E74F-4108-BDF0-F139C7B4869A" controlTypeID="Label" x="81" y="362" w="52" h="16" zOrder="32">
      <font family="%E5%BE%AE%E8%BD%AF%E9%9B%85%E9%BB%91" displayName="%E5%BE%AE%E8%BD%AF%E9%9B%85%E9%BB%91" postScript="" weightStyle="Regular" weight="400" isBold="False" isItalic="False"/>
      <text>%E4%BF%A1%E6%81%AF%E5%BD%95%E5%85%A5</text>
      <textSize>12</textSize>
      <lineSpacing>16</lineSpacing>
      <useDefaultTextSize>False</useDefaultTextSize>
      <selectedIndex>-1</selectedIndex>
    </control>
    <control controlID="55542692-8931-43BA-AE06-1C21E754D447" controlTypeID="Label" x="80" y="397" w="52" h="16" zOrder="33">
      <font family="%E5%BE%AE%E8%BD%AF%E9%9B%85%E9%BB%91" displayName="%E5%BE%AE%E8%BD%AF%E9%9B%85%E9%BB%91" postScript="" weightStyle="Regular" weight="400" isBold="False" isItalic="False"/>
      <text>%E4%BA%BA%E5%91%98%E6%9E%B6%E6%9E%84</text>
      <textSize>12</textSize>
      <lineSpacing>16</lineSpacing>
      <useDefaultTextSize>False</useDefaultTextSize>
      <selectedIndex>-1</selectedIndex>
    </control>
    <control controlID="FD44774A-E27D-49F2-8924-E4B83C7FC956" controlTypeID="Label" x="82" y="475" w="51" h="16" zOrder="34">
      <font family="%E5%BE%AE%E8%BD%AF%E9%9B%85%E9%BB%91" displayName="%E5%BE%AE%E8%BD%AF%E9%9B%85%E9%BB%91" postScript="" weightStyle="Regular" weight="400" isBold="False" isItalic="False"/>
      <text>%E5%B7%B2%E6%8A%95%E9%A1%B9%E7%9B%AE</text>
      <textSize>12</textSize>
      <lineSpacing>16</lineSpacing>
      <useDefaultTextSize>False</useDefaultTextSize>
      <selectedIndex>-1</selectedIndex>
    </control>
    <control controlID="09B1BF2C-F6F4-4AA1-931B-519314BFDFFA" controlTypeID="Line" x="28" y="281" w="167" h="1" zOrder="35">
      <font family="%E5%BE%AE%E8%BD%AF%E9%9B%85%E9%BB%91" displayName="%E5%BE%AE%E8%BD%AF%E9%9B%85%E9%BB%91" postScript="" weightStyle="Regular" weight="400" isBold="False" isItalic="False"/>
      <lineSpacing>16</lineSpacing>
      <selectedIndex>-1</selectedIndex>
      <controlPoint>(84,0)</controlPoint>
      <startPoint>(0,0)</startPoint>
      <endPoint>(167,0)</endPoint>
    </control>
    <control controlID="482B9BB0-EC72-46E0-BD51-58608D3DC5FF" controlTypeID="Line" x="25" y="391" w="167" h="1" zOrder="36">
      <font family="%E5%BE%AE%E8%BD%AF%E9%9B%85%E9%BB%91" displayName="%E5%BE%AE%E8%BD%AF%E9%9B%85%E9%BB%91" postScript="" weightStyle="Regular" weight="400" isBold="False" isItalic="False"/>
      <lineSpacing>16</lineSpacing>
      <selectedIndex>-1</selectedIndex>
      <controlPoint>(84,0)</controlPoint>
      <startPoint>(0,0)</startPoint>
      <endPoint>(167,0)</endPoint>
    </control>
    <control controlID="9D8DA1D5-9D55-433F-A0B2-F07EDDA8FE16" controlTypeID="Line" x="495" y="280" w="1" h="39" zOrder="37">
      <font family="%E5%BE%AE%E8%BD%AF%E9%9B%85%E9%BB%91" displayName="%E5%BE%AE%E8%BD%AF%E9%9B%85%E9%BB%91" postScript="" weightStyle="Regular" weight="400" isBold="False" isItalic="False"/>
      <lineSpacing>16</lineSpacing>
      <selectedIndex>-1</selectedIndex>
      <controlPoint>(0,20)</controlPoint>
      <startPoint>(0,0)</startPoint>
      <endPoint>(0,39)</endPoint>
    </control>
    <control controlID="B1A86E3C-CB05-440B-8003-9CAACDB7625F" controlTypeID="Line" x="605" y="358" w="1" h="39" zOrder="38">
      <font family="%E5%BE%AE%E8%BD%AF%E9%9B%85%E9%BB%91" displayName="%E5%BE%AE%E8%BD%AF%E9%9B%85%E9%BB%91" postScript="" weightStyle="Regular" weight="400" isBold="False" isItalic="False"/>
      <lineSpacing>16</lineSpacing>
      <selectedIndex>-1</selectedIndex>
      <controlPoint>(0,20)</controlPoint>
      <startPoint>(0,0)</startPoint>
      <endPoint>(0,39)</endPoint>
    </control>
    <control controlID="3ED0A595-5746-47E8-A2AF-FFE9ADF6D545" controlTypeID="Line" x="495" y="358" w="1" h="39" zOrder="39">
      <font family="%E5%BE%AE%E8%BD%AF%E9%9B%85%E9%BB%91" displayName="%E5%BE%AE%E8%BD%AF%E9%9B%85%E9%BB%91" postScript="" weightStyle="Regular" weight="400" isBold="False" isItalic="False"/>
      <lineSpacing>16</lineSpacing>
      <selectedIndex>-1</selectedIndex>
      <controlPoint>(0,20)</controlPoint>
      <startPoint>(0,0)</startPoint>
      <endPoint>(0,39)</endPoint>
    </control>
    <control controlID="79AF0E8F-8FD5-4CEE-96FC-2AC7FD16E3E4" controlTypeID="Line" x="390" y="300" w="105" h="1" zOrder="40">
      <font family="%E5%BE%AE%E8%BD%AF%E9%9B%85%E9%BB%91" displayName="%E5%BE%AE%E8%BD%AF%E9%9B%85%E9%BB%91" postScript="" weightStyle="Regular" weight="400" isBold="False" isItalic="False"/>
      <lineSpacing>16</lineSpacing>
      <selectedIndex>-1</selectedIndex>
      <controlPoint>(53,0)</controlPoint>
      <startPoint>(1,0)</startPoint>
      <endPoint>(105,0)</endPoint>
    </control>
    <control controlID="453E418F-7EB1-4870-AFEA-96926F81F7AB" controlTypeID="Line" x="390" y="299" w="2" h="22" zOrder="41">
      <font family="%E5%BE%AE%E8%BD%AF%E9%9B%85%E9%BB%91" displayName="%E5%BE%AE%E8%BD%AF%E9%9B%85%E9%BB%91" postScript="" weightStyle="Regular" weight="400" isBold="False" isItalic="False"/>
      <lineSpacing>16</lineSpacing>
      <selectedIndex>-1</selectedIndex>
      <controlPoint>(1,12)</controlPoint>
      <startPoint>(1,1)</startPoint>
      <endPoint>(1,22)</endPoint>
    </control>
    <control controlID="75747165-F04E-48DF-8CF6-4D1C6A35F458" controlTypeID="Line" x="600" y="299" w="2" h="22" zOrder="42">
      <font family="%E5%BE%AE%E8%BD%AF%E9%9B%85%E9%BB%91" displayName="%E5%BE%AE%E8%BD%AF%E9%9B%85%E9%BB%91" postScript="" weightStyle="Regular" weight="400" isBold="False" isItalic="False"/>
      <lineSpacing>16</lineSpacing>
      <selectedIndex>-1</selectedIndex>
      <controlPoint>(1,12)</controlPoint>
      <startPoint>(1,1)</startPoint>
      <endPoint>(1,22)</endPoint>
    </control>
    <control controlID="A252704D-74CD-4EBB-83B1-3ED2E2D03DDB" controlTypeID="Line" x="495" y="300" w="105" h="1" zOrder="43">
      <font family="%E5%BE%AE%E8%BD%AF%E9%9B%85%E9%BB%91" displayName="%E5%BE%AE%E8%BD%AF%E9%9B%85%E9%BB%91" postScript="" weightStyle="Regular" weight="400" isBold="False" isItalic="False"/>
      <lineSpacing>16</lineSpacing>
      <selectedIndex>-1</selectedIndex>
      <controlPoint>(53,0)</controlPoint>
      <startPoint>(1,0)</startPoint>
      <endPoint>(105,0)</endPoint>
    </control>
    <control controlID="1F0FB554-944C-4E26-8755-957B4FE3A9DF" controlTypeID="Line" x="386" y="358" w="1" h="39" zOrder="44">
      <font family="%E5%BE%AE%E8%BD%AF%E9%9B%85%E9%BB%91" displayName="%E5%BE%AE%E8%BD%AF%E9%9B%85%E9%BB%91" postScript="" weightStyle="Regular" weight="400" isBold="False" isItalic="False"/>
      <lineSpacing>16</lineSpacing>
      <selectedIndex>-1</selectedIndex>
      <controlPoint>(0,20)</controlPoint>
      <startPoint>(0,0)</startPoint>
      <endPoint>(0,39)</endPoint>
    </control>
    <control controlID="DFC10B13-20FC-4632-B5A2-16A48A9FAF5F" controlTypeID="Line" x="295" y="424" w="1" h="39" zOrder="45">
      <font family="%E5%BE%AE%E8%BD%AF%E9%9B%85%E9%BB%91" displayName="%E5%BE%AE%E8%BD%AF%E9%9B%85%E9%BB%91" postScript="" weightStyle="Regular" weight="400" isBold="False" isItalic="False"/>
      <lineSpacing>16</lineSpacing>
      <selectedIndex>-1</selectedIndex>
      <controlPoint>(0,20)</controlPoint>
      <startPoint>(0,0)</startPoint>
      <endPoint>(0,39)</endPoint>
    </control>
    <control controlID="84093DA6-A929-434C-A475-DE169F0685C8" controlTypeID="Line" x="401" y="429" w="1" h="39" zOrder="46">
      <font family="%E5%BE%AE%E8%BD%AF%E9%9B%85%E9%BB%91" displayName="%E5%BE%AE%E8%BD%AF%E9%9B%85%E9%BB%91" postScript="" weightStyle="Regular" weight="400" isBold="False" isItalic="False"/>
      <lineSpacing>16</lineSpacing>
      <selectedIndex>-1</selectedIndex>
      <controlPoint>(0,20)</controlPoint>
      <startPoint>(0,0)</startPoint>
      <endPoint>(0,39)</endPoint>
    </control>
    <control controlID="3CDDE9E1-F97E-4BE6-96F7-E697D7B80672" controlTypeID="Line" x="503" y="428" w="1" h="39" zOrder="47">
      <font family="%E5%BE%AE%E8%BD%AF%E9%9B%85%E9%BB%91" displayName="%E5%BE%AE%E8%BD%AF%E9%9B%85%E9%BB%91" postScript="" weightStyle="Regular" weight="400" isBold="False" isItalic="False"/>
      <lineSpacing>16</lineSpacing>
      <selectedIndex>-1</selectedIndex>
      <controlPoint>(0,20)</controlPoint>
      <startPoint>(0,0)</startPoint>
      <endPoint>(0,39)</endPoint>
    </control>
    <control controlID="D2C38821-0F83-426E-8385-308E65DD3378" controlTypeID="Line" x="606" y="436" w="1" h="39" zOrder="48">
      <font family="%E5%BE%AE%E8%BD%AF%E9%9B%85%E9%BB%91" displayName="%E5%BE%AE%E8%BD%AF%E9%9B%85%E9%BB%91" postScript="" weightStyle="Regular" weight="400" isBold="False" isItalic="False"/>
      <lineSpacing>16</lineSpacing>
      <selectedIndex>-1</selectedIndex>
      <controlPoint>(0,20)</controlPoint>
      <startPoint>(0,0)</startPoint>
      <endPoint>(0,39)</endPoint>
    </control>
    <control controlID="02D600BD-0EB2-42D3-937D-8FAEE1BEAA6E" controlTypeID="Line" x="717" y="428" w="1" h="39" zOrder="49">
      <font family="%E5%BE%AE%E8%BD%AF%E9%9B%85%E9%BB%91" displayName="%E5%BE%AE%E8%BD%AF%E9%9B%85%E9%BB%91" postScript="" weightStyle="Regular" weight="400" isBold="False" isItalic="False"/>
      <lineSpacing>16</lineSpacing>
      <selectedIndex>-1</selectedIndex>
      <controlPoint>(0,20)</controlPoint>
      <startPoint>(0,0)</startPoint>
      <endPoint>(0,39)</endPoint>
    </control>
    <control controlID="CADBCFB8-D457-4E82-82C6-AD21BFFD6E35" controlTypeID="Line" x="281" y="378" w="105" h="1" zOrder="50">
      <font family="%E5%BE%AE%E8%BD%AF%E9%9B%85%E9%BB%91" displayName="%E5%BE%AE%E8%BD%AF%E9%9B%85%E9%BB%91" postScript="" weightStyle="Regular" weight="400" isBold="False" isItalic="False"/>
      <lineSpacing>16</lineSpacing>
      <selectedIndex>-1</selectedIndex>
      <controlPoint>(53,0)</controlPoint>
      <startPoint>(1,0)</startPoint>
      <endPoint>(105,0)</endPoint>
    </control>
    <control controlID="1E87C57F-128B-453F-8E77-5756F9EF7CF9" controlTypeID="Line" x="281" y="377" w="2" h="22" zOrder="51">
      <font family="%E5%BE%AE%E8%BD%AF%E9%9B%85%E9%BB%91" displayName="%E5%BE%AE%E8%BD%AF%E9%9B%85%E9%BB%91" postScript="" weightStyle="Regular" weight="400" isBold="False" isItalic="False"/>
      <lineSpacing>16</lineSpacing>
      <selectedIndex>-1</selectedIndex>
      <controlPoint>(1,12)</controlPoint>
      <startPoint>(1,1)</startPoint>
      <endPoint>(1,22)</endPoint>
    </control>
    <control controlID="3A160D4F-5105-49A8-977D-F9765E43A4B4" controlTypeID="Line" x="707" y="379" w="2" h="22" zOrder="52">
      <font family="%E5%BE%AE%E8%BD%AF%E9%9B%85%E9%BB%91" displayName="%E5%BE%AE%E8%BD%AF%E9%9B%85%E9%BB%91" postScript="" weightStyle="Regular" weight="400" isBold="False" isItalic="False"/>
      <lineSpacing>16</lineSpacing>
      <selectedIndex>-1</selectedIndex>
      <controlPoint>(1,12)</controlPoint>
      <startPoint>(1,1)</startPoint>
      <endPoint>(1,22)</endPoint>
    </control>
    <control controlID="09F01D01-EC08-456B-9DEB-9E08333A9CA2" controlTypeID="Line" x="606" y="378" w="103" h="1" zOrder="53">
      <font family="%E5%BE%AE%E8%BD%AF%E9%9B%85%E9%BB%91" displayName="%E5%BE%AE%E8%BD%AF%E9%9B%85%E9%BB%91" postScript="" weightStyle="Regular" weight="400" isBold="False" isItalic="False"/>
      <lineSpacing>16</lineSpacing>
      <selectedIndex>-1</selectedIndex>
      <controlPoint>(52,0)</controlPoint>
      <startPoint>(0,0)</startPoint>
      <endPoint>(103,0)</endPoint>
    </control>
  </controls>
  <param>
    <backgroundColor>4294967295</backgroundColor>
    <fontSize>12</fontSize>
    <fontFamily>%E5%BE%AE%E8%BD%AF%E9%9B%85%E9%BB%91</fontFamily>
    <guideLines/>
  </param>
</mockup>