<mockup version="4.9" minAllowVersion="4.9" ID="A2834834-2799-4B97-926D-9C330DC0F157" platform="MtDesktop" defaultW="800" defaultH="600" measureW="800" measureH="1000" mobileScreenScale="0">
  <controls controlCount="36">
    <control controlID="134489F0-089D-437F-83DE-614C689CB441" controlTypeID="Shape" x="0" y="-5" w="802" h="60" zOrder="0">
      <font family="%E5%BE%AE%E8%BD%AF%E9%9B%85%E9%BB%91" displayName="%E5%BE%AE%E8%BD%AF%E9%9B%85%E9%BB%91" postScript="" weightStyle="Regular" weight="400" isBold="False" isItalic="False"/>
      <textSize>18</textSize>
      <lineSpacing>24</lineSpacing>
      <useDefaultTextSize>False</useDefaultTextSize>
      <selectedIndex>-1</selectedIndex>
    </control>
    <control controlID="1169511C-383C-40DF-91A9-2631A4C942B2" controlTypeID="Label" x="354" y="12" w="78" h="24" zOrder="1">
      <font family="%E5%BE%AE%E8%BD%AF%E9%9B%85%E9%BB%91" displayName="%E5%BE%AE%E8%BD%AF%E9%9B%85%E9%BB%91" postScript="" weightStyle="Regular" weight="400" isBold="False" isItalic="False"/>
      <text>%E5%85%A8%E5%90%8D%E5%BD%93%E9%93%BA</text>
      <textSize>18</textSize>
      <lineSpacing>24</lineSpacing>
      <useDefaultTextSize>False</useDefaultTextSize>
      <selectedIndex>-1</selectedIndex>
    </control>
    <control controlID="ABE5EBD3-B045-411B-892B-7CAA15AEC1B2" controlTypeID="Label" x="124" y="14" w="69" h="22" zOrder="2">
      <font family="%E5%BE%AE%E8%BD%AF%E9%9B%85%E9%BB%91" displayName="%E5%BE%AE%E8%BD%AF%E9%9B%85%E9%BB%91" postScript="" weightStyle="Regular" weight="400" isBold="False" isItalic="False"/>
      <text>%E5%85%B3%E4%BA%8E%E6%88%91%E4%BB%AC</text>
      <textSize>16</textSize>
      <lineSpacing>21</lineSpacing>
      <useDefaultTextSize>False</useDefaultTextSize>
      <selectedIndex>-1</selectedIndex>
    </control>
    <control controlID="834A9818-6A3F-426C-ADDB-8282AB320B14" controlTypeID="Label" x="13" y="14" w="102" h="22" zOrder="3">
      <font family="%E5%BE%AE%E8%BD%AF%E9%9B%85%E9%BB%91" displayName="%E5%BE%AE%E8%BD%AF%E9%9B%85%E9%BB%91" postScript="" weightStyle="Regular" weight="400" isBold="False" isItalic="False"/>
      <text>%E5%85%A8%E6%B0%91%E5%BD%93%E9%93%BA%E5%95%86%E5%9F%8E</text>
      <textSize>16</textSize>
      <lineSpacing>21</lineSpacing>
      <useDefaultTextSize>False</useDefaultTextSize>
      <selectedIndex>-1</selectedIndex>
    </control>
    <control controlID="53529DAA-12DF-46BA-825A-7A4383687707" controlTypeID="Search" x="597" y="25" w="90" h="24" zOrder="4">
      <font family="%E5%BE%AE%E8%BD%AF%E9%9B%85%E9%BB%91" displayName="%E5%BE%AE%E8%BD%AF%E9%9B%85%E9%BB%91" postScript="" weightStyle="Regular" weight="400" isBold="False" isItalic="False"/>
      <textVAlign>VaTop</textVAlign>
      <lineSpacing>16</lineSpacing>
      <selectedIndex>-1</selectedIndex>
    </control>
    <control controlID="CC244B64-C836-4B73-A577-C5B7FEBDED16" controlTypeID="Avatar(Mobile)" x="718" y="1" w="48" h="48" zOrder="5"/>
    <control controlID="2D0A8485-4BDD-4548-9840-C781CE680883" controlTypeID="Shape" x="210" y="111" w="563" h="422" zOrder="6">
      <color>436247039</color>
      <remarkText>%E9%A2%9C%E8%89%B2%EF%BC%9A0099FF%0D%0A%E9%80%8F%E6%98%8E%E5%BA%A6%EF%BC%9A10</remarkText>
      <font family="%E5%BE%AE%E8%BD%AF%E9%9B%85%E9%BB%91" displayName="%E5%BE%AE%E8%BD%AF%E9%9B%85%E9%BB%91" postScript="" weightStyle="Regular" weight="400" isBold="False" isItalic="False"/>
      <lineSpacing>16</lineSpacing>
      <selectedIndex>-1</selectedIndex>
    </control>
    <control controlID="B750D23C-6982-464C-9883-37A063354D28" controlTypeID="Master" x="0" y="759" w="802" h="248" zOrder="7" masterID="114A9CE0-90CE-4720-937C-9AABE8131D61">
      <groupChildrenDescriptors>
        <control controlID="2E0FBAB6-919E-4114-87AB-8F26D21EF359" controlTypeID="Shape" x="0" y="0" w="802" h="246" zOrder="0">
          <color>4281545523</color>
          <font family="%E5%BE%AE%E8%BD%AF%E9%9B%85%E9%BB%91" displayName="%E5%BE%AE%E8%BD%AF%E9%9B%85%E9%BB%91" postScript="" weightStyle="Regular" weight="400" isBold="False" isItalic="False"/>
          <lineSpacing>16</lineSpacing>
          <selectedIndex>-1</selectedIndex>
        </control>
        <control controlID="0CB1A109-82A6-490F-8ABD-16C686423AE7" controlTypeID="Label" x="50" y="61" w="233" h="43" zOrder="1">
          <font family="%E5%BE%AE%E8%BD%AF%E9%9B%85%E9%BB%91" displayName="%E5%BE%AE%E8%BD%AF%E9%9B%85%E9%BB%91" postScript="" weightStyle="Regular" weight="400" isBold="False" isItalic="False"/>
          <text>%E5%85%A8%E5%90%8D%E5%BD%93%E9%93%BA%E4%BC%97%E7%AD%B9%E7%BD%91</text>
          <textColor>4294967295</textColor>
          <textSize>32</textSize>
          <lineSpacing>42</lineSpacing>
          <useDefaultTextSize>False</useDefaultTextSize>
          <selectedIndex>-1</selectedIndex>
        </control>
        <control controlID="A4F68845-A278-4ACE-981D-2270C67D5A53" controlTypeID="Label" x="213" y="128" w="61" h="19" zOrder="2">
          <font family="%E5%BE%AE%E8%BD%AF%E9%9B%85%E9%BB%91" displayName="%E5%BE%AE%E8%BD%AF%E9%9B%85%E9%BB%91" postScript="" weightStyle="Regular" weight="400" isBold="False" isItalic="False"/>
          <text>%E5%85%B3%E4%BA%8E%E6%88%91%E4%BB%AC</text>
          <textColor>4288256409</textColor>
          <lineSpacing>18</lineSpacing>
          <useDefaultTextSize>False</useDefaultTextSize>
          <selectedIndex>-1</selectedIndex>
        </control>
        <control controlID="2F9FAA2E-E8B8-4318-A90C-FB5F21DC8445" controlTypeID="QRCode" x="597" y="90" w="66" h="66" zOrder="3"/>
        <control controlID="52072A05-C779-43B6-B0EF-E448EFADCDE8" controlTypeID="QRCode" x="680" y="90" w="66" h="66" zOrder="4"/>
        <control controlID="8DCAA1E6-333C-49FB-95C6-CA7BDBE8A2F9" controlTypeID="Shape" x="0" y="208" w="802" h="40" zOrder="5">
          <color>4278190080</color>
          <font family="%E5%BE%AE%E8%BD%AF%E9%9B%85%E9%BB%91" displayName="%E5%BE%AE%E8%BD%AF%E9%9B%85%E9%BB%91" postScript="" weightStyle="Regular" weight="400" isBold="False" isItalic="False"/>
          <lineSpacing>16</lineSpacing>
          <selectedIndex>-1</selectedIndex>
        </control>
        <control controlID="8C72BAFD-4A58-4F64-A9B5-AB8703FCD910" controlTypeID="Label" x="304" y="222" w="171" h="16" zOrder="6">
          <font family="%E5%BE%AE%E8%BD%AF%E9%9B%85%E9%BB%91" displayName="%E5%BE%AE%E8%BD%AF%E9%9B%85%E9%BB%91" postScript="" weightStyle="Regular" weight="400" isBold="False" isItalic="False"/>
          <text>%E5%A4%87%E6%A1%88%E5%8F%B7%EF%BC%9A10010101010100111</text>
          <textColor>4291611852</textColor>
          <textSize>12</textSize>
          <lineSpacing>16</lineSpacing>
          <useDefaultTextSize>False</useDefaultTextSize>
          <selectedIndex>-1</selectedIndex>
        </control>
      </groupChildrenDescriptors>
    </control>
    <control controlID="0CE958A8-D9CB-497C-90AC-A3808B23BB4D" controlTypeID="Label" x="284" y="234" w="88" h="19" zOrder="8">
      <font family="%E5%BE%AE%E8%BD%AF%E9%9B%85%E9%BB%91" displayName="%E5%BE%AE%E8%BD%AF%E9%9B%85%E9%BB%91" postScript="" weightStyle="Regular" weight="400" isBold="False" isItalic="False"/>
      <text>%E6%98%B5%E7%A7%B0%EF%BC%9A01010</text>
      <lineSpacing>18</lineSpacing>
      <useDefaultTextSize>False</useDefaultTextSize>
      <selectedIndex>-1</selectedIndex>
    </control>
    <control controlID="5A1093F5-185E-4A06-B917-8D0A35E6BA99" controlTypeID="Label" x="568" y="230" w="61" h="19" zOrder="9">
      <font family="%E5%BE%AE%E8%BD%AF%E9%9B%85%E9%BB%91" displayName="%E5%BE%AE%E8%BD%AF%E9%9B%85%E9%BB%91" postScript="" weightStyle="Regular" weight="400" isBold="False" isItalic="False"/>
      <text>%E6%80%A7%E5%88%AB%EF%BC%9A%E7%94%B7</text>
      <lineSpacing>18</lineSpacing>
      <useDefaultTextSize>False</useDefaultTextSize>
      <selectedIndex>-1</selectedIndex>
    </control>
    <control controlID="FE6EDCBB-7B78-4786-B0E8-F329758677AF" controlTypeID="Label" x="568" y="274" w="104" h="19" zOrder="10">
      <font family="%E5%BE%AE%E8%BD%AF%E9%9B%85%E9%BB%91" displayName="%E5%BE%AE%E8%BD%AF%E9%9B%85%E9%BB%91" postScript="" weightStyle="Regular" weight="400" isBold="False" isItalic="False"/>
      <text>%E7%94%9F%E6%97%A5%EF%BC%9A0000000</text>
      <lineSpacing>18</lineSpacing>
      <useDefaultTextSize>False</useDefaultTextSize>
      <selectedIndex>-1</selectedIndex>
    </control>
    <control controlID="60E95600-03A6-458B-85C5-1805F112CF06" controlTypeID="Label" x="284" y="274" w="89" h="19" zOrder="11">
      <remarkText>%E5%94%AF%E4%B8%80%E6%A0%87%E8%AF%86%EF%BC%8C%E4%B8%8D%E5%8F%AF%E4%BF%AE%E6%94%B9</remarkText>
      <font family="%E5%BE%AE%E8%BD%AF%E9%9B%85%E9%BB%91" displayName="%E5%BE%AE%E8%BD%AF%E9%9B%85%E9%BB%91" postScript="" weightStyle="Regular" weight="400" isBold="False" isItalic="False"/>
      <text>*ID%EF%BC%9A000001</text>
      <lineSpacing>18</lineSpacing>
      <useDefaultTextSize>False</useDefaultTextSize>
      <selectedIndex>-1</selectedIndex>
    </control>
    <control controlID="F0A5C3D4-2026-4A07-9F2F-2C43EC3274BF" controlTypeID="Shape" x="653" y="131" w="120" h="39" zOrder="12">
      <color>4278229503</color>
      <borderVisible>False</borderVisible>
      <font family="%E5%BE%AE%E8%BD%AF%E9%9B%85%E9%BB%91" displayName="%E5%BE%AE%E8%BD%AF%E9%9B%85%E9%BB%91" postScript="" weightStyle="Regular" weight="400" isBold="False" isItalic="False"/>
      <text>%E7%A7%AF%E5%88%86%EF%BC%9A100%2C000</text>
      <textColor>4294967295</textColor>
      <textSize>14</textSize>
      <lineSpacing>18</lineSpacing>
      <useDefaultTextSize>False</useDefaultTextSize>
      <selectedIndex>-1</selectedIndex>
    </control>
    <control controlID="88A3AAA6-05A5-4219-80CC-7B44F770B34E" controlTypeID="Shape" x="20" y="111" w="180" h="393" zOrder="13">
      <color>436247039</color>
      <font family="%E5%BE%AE%E8%BD%AF%E9%9B%85%E9%BB%91" displayName="%E5%BE%AE%E8%BD%AF%E9%9B%85%E9%BB%91" postScript="" weightStyle="Regular" weight="400" isBold="False" isItalic="False"/>
      <lineSpacing>16</lineSpacing>
      <selectedIndex>-1</selectedIndex>
    </control>
    <control controlID="9E5125BB-EF29-4EAB-A3CD-1A665D72573A" controlTypeID="__group__" x="62" y="111" w="97" h="97" zOrder="14">
      <groupChildrenDescriptors>
        <control controlID="E2A06BC3-CE7C-44DA-BDE6-95BF17C2004F" controlTypeID="Circle" x="0" y="0" w="97" h="97" zOrder="0">
          <color>4288256409</color>
          <font family="%E5%BE%AE%E8%BD%AF%E9%9B%85%E9%BB%91" displayName="%E5%BE%AE%E8%BD%AF%E9%9B%85%E9%BB%91" postScript="" weightStyle="Regular" weight="400" isBold="False" isItalic="False"/>
          <lineSpacing>16</lineSpacing>
          <selectedIndex>-1</selectedIndex>
          <shapeBorderType>SbEllipse</shapeBorderType>
        </control>
        <control controlID="1E75E056-0FC5-4F25-8E34-D438BB06DB66" controlTypeID="AvatarEx" x="14" y="15" w="69" h="69" zOrder="1">
          <color>4284900966</color>
          <groupChildrenDescriptors>
            <control controlID="0BDC57DA-09C9-4739-BE1F-5E930507B1CA" controlTypeID="Shape" x="0" y="0" w="69" h="69" zOrder="0">
              <color>4288256409</color>
              <borderColor>4288256409</borderColor>
              <canMove>False</canMove>
              <alias>shape</alias>
              <font family="%E5%BE%AE%E8%BD%AF%E9%9B%85%E9%BB%91" displayName="%E5%BE%AE%E8%BD%AF%E9%9B%85%E9%BB%91" postScript="" weightStyle="Regular" weight="400" isBold="False" isItalic="False"/>
              <lineSpacing>16</lineSpacing>
              <selectedIndex>-1</selectedIndex>
              <thickness>2</thickness>
            </control>
            <control controlID="D8716AE2-1003-4F76-B989-BE06190CB3EE" controlTypeID="Icon" x="7" y="12" w="55" h="55" zOrder="1">
              <color>4294967295</color>
              <canMove>False</canMove>
              <alias>icon</alias>
              <icon>
                <ID/>
                <iconFontName>jdiconfontB</iconFontName>
                <iconCode>59652</iconCode>
              </icon>
              <URL>467605F5F90D9FF65132C1A6EF883F26.svg</URL>
            </control>
          </groupChildrenDescriptors>
        </control>
      </groupChildrenDescriptors>
    </control>
    <control controlID="C02123BF-AA80-4B3B-9A21-091BD254D082" controlTypeID="Shape" x="20" y="218" w="180" h="30" zOrder="15">
      <color>4278229503</color>
      <font family="%E5%BE%AE%E8%BD%AF%E9%9B%85%E9%BB%91" displayName="%E5%BE%AE%E8%BD%AF%E9%9B%85%E9%BB%91+Bold" postScript="" weightStyle="Bold" weight="700" isBold="True" isItalic="False"/>
      <text>%E4%B8%AA%E4%BA%BA%E4%BF%A1%E6%81%AF</text>
      <textSize>16</textSize>
      <lineSpacing>21</lineSpacing>
      <textStyles>[fsBold]</textStyles>
      <useDefaultTextSize>False</useDefaultTextSize>
      <selectedIndex>-1</selectedIndex>
    </control>
    <control controlID="234ED378-970E-4EE9-8D3B-C4B6CCAD2A73" controlTypeID="Shape" x="20" y="426" w="180" h="30" zOrder="16">
      <color>4278229503</color>
      <font family="%E5%BE%AE%E8%BD%AF%E9%9B%85%E9%BB%91" displayName="%E5%BE%AE%E8%BD%AF%E9%9B%85%E9%BB%91+Bold" postScript="" weightStyle="Bold" weight="700" isBold="True" isItalic="False"/>
      <text>%E9%A1%B9%E7%9B%AE%E6%94%AF%E6%8C%81</text>
      <textSize>16</textSize>
      <lineSpacing>21</lineSpacing>
      <textStyles>[fsBold]</textStyles>
      <useDefaultTextSize>False</useDefaultTextSize>
      <selectedIndex>-1</selectedIndex>
    </control>
    <control controlID="E04C89A7-3893-48F5-B3BA-74B821936C48" controlTypeID="Shape" x="20" y="315" w="180" h="32" zOrder="17">
      <color>4278229503</color>
      <font family="%E5%BE%AE%E8%BD%AF%E9%9B%85%E9%BB%91" displayName="%E5%BE%AE%E8%BD%AF%E9%9B%85%E9%BB%91+Bold" postScript="" weightStyle="Bold" weight="700" isBold="True" isItalic="False"/>
      <text>%E4%BA%BA%E5%91%98%E4%BF%A1%E6%81%AF%E7%AE%A1%E7%90%86</text>
      <textSize>16</textSize>
      <lineSpacing>21</lineSpacing>
      <textStyles>[fsBold]</textStyles>
      <useDefaultTextSize>False</useDefaultTextSize>
      <selectedIndex>-1</selectedIndex>
    </control>
    <control controlID="ED9747C0-719B-4A28-B2C0-A23B3533DA59" controlTypeID="Label" x="82" y="289" w="52" h="16" zOrder="18">
      <font family="%E5%BE%AE%E8%BD%AF%E9%9B%85%E9%BB%91" displayName="%E5%BE%AE%E8%BD%AF%E9%9B%85%E9%BB%91" postScript="" weightStyle="Regular" weight="400" isBold="False" isItalic="False"/>
      <text>%E5%AF%86%E7%A0%81%E4%BF%AE%E6%94%B9</text>
      <textSize>12</textSize>
      <lineSpacing>16</lineSpacing>
      <useDefaultTextSize>False</useDefaultTextSize>
      <selectedIndex>-1</selectedIndex>
    </control>
    <control controlID="0A17D847-8D14-47A2-AA83-B5CBF329B595" controlTypeID="Label" x="80" y="254" w="52" h="16" zOrder="19">
      <font family="%E5%BE%AE%E8%BD%AF%E9%9B%85%E9%BB%91" displayName="%E5%BE%AE%E8%BD%AF%E9%9B%85%E9%BB%91" postScript="" weightStyle="Regular" weight="400" isBold="False" isItalic="False"/>
      <text>%E4%B8%AA%E4%BA%BA%E8%B5%84%E6%96%99</text>
      <textSize>12</textSize>
      <lineSpacing>16</lineSpacing>
      <useDefaultTextSize>False</useDefaultTextSize>
      <selectedIndex>-1</selectedIndex>
    </control>
    <control controlID="3032C2B2-CB1D-40E1-BA62-1DB8FB579D9A" controlTypeID="Label" x="81" y="361" w="52" h="16" zOrder="20">
      <font family="%E5%BE%AE%E8%BD%AF%E9%9B%85%E9%BB%91" displayName="%E5%BE%AE%E8%BD%AF%E9%9B%85%E9%BB%91" postScript="" weightStyle="Regular" weight="400" isBold="False" isItalic="False"/>
      <text>%E4%BF%A1%E6%81%AF%E5%BD%95%E5%85%A5</text>
      <textSize>12</textSize>
      <lineSpacing>16</lineSpacing>
      <useDefaultTextSize>False</useDefaultTextSize>
      <selectedIndex>-1</selectedIndex>
    </control>
    <control controlID="0FF60469-DDFE-47E4-BFAE-BF2CD6B55FE6" controlTypeID="Label" x="78" y="398" w="52" h="16" zOrder="21">
      <font family="%E5%BE%AE%E8%BD%AF%E9%9B%85%E9%BB%91" displayName="%E5%BE%AE%E8%BD%AF%E9%9B%85%E9%BB%91" postScript="" weightStyle="Regular" weight="400" isBold="False" isItalic="False"/>
      <text>%E4%BA%BA%E5%91%98%E6%9E%B6%E6%9E%84</text>
      <textSize>12</textSize>
      <lineSpacing>16</lineSpacing>
      <useDefaultTextSize>False</useDefaultTextSize>
      <selectedIndex>-1</selectedIndex>
    </control>
    <control controlID="9E396946-39E4-4A3D-99B5-41790492B8DE" controlTypeID="Label" x="81" y="468" w="51" h="16" zOrder="22">
      <font family="%E5%BE%AE%E8%BD%AF%E9%9B%85%E9%BB%91" displayName="%E5%BE%AE%E8%BD%AF%E9%9B%85%E9%BB%91" postScript="" weightStyle="Regular" weight="400" isBold="False" isItalic="False"/>
      <text>%E5%B7%B2%E6%8A%95%E9%A1%B9%E7%9B%AE</text>
      <textSize>12</textSize>
      <lineSpacing>16</lineSpacing>
      <useDefaultTextSize>False</useDefaultTextSize>
      <selectedIndex>-1</selectedIndex>
    </control>
    <control controlID="3EFB6F9C-5141-4770-97E9-142810C779F9" controlTypeID="Line" x="28" y="281" w="167" h="1" zOrder="23">
      <font family="%E5%BE%AE%E8%BD%AF%E9%9B%85%E9%BB%91" displayName="%E5%BE%AE%E8%BD%AF%E9%9B%85%E9%BB%91" postScript="" weightStyle="Regular" weight="400" isBold="False" isItalic="False"/>
      <lineSpacing>16</lineSpacing>
      <selectedIndex>-1</selectedIndex>
      <controlPoint>(84,0)</controlPoint>
      <startPoint>(0,0)</startPoint>
      <endPoint>(167,0)</endPoint>
    </control>
    <control controlID="21D55B86-BA28-4A10-8F75-BAC76670CEE4" controlTypeID="Line" x="28" y="387" w="167" h="1" zOrder="24">
      <font family="%E5%BE%AE%E8%BD%AF%E9%9B%85%E9%BB%91" displayName="%E5%BE%AE%E8%BD%AF%E9%9B%85%E9%BB%91" postScript="" weightStyle="Regular" weight="400" isBold="False" isItalic="False"/>
      <lineSpacing>16</lineSpacing>
      <selectedIndex>-1</selectedIndex>
      <controlPoint>(84,0)</controlPoint>
      <startPoint>(0,0)</startPoint>
      <endPoint>(167,0)</endPoint>
    </control>
  </controls>
  <param>
    <backgroundColor>4294967295</backgroundColor>
    <fontSize>12</fontSize>
    <fontFamily>%E5%BE%AE%E8%BD%AF%E9%9B%85%E9%BB%91</fontFamily>
    <guideLines/>
  </param>
</mockup>