<mockup version="4.9" minAllowVersion="4.9" ID="DE12E78C-3122-44B9-B60D-BF1120BC9434" platform="MtDesktop" defaultW="800" defaultH="600" measureW="800" measureH="600" mobileScreenScale="0">
  <controls controlCount="24">
    <control controlID="FEC67B97-DA8E-4D77-A505-5E458E685FE6" controlTypeID="Shape" x="0" y="0" w="188" h="600" zOrder="0">
      <color>436247039</color>
      <font family="%E5%BE%AE%E8%BD%AF%E9%9B%85%E9%BB%91" displayName="%E5%BE%AE%E8%BD%AF%E9%9B%85%E9%BB%91" postScript="" weightStyle="Regular" weight="400" isBold="False" isItalic="False"/>
      <lineSpacing>16</lineSpacing>
      <selectedIndex>-1</selectedIndex>
    </control>
    <control controlID="32F5D71C-4E1B-4256-89DD-ADB42693FD48" controlTypeID="Shape" x="0" y="0" w="188" h="40" zOrder="1">
      <color>4278229503</color>
      <font family="%E5%BE%AE%E8%BD%AF%E9%9B%85%E9%BB%91" displayName="%E5%BE%AE%E8%BD%AF%E9%9B%85%E9%BB%91" postScript="" weightStyle="Regular" weight="400" isBold="False" isItalic="False"/>
      <text>%E4%BC%97%E7%AD%B9%E7%AE%A1%E7%90%86</text>
      <textColor>4294967295</textColor>
      <textSize>18</textSize>
      <lineSpacing>24</lineSpacing>
      <useDefaultTextSize>False</useDefaultTextSize>
      <selectedIndex>-1</selectedIndex>
    </control>
    <control controlID="735F23BC-7D0A-4059-98D4-322026DBFA56" controlTypeID="Shape" x="0" y="297" w="188" h="40" zOrder="2">
      <color>4288256409</color>
      <font family="%E5%BE%AE%E8%BD%AF%E9%9B%85%E9%BB%91" displayName="%E5%BE%AE%E8%BD%AF%E9%9B%85%E9%BB%91" postScript="" weightStyle="Regular" weight="400" isBold="False" isItalic="False"/>
      <text>%E5%95%86%E5%93%81%E8%AE%BE%E7%BD%AE</text>
      <textColor>4294967295</textColor>
      <textSize>18</textSize>
      <lineSpacing>24</lineSpacing>
      <useDefaultTextSize>False</useDefaultTextSize>
      <selectedIndex>-1</selectedIndex>
    </control>
    <control controlID="AFC48514-2DA9-4166-AC16-88DD818E57AC" controlTypeID="Shape" x="0" y="336" w="188" h="40" zOrder="3">
      <color>4288256409</color>
      <font family="%E5%BE%AE%E8%BD%AF%E9%9B%85%E9%BB%91" displayName="%E5%BE%AE%E8%BD%AF%E9%9B%85%E9%BB%91" postScript="" weightStyle="Regular" weight="400" isBold="False" isItalic="False"/>
      <text>%E5%95%86%E5%93%81%E5%88%97%E8%A1%A8</text>
      <textColor>4294967295</textColor>
      <textSize>18</textSize>
      <lineSpacing>24</lineSpacing>
      <useDefaultTextSize>False</useDefaultTextSize>
      <selectedIndex>-1</selectedIndex>
    </control>
    <control controlID="8DCCA367-118E-4684-90AE-D75F257B3420" controlTypeID="Shape" x="0" y="452" w="188" h="40" zOrder="4">
      <color>4288256409</color>
      <font family="%E5%BE%AE%E8%BD%AF%E9%9B%85%E9%BB%91" displayName="%E5%BE%AE%E8%BD%AF%E9%9B%85%E9%BB%91" postScript="" weightStyle="Regular" weight="400" isBold="False" isItalic="False"/>
      <text>%E5%95%86%E5%93%81%E5%9B%9E%E6%94%B6%E7%AB%99</text>
      <textColor>4294967295</textColor>
      <textSize>18</textSize>
      <lineSpacing>24</lineSpacing>
      <useDefaultTextSize>False</useDefaultTextSize>
      <selectedIndex>-1</selectedIndex>
    </control>
    <control controlID="10102DEF-BCAE-411F-9FBA-0F4A766A4161" controlTypeID="Shape" x="0" y="258" w="188" h="40" zOrder="5">
      <color>4278229503</color>
      <font family="%E5%BE%AE%E8%BD%AF%E9%9B%85%E9%BB%91" displayName="%E5%BE%AE%E8%BD%AF%E9%9B%85%E9%BB%91" postScript="" weightStyle="Regular" weight="400" isBold="False" isItalic="False"/>
      <text>%E5%95%86%E5%9F%8E%E7%AE%A1%E7%90%86+</text>
      <textColor>4294967295</textColor>
      <textSize>18</textSize>
      <lineSpacing>24</lineSpacing>
      <useDefaultTextSize>False</useDefaultTextSize>
      <selectedIndex>-1</selectedIndex>
    </control>
    <control controlID="DFDFF448-FC39-402D-8B9C-1D7B4B26F397" controlTypeID="DataGrid" x="253" y="121" w="460" h="397" zOrder="6">
      <font family="%E5%BE%AE%E8%BD%AF%E9%9B%85%E9%BB%91" displayName="%E5%BE%AE%E8%BD%AF%E9%9B%85%E9%BB%91" postScript="" weightStyle="Regular" weight="400" isBold="False" isItalic="False"/>
      <text>%E5%BA%97%E9%93%BA%2C%E5%95%86%E5%93%81%2C+%E5%95%86%E5%93%81%E7%BC%96%E7%A0%81+%2C+%E4%BB%B7%E6%A0%BC%2C+%E7%A7%AF%E5%88%86%2C%E7%A7%8D%E7%B1%BB%2C+%E5%95%86%E5%93%81%E5%BD%92%E7%B1%BB%2C%E6%98%AF%2F%E5%90%A6%E5%88%A0%E9%99%A4+%0D%0A%E9%95%BF%E5%AE%89%E8%A1%97%2C%E9%92%BB%E7%9F%B3%2C+43%2C+1000%2C+1000%2C%2C%E6%9C%80%E6%96%B0%2C%0D%0A%E9%95%BF%E5%AE%89%E8%A1%97%2C%E9%92%BB%E7%9F%B3%2C+43%2C+10000%2C+1000%2C%0D%0A%E9%95%BF%E5%AE%89%E8%A1%97%2C%E9%92%BB%E7%9F%B3%2C+25%2C+1000%2C+1000%2C%0D%0A%E9%95%BF%E5%AE%89%E8%A1%97%2C%E9%92%BB%E7%9F%B3%2C+%3A)%2C%2C+1000%2C%0D%0A%E9%95%BF%E5%AE%89%E8%A1%97%2C%E9%92%BB%E7%9F%B3%2C+%3A)%2C%2C+1000%2C%0D%0A%0D%0A%0D%0A%0D%0A%7B4%2C2R%2C4R%2C4C%2C2C%7D</text>
      <lineSpacing>16</lineSpacing>
      <columnRatio>{16.1,8,16.1,16.1,8,7.8,13,14.3}</columnRatio>
      <itemRect>[{"left":0,"top":0,"right":460,"bottom":22},{"left":0,"top":22,"right":460,"bottom":47},{"left":0,"top":47,"right":460,"bottom":72},{"left":0,"top":72,"right":460,"bottom":97},{"left":0,"top":97,"right":460,"bottom":122},{"left":0,"top":122,"right":460,"bottom":147},{"left":0,"top":147,"right":460,"bottom":172},{"left":0,"top":172,"right":460,"bottom":197},{"left":0,"top":197,"right":460,"bottom":222}]</itemRect>
    </control>
    <control controlID="F78723C6-FE2C-4668-8706-8716128CFC5D" controlTypeID="Master" x="515" y="540" w="198" h="16" zOrder="7" masterID="8E90D492-7903-4700-ACBC-1234180E34F3">
      <groupChildrenDescriptors>
        <control controlID="28AF4DD4-4888-4BC4-8EEE-C1C9AF5283C6" controlTypeID="__group__" x="0" y="0" w="198" h="16" zOrder="0">
          <groupChildrenDescriptors>
            <control controlID="0B4216A6-83ED-4DA2-B6F5-E0393D936D8D" controlTypeID="Label" x="0" y="0" w="40" h="16" zOrder="0">
              <font family="%E5%BE%AE%E8%BD%AF%E9%9B%85%E9%BB%91" displayName="%E5%BE%AE%E8%BD%AF%E9%9B%85%E9%BB%91" postScript="" weightStyle="Regular" weight="400" isBold="False" isItalic="False"/>
              <text>%E4%B8%8A%E4%B8%80%E9%A1%B5</text>
              <textSize>12</textSize>
              <lineSpacing>16</lineSpacing>
              <selectedIndex>-1</selectedIndex>
            </control>
            <control controlID="677AA797-AB46-46BD-BE40-105CA42AF560" controlTypeID="Label" x="158" y="0" w="40" h="16" zOrder="1">
              <font family="%E5%BE%AE%E8%BD%AF%E9%9B%85%E9%BB%91" displayName="%E5%BE%AE%E8%BD%AF%E9%9B%85%E9%BB%91" postScript="" weightStyle="Regular" weight="400" isBold="False" isItalic="False"/>
              <text>%E4%B8%8B%E4%B8%80%E9%A1%B5</text>
              <textSize>12</textSize>
              <lineSpacing>16</lineSpacing>
              <selectedIndex>-1</selectedIndex>
            </control>
            <control controlID="93194D25-B094-4DA4-B64A-29D353E19006" controlTypeID="Label" x="55" y="0" w="11" h="16" zOrder="2">
              <font family="%E5%BE%AE%E8%BD%AF%E9%9B%85%E9%BB%91" displayName="%E5%BE%AE%E8%BD%AF%E9%9B%85%E9%BB%91" postScript="" weightStyle="Regular" weight="400" isBold="False" isItalic="False"/>
              <text>1</text>
              <textSize>12</textSize>
              <lineSpacing>16</lineSpacing>
              <selectedIndex>-1</selectedIndex>
            </control>
            <control controlID="4DC57E1D-E211-41BE-8E51-0C43A06267B1" controlTypeID="Label" x="81" y="0" w="11" h="16" zOrder="3">
              <font family="%E5%BE%AE%E8%BD%AF%E9%9B%85%E9%BB%91" displayName="%E5%BE%AE%E8%BD%AF%E9%9B%85%E9%BB%91" postScript="" weightStyle="Regular" weight="400" isBold="False" isItalic="False"/>
              <text>2</text>
              <textSize>12</textSize>
              <lineSpacing>16</lineSpacing>
              <selectedIndex>-1</selectedIndex>
            </control>
            <control controlID="68C071E8-324C-4C88-85CC-5C8F3E9A5099" controlTypeID="Label" x="107" y="0" w="11" h="16" zOrder="4">
              <font family="%E5%BE%AE%E8%BD%AF%E9%9B%85%E9%BB%91" displayName="%E5%BE%AE%E8%BD%AF%E9%9B%85%E9%BB%91" postScript="" weightStyle="Regular" weight="400" isBold="False" isItalic="False"/>
              <text>3</text>
              <textSize>12</textSize>
              <lineSpacing>16</lineSpacing>
              <selectedIndex>-1</selectedIndex>
            </control>
            <control controlID="565A3104-7685-4AFF-90DB-55F08BE572DA" controlTypeID="Label" x="133" y="0" w="12" h="16" zOrder="5">
              <font family="%E5%BE%AE%E8%BD%AF%E9%9B%85%E9%BB%91" displayName="%E5%BE%AE%E8%BD%AF%E9%9B%85%E9%BB%91" postScript="" weightStyle="Regular" weight="400" isBold="False" isItalic="False"/>
              <text>...</text>
              <textSize>12</textSize>
              <lineSpacing>16</lineSpacing>
              <selectedIndex>-1</selectedIndex>
            </control>
          </groupChildrenDescriptors>
        </control>
      </groupChildrenDescriptors>
    </control>
    <control controlID="B51D8D49-37DB-4678-B165-DFBE5737EE31" controlTypeID="Label" x="641" y="98" w="78" h="16" zOrder="8">
      <font family="%E5%BE%AE%E8%BD%AF%E9%9B%85%E9%BB%91" displayName="%E5%BE%AE%E8%BD%AF%E9%9B%85%E9%BB%91" postScript="" weightStyle="Regular" weight="400" isBold="False" isItalic="False"/>
      <text>%E6%AF%8F%E9%A1%B5%E6%98%BE%E7%A4%BA15%E4%B8%AA</text>
      <textSize>12</textSize>
      <lineSpacing>16</lineSpacing>
      <selectedIndex>-1</selectedIndex>
    </control>
    <control controlID="7CD97392-16E5-442C-8D01-57FE833F5C28" controlTypeID="Icon" x="672" y="150" w="15" h="15" zOrder="9">
      <icon>
        <ID/>
        <iconFontName>jdIonicons</iconFontName>
        <iconCode>62318</iconCode>
      </icon>
      <URL>DB7FC814F441C17601BBA7EA29C0CC4C.svg</URL>
    </control>
    <control controlID="90D9CDFE-5947-4314-AF53-1479BAA05536" controlTypeID="Label" x="226" y="10" w="77" h="24" zOrder="10">
      <font family="%E5%BE%AE%E8%BD%AF%E9%9B%85%E9%BB%91" displayName="%E5%BE%AE%E8%BD%AF%E9%9B%85%E9%BB%91+Bold" postScript="" weightStyle="Bold" weight="700" isBold="True" isItalic="False"/>
      <text>%E5%85%A8%E9%83%A8%E5%95%86%E5%93%81</text>
      <textColor>4288256409</textColor>
      <textSize>18</textSize>
      <lineSpacing>24</lineSpacing>
      <textStyles>[fsBold]</textStyles>
      <useDefaultTextSize>False</useDefaultTextSize>
      <selectedIndex>-1</selectedIndex>
    </control>
    <control controlID="1952B8D1-2435-4291-B89F-7650F65C7268" controlTypeID="Shape" x="0" y="39" w="188" h="40" zOrder="11">
      <color>4288256409</color>
      <font family="%E5%BE%AE%E8%BD%AF%E9%9B%85%E9%BB%91" displayName="%E5%BE%AE%E8%BD%AF%E9%9B%85%E9%BB%91" postScript="" weightStyle="Regular" weight="400" isBold="False" isItalic="False"/>
      <text>%E9%A1%B9%E7%9B%AE%E8%AE%BE%E7%BD%AE</text>
      <textColor>4294967295</textColor>
      <textSize>18</textSize>
      <lineSpacing>24</lineSpacing>
      <useDefaultTextSize>False</useDefaultTextSize>
      <selectedIndex>-1</selectedIndex>
    </control>
    <control controlID="1D71A067-D702-4C82-A0B4-37D9F9DEC581" controlTypeID="Shape" x="0" y="78" w="188" h="40" zOrder="12">
      <color>4288256409</color>
      <font family="%E5%BE%AE%E8%BD%AF%E9%9B%85%E9%BB%91" displayName="%E5%BE%AE%E8%BD%AF%E9%9B%85%E9%BB%91" postScript="" weightStyle="Regular" weight="400" isBold="False" isItalic="False"/>
      <text>%E9%A1%B9%E7%9B%AE%E7%8A%B6%E6%80%81</text>
      <textColor>4294967295</textColor>
      <textSize>18</textSize>
      <lineSpacing>24</lineSpacing>
      <useDefaultTextSize>False</useDefaultTextSize>
      <selectedIndex>-1</selectedIndex>
    </control>
    <control controlID="10E28948-EE2F-4A29-A290-82D15E669AC4" controlTypeID="Shape" x="0" y="117" w="188" h="40" zOrder="13">
      <color>4288256409</color>
      <font family="%E5%BE%AE%E8%BD%AF%E9%9B%85%E9%BB%91" displayName="%E5%BE%AE%E8%BD%AF%E9%9B%85%E9%BB%91" postScript="" weightStyle="Regular" weight="400" isBold="False" isItalic="False"/>
      <text>%E4%BA%A4%E6%98%93%E5%BD%95%E5%85%A5</text>
      <textColor>4294967295</textColor>
      <textSize>18</textSize>
      <lineSpacing>24</lineSpacing>
      <useDefaultTextSize>False</useDefaultTextSize>
      <selectedIndex>-1</selectedIndex>
    </control>
    <control controlID="6FE3C23C-25E1-49C0-AC87-6F5B94DD6879" controlTypeID="Shape" x="0" y="156" w="188" h="40" zOrder="14">
      <color>4288256409</color>
      <font family="%E5%BE%AE%E8%BD%AF%E9%9B%85%E9%BB%91" displayName="%E5%BE%AE%E8%BD%AF%E9%9B%85%E9%BB%91" postScript="" weightStyle="Regular" weight="400" isBold="False" isItalic="False"/>
      <text>%E4%BA%BA%E5%91%98%E5%88%97%E8%A1%A8</text>
      <textColor>4294967295</textColor>
      <textSize>18</textSize>
      <lineSpacing>24</lineSpacing>
      <useDefaultTextSize>False</useDefaultTextSize>
      <selectedIndex>-1</selectedIndex>
    </control>
    <control controlID="4161A444-A372-41E1-A373-AFC8755B6B02" controlTypeID="Shape" x="0" y="374" w="188" h="40" zOrder="15">
      <color>4288256409</color>
      <font family="%E5%BE%AE%E8%BD%AF%E9%9B%85%E9%BB%91" displayName="%E5%BE%AE%E8%BD%AF%E9%9B%85%E9%BB%91" postScript="" weightStyle="Regular" weight="400" isBold="False" isItalic="False"/>
      <text>%E4%BA%A4%E6%98%93%E5%BD%95%E5%85%A5</text>
      <textColor>4294967295</textColor>
      <textSize>18</textSize>
      <lineSpacing>24</lineSpacing>
      <useDefaultTextSize>False</useDefaultTextSize>
      <selectedIndex>-1</selectedIndex>
    </control>
    <control controlID="A424874A-4A8F-421C-A51F-51CFC80E8B9C" controlTypeID="Shape" x="0" y="413" w="188" h="40" zOrder="16">
      <color>4288256409</color>
      <font family="%E5%BE%AE%E8%BD%AF%E9%9B%85%E9%BB%91" displayName="%E5%BE%AE%E8%BD%AF%E9%9B%85%E9%BB%91" postScript="" weightStyle="Regular" weight="400" isBold="False" isItalic="False"/>
      <text>%E4%BA%BA%E5%91%98%E5%88%97%E8%A1%A8</text>
      <textColor>4294967295</textColor>
      <textSize>18</textSize>
      <lineSpacing>24</lineSpacing>
      <useDefaultTextSize>False</useDefaultTextSize>
      <selectedIndex>-1</selectedIndex>
    </control>
  </controls>
  <param>
    <backgroundColor>4294967295</backgroundColor>
    <fontSize>0</fontSize>
    <fontFamily/>
    <guideLines/>
  </param>
</mockup>