﻿<mockup version="4.8" minAllowVersion="4.8" ID="1197A491-9B8A-4184-B523-D2ED9C440162" platform="MtDesktop" defaultW="800" defaultH="600" measureW="800" measureH="1400" mobileScreenScale="0">
  <controls controlCount="90">
    <control controlID="7B6E0FA7-EC10-430D-B001-DA5D7A6D055A" controlTypeID="Master" x="0" y="-6" w="800" h="120" zOrder="0" masterID="F40BD275-907F-4885-A87A-15EB8DE2D51D">
      <groupChildrenDescriptors>
        <control controlID="FD0E7C11-7B27-4BB1-8065-253A3B3E8095" controlTypeID="Shape" x="0" y="0" w="800" h="37" zOrder="0">
          <color>4291611852</color>
          <font family="%E5%BE%AE%E8%BD%AF%E9%9B%85%E9%BB%91" displayName="%E5%BE%AE%E8%BD%AF%E9%9B%85%E9%BB%91" postScript="" weightStyle="Regular" weight="400" isBold="False" isItalic="False"/>
          <lineSpacing>16</lineSpacing>
          <selectedIndex>-1</selectedIndex>
        </control>
        <control controlID="516FC3E9-FF70-4F31-90B2-E9C6F10802A6" controlTypeID="Shape" x="702" y="20" w="71" h="36" zOrder="1">
          <font family="%E5%BE%AE%E8%BD%AF%E9%9B%85%E9%BB%91" displayName="%E5%BE%AE%E8%BD%AF%E9%9B%85%E9%BB%91" postScript="" weightStyle="Regular" weight="400" isBold="False" isItalic="False"/>
          <text>%E7%99%BB%E5%BD%95</text>
          <lineSpacing>16</lineSpacing>
          <selectedIndex>-1</selectedIndex>
        </control>
        <control controlID="E00F7E4E-9CF6-4225-8D47-EA13D793BE57" controlTypeID="Shape" x="29" y="47" w="158" h="73" zOrder="2">
          <font family="%E5%BE%AE%E8%BD%AF%E9%9B%85%E9%BB%91" displayName="%E5%BE%AE%E8%BD%AF%E9%9B%85%E9%BB%91" postScript="" weightStyle="Regular" weight="400" isBold="False" isItalic="False"/>
          <text>LOGO</text>
          <lineSpacing>16</lineSpacing>
          <selectedIndex>-1</selectedIndex>
        </control>
        <control controlID="FADEB5CC-B756-47E1-847C-7777B648DA8E" controlTypeID="__group__" x="400" y="78" w="300" h="32" zOrder="3">
          <groupChildrenDescriptors>
            <control controlID="338DB618-3C34-44C1-B1F5-1F742B3FC47F" controlTypeID="Shape" x="0" y="0" w="238" h="32" zOrder="0">
              <font family="%E5%BE%AE%E8%BD%AF%E9%9B%85%E9%BB%91" displayName="%E5%BE%AE%E8%BD%AF%E9%9B%85%E9%BB%91" postScript="" weightStyle="Regular" weight="400" isBold="False" isItalic="False"/>
              <lineSpacing>16</lineSpacing>
              <selectedIndex>-1</selectedIndex>
            </control>
            <control controlID="C9E60AC6-ADAC-49C3-BDFA-04E737634313" controlTypeID="Shape" x="237" y="0" w="63" h="32" zOrder="1">
              <color>4291611852</color>
              <font family="%E5%BE%AE%E8%BD%AF%E9%9B%85%E9%BB%91" displayName="%E5%BE%AE%E8%BD%AF%E9%9B%85%E9%BB%91" postScript="" weightStyle="Regular" weight="400" isBold="False" isItalic="False"/>
              <text>%E6%90%9C%E7%B4%A2</text>
              <lineSpacing>16</lineSpacing>
              <selectedIndex>-1</selectedIndex>
            </control>
          </groupChildrenDescriptors>
        </control>
        <control controlID="D9E0AC65-7087-4299-9B14-2D6A59EE108F" controlTypeID="Label" x="29" y="10" w="107" h="16" zOrder="4">
          <font family="%E5%BE%AE%E8%BD%AF%E9%9B%85%E9%BB%91" displayName="%E5%BE%AE%E8%BD%AF%E9%9B%85%E9%BB%91" postScript="" weightStyle="Regular" weight="400" isBold="False" isItalic="False"/>
          <text>%E6%AC%A2%E8%BF%8E%E6%9D%A5%E5%88%B0%E5%85%A8%E6%B0%91%E5%BD%93%E9%93%BA%EF%BC%81</text>
          <textSize>12</textSize>
          <lineSpacing>16</lineSpacing>
          <selectedIndex>-1</selectedIndex>
        </control>
      </groupChildrenDescriptors>
    </control>
    <control controlID="CDDA7FD4-23AF-4D0C-923A-B773EFE865AC" controlTypeID="HRule" x="0" y="124" w="800" h="12" zOrder="1"/>
    <control controlID="7B7A1F34-CD89-41EF-BF59-99DEEBA66A2A" controlTypeID="Label" x="29" y="144" w="28" h="16" zOrder="2">
      <font family="%E5%BE%AE%E8%BD%AF%E9%9B%85%E9%BB%91" displayName="%E5%BE%AE%E8%BD%AF%E9%9B%85%E9%BB%91" postScript="" weightStyle="Regular" weight="400" isBold="False" isItalic="False"/>
      <text>%E9%A6%96%E9%A1%B5</text>
      <textSize>12</textSize>
      <lineSpacing>16</lineSpacing>
      <useDefaultTextSize>False</useDefaultTextSize>
      <selectedIndex>-1</selectedIndex>
    </control>
    <control controlID="9201EE87-6BBA-46C7-9008-E4D1A9155E70" controlTypeID="Search" x="72" y="142" w="96" h="24" zOrder="3">
      <font family="%E5%BE%AE%E8%BD%AF%E9%9B%85%E9%BB%91" displayName="%E5%BE%AE%E8%BD%AF%E9%9B%85%E9%BB%91" postScript="" weightStyle="Regular" weight="400" isBold="False" isItalic="False"/>
      <textVAlign>VaTop</textVAlign>
      <lineSpacing>16</lineSpacing>
      <selectedIndex>-1</selectedIndex>
    </control>
    <control controlID="643C2ED3-0AFF-4E9A-9381-6BC3E30BFF4A" controlTypeID="Shape" x="29" y="176" w="742" h="80" zOrder="4">
      <remarkText>%E5%BD%93%E9%93%BA%E5%AF%BC%E8%88%AA%0D%0A</remarkText>
      <font family="%E5%BE%AE%E8%BD%AF%E9%9B%85%E9%BB%91" displayName="%E5%BE%AE%E8%BD%AF%E9%9B%85%E9%BB%91" postScript="" weightStyle="Regular" weight="400" isBold="False" isItalic="False"/>
      <lineSpacing>16</lineSpacing>
      <selectedIndex>-1</selectedIndex>
    </control>
    <control controlID="12020116-9168-4314-B481-DAB35E83EBFC" controlTypeID="Label" x="49" y="186" w="28" h="16" zOrder="5">
      <font family="%E5%BE%AE%E8%BD%AF%E9%9B%85%E9%BB%91" displayName="%E5%BE%AE%E8%BD%AF%E9%9B%85%E9%BB%91" postScript="" weightStyle="Regular" weight="400" isBold="False" isItalic="False"/>
      <text>%E5%BA%97%E9%93%BA</text>
      <textSize>12</textSize>
      <lineSpacing>16</lineSpacing>
      <selectedIndex>-1</selectedIndex>
    </control>
    <control controlID="82266787-3171-4440-B9FA-52880A4870E0" controlTypeID="Shape" x="178" y="142" w="107" h="24" zOrder="6">
      <font family="%E5%BE%AE%E8%BD%AF%E9%9B%85%E9%BB%91" displayName="%E5%BE%AE%E8%BD%AF%E9%9B%85%E9%BB%91" postScript="" weightStyle="Regular" weight="400" isBold="False" isItalic="False"/>
      <text>%E9%95%BF%E5%AE%89%E8%A1%975</text>
      <lineSpacing>16</lineSpacing>
      <selectedIndex>-1</selectedIndex>
    </control>
    <control controlID="3104D88C-4EF0-46BF-A4F9-6DEBFCE1AC43" controlTypeID="Shape" x="104" y="192" w="57" h="48" zOrder="7">
      <font family="%E5%BE%AE%E8%BD%AF%E9%9B%85%E9%BB%91" displayName="%E5%BE%AE%E8%BD%AF%E9%9B%85%E9%BB%91" postScript="" weightStyle="Regular" weight="400" isBold="False" isItalic="False"/>
      <text>%E9%95%BF%E5%AE%89%E8%A1%971</text>
      <lineSpacing>16</lineSpacing>
      <selectedIndex>-1</selectedIndex>
    </control>
    <control controlID="C47426D8-0E71-43CB-8928-7AEEF22C9A2E" controlTypeID="Shape" x="202" y="192" w="57" h="48" zOrder="8">
      <font family="%E5%BE%AE%E8%BD%AF%E9%9B%85%E9%BB%91" displayName="%E5%BE%AE%E8%BD%AF%E9%9B%85%E9%BB%91" postScript="" weightStyle="Regular" weight="400" isBold="False" isItalic="False"/>
      <text>%E9%95%BF%E5%AE%89%E8%A1%972</text>
      <lineSpacing>16</lineSpacing>
      <selectedIndex>-1</selectedIndex>
    </control>
    <control controlID="F1ECF25A-FE82-4DD8-9689-9320B6155579" controlTypeID="Shape" x="300" y="192" w="57" h="48" zOrder="9">
      <font family="%E5%BE%AE%E8%BD%AF%E9%9B%85%E9%BB%91" displayName="%E5%BE%AE%E8%BD%AF%E9%9B%85%E9%BB%91" postScript="" weightStyle="Regular" weight="400" isBold="False" isItalic="False"/>
      <text>%E9%95%BF%E5%AE%89%E8%A1%973</text>
      <lineSpacing>16</lineSpacing>
      <selectedIndex>-1</selectedIndex>
    </control>
    <control controlID="B086609D-3C46-4343-A800-2D9BFDB46293" controlTypeID="Shape" x="398" y="192" w="57" h="48" zOrder="10">
      <font family="%E5%BE%AE%E8%BD%AF%E9%9B%85%E9%BB%91" displayName="%E5%BE%AE%E8%BD%AF%E9%9B%85%E9%BB%91" postScript="" weightStyle="Regular" weight="400" isBold="False" isItalic="False"/>
      <text>%E9%95%BF%E5%AE%89%E8%A1%974</text>
      <lineSpacing>16</lineSpacing>
      <selectedIndex>-1</selectedIndex>
    </control>
    <control controlID="0145E1F4-0309-4E54-B0EB-1B1E4AE2F29C" controlTypeID="Shape" x="496" y="192" w="57" h="48" zOrder="11">
      <font family="%E5%BE%AE%E8%BD%AF%E9%9B%85%E9%BB%91" displayName="%E5%BE%AE%E8%BD%AF%E9%9B%85%E9%BB%91" postScript="" weightStyle="Regular" weight="400" isBold="False" isItalic="False"/>
      <text>%E9%95%BF%E5%AE%89%E8%A1%975</text>
      <lineSpacing>16</lineSpacing>
      <selectedIndex>-1</selectedIndex>
    </control>
    <control controlID="C71CFADF-F453-4027-AC54-2F26355B6F22" controlTypeID="Shape" x="594" y="192" w="57" h="48" zOrder="12">
      <font family="%E5%BE%AE%E8%BD%AF%E9%9B%85%E9%BB%91" displayName="%E5%BE%AE%E8%BD%AF%E9%9B%85%E9%BB%91" postScript="" weightStyle="Regular" weight="400" isBold="False" isItalic="False"/>
      <text>%E9%95%BF%E5%AE%89%E8%A1%976</text>
      <lineSpacing>16</lineSpacing>
      <selectedIndex>-1</selectedIndex>
    </control>
    <control controlID="FBD63315-36AB-4272-B78D-5EFDCE02DFBA" controlTypeID="Shape" x="693" y="192" w="57" h="48" zOrder="13">
      <font family="%E5%BE%AE%E8%BD%AF%E9%9B%85%E9%BB%91" displayName="%E5%BE%AE%E8%BD%AF%E9%9B%85%E9%BB%91" postScript="" weightStyle="Regular" weight="400" isBold="False" isItalic="False"/>
      <text>%E9%95%BF%E5%AE%89%E8%A1%977</text>
      <lineSpacing>16</lineSpacing>
      <selectedIndex>-1</selectedIndex>
    </control>
    <control controlID="0785DD14-9296-4A9D-9980-7E611BD16A33" controlTypeID="__group__" x="29" y="336" w="150" h="189" zOrder="14">
      <groupChildrenDescriptors>
        <control controlID="3C66909D-E661-4AA7-8C3F-B6DC8A5279ED" controlTypeID="Shape" x="0" y="0" w="150" h="189" zOrder="0">
          <font family="%E5%BE%AE%E8%BD%AF%E9%9B%85%E9%BB%91" displayName="%E5%BE%AE%E8%BD%AF%E9%9B%85%E9%BB%91" postScript="" weightStyle="Regular" weight="400" isBold="False" isItalic="False"/>
          <lineSpacing>16</lineSpacing>
          <selectedIndex>-1</selectedIndex>
        </control>
        <control controlID="D249A8D6-0E1D-40EA-90DA-85DD0F257B3A" controlTypeID="Image" x="0" y="0" w="150" h="150" zOrder="1"/>
        <control controlID="28502A28-EA78-4130-90A8-157A01E962EF" controlTypeID="Label" x="4" y="169" w="44" h="16" zOrder="2">
          <font family="%E5%BE%AE%E8%BD%AF%E9%9B%85%E9%BB%91" displayName="%E5%BE%AE%E8%BD%AF%E9%9B%85%E9%BB%91" postScript="" weightStyle="Regular" weight="400" isBold="False" isItalic="False"/>
          <text>%EF%BF%A53000</text>
          <textSize>12</textSize>
          <lineSpacing>16</lineSpacing>
          <selectedIndex>-1</selectedIndex>
        </control>
        <control controlID="02AC7FBE-0A92-4E88-9580-B4040690747F" controlTypeID="Label" x="4" y="153" w="89" h="16" zOrder="3">
          <font family="%E5%BE%AE%E8%BD%AF%E9%9B%85%E9%BB%91" displayName="%E5%BE%AE%E8%BD%AF%E9%9B%85%E9%BB%91" postScript="" weightStyle="Regular" weight="400" isBold="False" isItalic="False"/>
          <text>%E5%90%8D%E7%A7%B0%EF%BC%9A1101001</text>
          <textSize>12</textSize>
          <lineSpacing>16</lineSpacing>
          <selectedIndex>-1</selectedIndex>
        </control>
      </groupChildrenDescriptors>
    </control>
    <control controlID="8F8E8D96-CE08-4D89-B01E-032B66ACD38C" controlTypeID="__group__" x="29" y="552" w="150" h="189" zOrder="15">
      <groupChildrenDescriptors>
        <control controlID="87718D35-B2EC-414D-85A9-7C70C26C36E3" controlTypeID="Shape" x="0" y="0" w="150" h="189" zOrder="0">
          <font family="%E5%BE%AE%E8%BD%AF%E9%9B%85%E9%BB%91" displayName="%E5%BE%AE%E8%BD%AF%E9%9B%85%E9%BB%91" postScript="" weightStyle="Regular" weight="400" isBold="False" isItalic="False"/>
          <lineSpacing>16</lineSpacing>
          <selectedIndex>-1</selectedIndex>
        </control>
        <control controlID="36DD2F35-EB66-4BD2-8B3E-C56C4242E491" controlTypeID="Image" x="0" y="0" w="150" h="150" zOrder="1"/>
        <control controlID="30F5DBB4-B9C1-46D1-90CB-7D17E24E44C9" controlTypeID="Label" x="4" y="169" w="44" h="16" zOrder="2">
          <font family="%E5%BE%AE%E8%BD%AF%E9%9B%85%E9%BB%91" displayName="%E5%BE%AE%E8%BD%AF%E9%9B%85%E9%BB%91" postScript="" weightStyle="Regular" weight="400" isBold="False" isItalic="False"/>
          <text>%EF%BF%A53000</text>
          <textSize>12</textSize>
          <lineSpacing>16</lineSpacing>
          <selectedIndex>-1</selectedIndex>
        </control>
        <control controlID="6607D7A6-07CD-4985-A261-F4F0112F23AC" controlTypeID="Label" x="4" y="153" w="89" h="16" zOrder="3">
          <font family="%E5%BE%AE%E8%BD%AF%E9%9B%85%E9%BB%91" displayName="%E5%BE%AE%E8%BD%AF%E9%9B%85%E9%BB%91" postScript="" weightStyle="Regular" weight="400" isBold="False" isItalic="False"/>
          <text>%E5%90%8D%E7%A7%B0%EF%BC%9A1101001</text>
          <textSize>12</textSize>
          <lineSpacing>16</lineSpacing>
          <selectedIndex>-1</selectedIndex>
        </control>
      </groupChildrenDescriptors>
    </control>
    <control controlID="C10B0984-FB01-40E1-A64A-6875DD8A0F90" controlTypeID="__group__" x="226" y="336" w="150" h="189" zOrder="16">
      <groupChildrenDescriptors>
        <control controlID="C057C97C-5923-4415-B001-D4BAEE809FCB" controlTypeID="Shape" x="0" y="0" w="150" h="189" zOrder="0">
          <font family="%E5%BE%AE%E8%BD%AF%E9%9B%85%E9%BB%91" displayName="%E5%BE%AE%E8%BD%AF%E9%9B%85%E9%BB%91" postScript="" weightStyle="Regular" weight="400" isBold="False" isItalic="False"/>
          <lineSpacing>16</lineSpacing>
          <selectedIndex>-1</selectedIndex>
        </control>
        <control controlID="9320A00F-4066-4004-AE0B-C316327B163A" controlTypeID="Image" x="0" y="0" w="150" h="150" zOrder="1"/>
        <control controlID="2D738190-4A93-452B-9E4C-64431B7F5DAC" controlTypeID="Label" x="4" y="169" w="44" h="16" zOrder="2">
          <font family="%E5%BE%AE%E8%BD%AF%E9%9B%85%E9%BB%91" displayName="%E5%BE%AE%E8%BD%AF%E9%9B%85%E9%BB%91" postScript="" weightStyle="Regular" weight="400" isBold="False" isItalic="False"/>
          <text>%EF%BF%A53000</text>
          <textSize>12</textSize>
          <lineSpacing>16</lineSpacing>
          <selectedIndex>-1</selectedIndex>
        </control>
        <control controlID="8D5C71F7-B937-4D2E-869B-867BC1B1B1BA" controlTypeID="Label" x="4" y="153" w="89" h="16" zOrder="3">
          <font family="%E5%BE%AE%E8%BD%AF%E9%9B%85%E9%BB%91" displayName="%E5%BE%AE%E8%BD%AF%E9%9B%85%E9%BB%91" postScript="" weightStyle="Regular" weight="400" isBold="False" isItalic="False"/>
          <text>%E5%90%8D%E7%A7%B0%EF%BC%9A1101001</text>
          <textSize>12</textSize>
          <lineSpacing>16</lineSpacing>
          <selectedIndex>-1</selectedIndex>
        </control>
      </groupChildrenDescriptors>
    </control>
    <control controlID="4275317A-5C54-4B24-899A-D61AA9ED34E5" controlTypeID="__group__" x="226" y="552" w="150" h="189" zOrder="17">
      <groupChildrenDescriptors>
        <control controlID="FCA6E9EB-5C6C-4B39-84F0-9488B7AA2014" controlTypeID="Shape" x="0" y="0" w="150" h="189" zOrder="0">
          <font family="%E5%BE%AE%E8%BD%AF%E9%9B%85%E9%BB%91" displayName="%E5%BE%AE%E8%BD%AF%E9%9B%85%E9%BB%91" postScript="" weightStyle="Regular" weight="400" isBold="False" isItalic="False"/>
          <lineSpacing>16</lineSpacing>
          <selectedIndex>-1</selectedIndex>
        </control>
        <control controlID="6F7D2A8D-3D72-40B2-869D-B88E2118E332" controlTypeID="Image" x="0" y="0" w="150" h="150" zOrder="1"/>
        <control controlID="8EA74EF5-16FD-4291-AC43-B63CA1C92388" controlTypeID="Label" x="4" y="169" w="44" h="16" zOrder="2">
          <font family="%E5%BE%AE%E8%BD%AF%E9%9B%85%E9%BB%91" displayName="%E5%BE%AE%E8%BD%AF%E9%9B%85%E9%BB%91" postScript="" weightStyle="Regular" weight="400" isBold="False" isItalic="False"/>
          <text>%EF%BF%A53000</text>
          <textSize>12</textSize>
          <lineSpacing>16</lineSpacing>
          <selectedIndex>-1</selectedIndex>
        </control>
        <control controlID="3A8EA603-FBDB-4846-ACCF-AEE93546E17D" controlTypeID="Label" x="4" y="153" w="89" h="16" zOrder="3">
          <font family="%E5%BE%AE%E8%BD%AF%E9%9B%85%E9%BB%91" displayName="%E5%BE%AE%E8%BD%AF%E9%9B%85%E9%BB%91" postScript="" weightStyle="Regular" weight="400" isBold="False" isItalic="False"/>
          <text>%E5%90%8D%E7%A7%B0%EF%BC%9A1101001</text>
          <textSize>12</textSize>
          <lineSpacing>16</lineSpacing>
          <selectedIndex>-1</selectedIndex>
        </control>
      </groupChildrenDescriptors>
    </control>
    <control controlID="E7EB587A-BF3B-4F3F-B014-9C9D2CAF0047" controlTypeID="__group__" x="423" y="336" w="150" h="189" zOrder="18">
      <groupChildrenDescriptors>
        <control controlID="1715CC2D-C927-46E8-9988-90EF4945B2ED" controlTypeID="Shape" x="0" y="0" w="150" h="189" zOrder="0">
          <font family="%E5%BE%AE%E8%BD%AF%E9%9B%85%E9%BB%91" displayName="%E5%BE%AE%E8%BD%AF%E9%9B%85%E9%BB%91" postScript="" weightStyle="Regular" weight="400" isBold="False" isItalic="False"/>
          <lineSpacing>16</lineSpacing>
          <selectedIndex>-1</selectedIndex>
        </control>
        <control controlID="F9923711-FA3E-4D47-B59D-81127B2AA9E7" controlTypeID="Image" x="0" y="0" w="150" h="150" zOrder="1"/>
        <control controlID="28804721-FA3A-4762-8055-525132287517" controlTypeID="Label" x="4" y="169" w="44" h="16" zOrder="2">
          <font family="%E5%BE%AE%E8%BD%AF%E9%9B%85%E9%BB%91" displayName="%E5%BE%AE%E8%BD%AF%E9%9B%85%E9%BB%91" postScript="" weightStyle="Regular" weight="400" isBold="False" isItalic="False"/>
          <text>%EF%BF%A53000</text>
          <textSize>12</textSize>
          <lineSpacing>16</lineSpacing>
          <selectedIndex>-1</selectedIndex>
        </control>
        <control controlID="2F59F6F2-812F-4171-81BA-D79B896A81BF" controlTypeID="Label" x="4" y="153" w="89" h="16" zOrder="3">
          <font family="%E5%BE%AE%E8%BD%AF%E9%9B%85%E9%BB%91" displayName="%E5%BE%AE%E8%BD%AF%E9%9B%85%E9%BB%91" postScript="" weightStyle="Regular" weight="400" isBold="False" isItalic="False"/>
          <text>%E5%90%8D%E7%A7%B0%EF%BC%9A1101001</text>
          <textSize>12</textSize>
          <lineSpacing>16</lineSpacing>
          <selectedIndex>-1</selectedIndex>
        </control>
      </groupChildrenDescriptors>
    </control>
    <control controlID="17787E5C-B766-4653-A72B-6F3020C9CB5B" controlTypeID="__group__" x="423" y="552" w="150" h="189" zOrder="19">
      <groupChildrenDescriptors>
        <control controlID="BC13FB51-3A30-4C80-8F96-FF8C9D7AD8F1" controlTypeID="Shape" x="0" y="0" w="150" h="189" zOrder="0">
          <font family="%E5%BE%AE%E8%BD%AF%E9%9B%85%E9%BB%91" displayName="%E5%BE%AE%E8%BD%AF%E9%9B%85%E9%BB%91" postScript="" weightStyle="Regular" weight="400" isBold="False" isItalic="False"/>
          <lineSpacing>16</lineSpacing>
          <selectedIndex>-1</selectedIndex>
        </control>
        <control controlID="E15F7BF3-209F-4169-845D-E33B547E82B9" controlTypeID="Image" x="0" y="0" w="150" h="150" zOrder="1"/>
        <control controlID="BBFC9E1E-0799-4331-970B-9976866B9189" controlTypeID="Label" x="4" y="169" w="44" h="16" zOrder="2">
          <font family="%E5%BE%AE%E8%BD%AF%E9%9B%85%E9%BB%91" displayName="%E5%BE%AE%E8%BD%AF%E9%9B%85%E9%BB%91" postScript="" weightStyle="Regular" weight="400" isBold="False" isItalic="False"/>
          <text>%EF%BF%A53000</text>
          <textSize>12</textSize>
          <lineSpacing>16</lineSpacing>
          <selectedIndex>-1</selectedIndex>
        </control>
        <control controlID="533D6A25-6A7A-4D4D-A215-3305E030D8A7" controlTypeID="Label" x="4" y="153" w="89" h="16" zOrder="3">
          <font family="%E5%BE%AE%E8%BD%AF%E9%9B%85%E9%BB%91" displayName="%E5%BE%AE%E8%BD%AF%E9%9B%85%E9%BB%91" postScript="" weightStyle="Regular" weight="400" isBold="False" isItalic="False"/>
          <text>%E5%90%8D%E7%A7%B0%EF%BC%9A1101001</text>
          <textSize>12</textSize>
          <lineSpacing>16</lineSpacing>
          <selectedIndex>-1</selectedIndex>
        </control>
      </groupChildrenDescriptors>
    </control>
    <control controlID="0A69687A-8C9E-425A-B621-A9810FEB17CD" controlTypeID="__group__" x="621" y="336" w="150" h="189" zOrder="20">
      <groupChildrenDescriptors>
        <control controlID="95EF95EC-FA92-4F35-B606-D2F7375C4942" controlTypeID="Shape" x="0" y="0" w="150" h="189" zOrder="0">
          <font family="%E5%BE%AE%E8%BD%AF%E9%9B%85%E9%BB%91" displayName="%E5%BE%AE%E8%BD%AF%E9%9B%85%E9%BB%91" postScript="" weightStyle="Regular" weight="400" isBold="False" isItalic="False"/>
          <lineSpacing>16</lineSpacing>
          <selectedIndex>-1</selectedIndex>
        </control>
        <control controlID="5E4F9303-B3A7-4540-B133-546E3016036E" controlTypeID="Image" x="0" y="0" w="150" h="150" zOrder="1"/>
        <control controlID="6D64DDE6-F320-4C77-885A-A40D43DD3191" controlTypeID="Label" x="4" y="169" w="44" h="16" zOrder="2">
          <font family="%E5%BE%AE%E8%BD%AF%E9%9B%85%E9%BB%91" displayName="%E5%BE%AE%E8%BD%AF%E9%9B%85%E9%BB%91" postScript="" weightStyle="Regular" weight="400" isBold="False" isItalic="False"/>
          <text>%EF%BF%A53000</text>
          <textSize>12</textSize>
          <lineSpacing>16</lineSpacing>
          <selectedIndex>-1</selectedIndex>
        </control>
        <control controlID="9CAB2B99-FF28-444C-8531-24239D0AE048" controlTypeID="Label" x="4" y="153" w="89" h="16" zOrder="3">
          <font family="%E5%BE%AE%E8%BD%AF%E9%9B%85%E9%BB%91" displayName="%E5%BE%AE%E8%BD%AF%E9%9B%85%E9%BB%91" postScript="" weightStyle="Regular" weight="400" isBold="False" isItalic="False"/>
          <text>%E5%90%8D%E7%A7%B0%EF%BC%9A1101001</text>
          <textSize>12</textSize>
          <lineSpacing>16</lineSpacing>
          <selectedIndex>-1</selectedIndex>
        </control>
      </groupChildrenDescriptors>
    </control>
    <control controlID="F0714719-375C-43F6-A5E8-9148FF22C189" controlTypeID="__group__" x="621" y="552" w="150" h="189" zOrder="21">
      <groupChildrenDescriptors>
        <control controlID="DC062ADA-5453-422D-9042-4F36F46343C7" controlTypeID="Shape" x="0" y="0" w="150" h="189" zOrder="0">
          <font family="%E5%BE%AE%E8%BD%AF%E9%9B%85%E9%BB%91" displayName="%E5%BE%AE%E8%BD%AF%E9%9B%85%E9%BB%91" postScript="" weightStyle="Regular" weight="400" isBold="False" isItalic="False"/>
          <lineSpacing>16</lineSpacing>
          <selectedIndex>-1</selectedIndex>
        </control>
        <control controlID="9DD9842F-955B-4656-B78C-B5B0A4BECF35" controlTypeID="Image" x="0" y="0" w="150" h="150" zOrder="1"/>
        <control controlID="B7102D2D-8C29-4571-A1EB-AF0FA6E982A5" controlTypeID="Label" x="4" y="169" w="44" h="16" zOrder="2">
          <font family="%E5%BE%AE%E8%BD%AF%E9%9B%85%E9%BB%91" displayName="%E5%BE%AE%E8%BD%AF%E9%9B%85%E9%BB%91" postScript="" weightStyle="Regular" weight="400" isBold="False" isItalic="False"/>
          <text>%EF%BF%A53000</text>
          <textSize>12</textSize>
          <lineSpacing>16</lineSpacing>
          <selectedIndex>-1</selectedIndex>
        </control>
        <control controlID="493B1C54-6636-4D52-B134-E354B694671D" controlTypeID="Label" x="4" y="153" w="89" h="16" zOrder="3">
          <font family="%E5%BE%AE%E8%BD%AF%E9%9B%85%E9%BB%91" displayName="%E5%BE%AE%E8%BD%AF%E9%9B%85%E9%BB%91" postScript="" weightStyle="Regular" weight="400" isBold="False" isItalic="False"/>
          <text>%E5%90%8D%E7%A7%B0%EF%BC%9A1101001</text>
          <textSize>12</textSize>
          <lineSpacing>16</lineSpacing>
          <selectedIndex>-1</selectedIndex>
        </control>
      </groupChildrenDescriptors>
    </control>
    <control controlID="C2CF06D0-6C01-4932-8213-67797F816749" controlTypeID="Label" x="29" y="283" w="77" h="24" zOrder="22">
      <font family="%E5%BE%AE%E8%BD%AF%E9%9B%85%E9%BB%91" displayName="%E5%BE%AE%E8%BD%AF%E9%9B%85%E9%BB%91" postScript="" weightStyle="Regular" weight="400" isBold="False" isItalic="False"/>
      <text>%E6%9C%80%E6%96%B0%E5%95%86%E5%93%81</text>
      <textSize>18</textSize>
      <lineSpacing>24</lineSpacing>
      <useDefaultTextSize>False</useDefaultTextSize>
      <selectedIndex>-1</selectedIndex>
    </control>
    <control controlID="7F7A8260-203C-469B-B873-0C7F33D9461E" controlTypeID="Master" x="-8" y="913" w="800" h="487" zOrder="23" masterID="8684CB1E-D6BF-4730-9F20-ED6DFE64752E">
      <groupChildrenDescriptors>
        <control controlID="966CE5C1-81B5-4B1B-8E3C-3D6668218ABC" controlTypeID="Line" x="4" y="166" w="792" h="2" zOrder="0">
          <font family="%E5%BE%AE%E8%BD%AF%E9%9B%85%E9%BB%91" displayName="%E5%BE%AE%E8%BD%AF%E9%9B%85%E9%BB%91" postScript="" weightStyle="Regular" weight="400" isBold="False" isItalic="False"/>
          <lineSpacing>16</lineSpacing>
          <selectedIndex>-1</selectedIndex>
          <controlPoint>(396,1)</controlPoint>
          <startPoint>(0,1)</startPoint>
          <endPoint>(792,1)</endPoint>
        </control>
        <control controlID="D4CDC618-F80B-4A6B-91D8-5CE681352DDF" controlTypeID="Shape" x="0" y="236" w="800" h="210" zOrder="1">
          <color>4294111986</color>
          <font family="%E5%BE%AE%E8%BD%AF%E9%9B%85%E9%BB%91" displayName="%E5%BE%AE%E8%BD%AF%E9%9B%85%E9%BB%91" postScript="" weightStyle="Regular" weight="400" isBold="False" isItalic="False"/>
          <lineSpacing>16</lineSpacing>
          <selectedIndex>-1</selectedIndex>
        </control>
        <control controlID="81FB3013-A05D-40B4-8E25-117935BD1384" controlTypeID="Shape" x="0" y="446" w="800" h="41" zOrder="2">
          <color>4281742902</color>
          <font family="%E5%BE%AE%E8%BD%AF%E9%9B%85%E9%BB%91" displayName="%E5%BE%AE%E8%BD%AF%E9%9B%85%E9%BB%91" postScript="" weightStyle="Regular" weight="400" isBold="False" isItalic="False"/>
          <text>%E5%A4%87%E6%A1%88%E5%8F%B7%EF%BC%9A009001010101</text>
          <lineSpacing>16</lineSpacing>
          <selectedIndex>-1</selectedIndex>
        </control>
        <control controlID="D955BD27-C49E-41B9-B988-A42DFC252A29" controlTypeID="Label" x="356" y="0" w="70" h="22" zOrder="3">
          <font family="%E5%BE%AE%E8%BD%AF%E9%9B%85%E9%BB%91" displayName="%E5%BE%AE%E8%BD%AF%E9%9B%85%E9%BB%91" postScript="" weightStyle="Regular" weight="400" isBold="False" isItalic="False"/>
          <text>%E5%85%A8%E6%B0%91%E5%BD%93%E9%93%BA</text>
          <textSize>16</textSize>
          <lineSpacing>21</lineSpacing>
          <useDefaultTextSize>False</useDefaultTextSize>
          <selectedIndex>-1</selectedIndex>
        </control>
        <control controlID="05002426-8A6C-4FB3-B7FE-D58289A695FC" controlTypeID="Line" x="33" y="10" w="310" h="2" zOrder="4">
          <font family="%E5%BE%AE%E8%BD%AF%E9%9B%85%E9%BB%91" displayName="%E5%BE%AE%E8%BD%AF%E9%9B%85%E9%BB%91" postScript="" weightStyle="Regular" weight="400" isBold="False" isItalic="False"/>
          <lineSpacing>16</lineSpacing>
          <selectedIndex>-1</selectedIndex>
          <controlPoint>(156,1)</controlPoint>
          <startPoint>(1,1)</startPoint>
          <endPoint>(310,1)</endPoint>
        </control>
        <control controlID="C615F770-40B2-4943-B04B-2832F1088A56" controlTypeID="Line" x="436" y="10" w="314" h="2" zOrder="5">
          <font family="%E5%BE%AE%E8%BD%AF%E9%9B%85%E9%BB%91" displayName="%E5%BE%AE%E8%BD%AF%E9%9B%85%E9%BB%91" postScript="" weightStyle="Regular" weight="400" isBold="False" isItalic="False"/>
          <lineSpacing>16</lineSpacing>
          <selectedIndex>-1</selectedIndex>
          <controlPoint>(158,1)</controlPoint>
          <startPoint>(1,1)</startPoint>
          <endPoint>(314,1)</endPoint>
        </control>
        <control controlID="08D9B0C5-942B-4A86-A4CD-BF96FC076436" controlTypeID="Circle" x="53" y="75" w="43" h="43" zOrder="6">
          <color>4291611852</color>
          <font family="%E5%BE%AE%E8%BD%AF%E9%9B%85%E9%BB%91" displayName="%E5%BE%AE%E8%BD%AF%E9%9B%85%E9%BB%91" postScript="" weightStyle="Regular" weight="400" isBold="False" isItalic="False"/>
          <text>%E4%BC%98</text>
          <textSize>16</textSize>
          <lineSpacing>21</lineSpacing>
          <useDefaultTextSize>False</useDefaultTextSize>
          <selectedIndex>-1</selectedIndex>
          <shapeBorderType>SbEllipse</shapeBorderType>
        </control>
        <control controlID="9C3A2E20-3695-4D56-8D3A-50B734DE4CC4" controlTypeID="Circle" x="305" y="75" w="43" h="43" zOrder="7">
          <color>4291611852</color>
          <font family="%E5%BE%AE%E8%BD%AF%E9%9B%85%E9%BB%91" displayName="%E5%BE%AE%E8%BD%AF%E9%9B%85%E9%BB%91" postScript="" weightStyle="Regular" weight="400" isBold="False" isItalic="False"/>
          <text>%E4%BF%9D</text>
          <textSize>16</textSize>
          <lineSpacing>21</lineSpacing>
          <useDefaultTextSize>False</useDefaultTextSize>
          <selectedIndex>-1</selectedIndex>
          <shapeBorderType>SbEllipse</shapeBorderType>
        </control>
        <control controlID="AAA6FD88-3113-4401-B07B-279C5CD94816" controlTypeID="Circle" x="578" y="75" w="43" h="43" zOrder="8">
          <color>4291611852</color>
          <font family="%E5%BE%AE%E8%BD%AF%E9%9B%85%E9%BB%91" displayName="%E5%BE%AE%E8%BD%AF%E9%9B%85%E9%BB%91" postScript="" weightStyle="Regular" weight="400" isBold="False" isItalic="False"/>
          <text>%E8%AF%9A%E4%BF%A1</text>
          <textSize>16</textSize>
          <lineSpacing>21</lineSpacing>
          <useDefaultTextSize>False</useDefaultTextSize>
          <selectedIndex>-1</selectedIndex>
          <shapeBorderType>SbEllipse</shapeBorderType>
        </control>
        <control controlID="D428EC38-6432-49BD-9DA3-F1A7A0AA0241" controlTypeID="Label" x="106" y="76" w="52" h="16" zOrder="9">
          <font family="%E5%BE%AE%E8%BD%AF%E9%9B%85%E9%BB%91" displayName="%E5%BE%AE%E8%BD%AF%E9%9B%85%E9%BB%91" postScript="" weightStyle="Regular" weight="400" isBold="False" isItalic="False"/>
          <text>%E5%93%81%E8%B4%A8%E4%BF%9D%E8%AF%81</text>
          <textSize>12</textSize>
          <lineSpacing>16</lineSpacing>
          <useDefaultTextSize>False</useDefaultTextSize>
          <selectedIndex>-1</selectedIndex>
        </control>
        <control controlID="65F389BF-C689-4902-A0A4-29540033DB8B" controlTypeID="Label" x="358" y="76" w="52" h="16" zOrder="10">
          <font family="%E5%BE%AE%E8%BD%AF%E9%9B%85%E9%BB%91" displayName="%E5%BE%AE%E8%BD%AF%E9%9B%85%E9%BB%91" postScript="" weightStyle="Regular" weight="400" isBold="False" isItalic="False"/>
          <text>%E4%BA%A4%E6%98%93%E4%BF%9D%E8%AF%81</text>
          <textSize>12</textSize>
          <lineSpacing>16</lineSpacing>
          <useDefaultTextSize>False</useDefaultTextSize>
          <selectedIndex>-1</selectedIndex>
        </control>
        <control controlID="A2636E3A-FB59-4E5F-9DBB-BEC79CEF338B" controlTypeID="Label" x="631" y="76" w="52" h="16" zOrder="11">
          <font family="%E5%BE%AE%E8%BD%AF%E9%9B%85%E9%BB%91" displayName="%E5%BE%AE%E8%BD%AF%E9%9B%85%E9%BB%91" postScript="" weightStyle="Regular" weight="400" isBold="False" isItalic="False"/>
          <text>%E8%AF%9A%E4%BF%A1%E4%BF%9D%E8%AF%81</text>
          <textSize>12</textSize>
          <lineSpacing>16</lineSpacing>
          <useDefaultTextSize>False</useDefaultTextSize>
          <selectedIndex>-1</selectedIndex>
        </control>
        <control controlID="0C1B806B-9792-469D-8CB5-EFDB3D3985EA" controlTypeID="Label" x="106" y="97" w="96" h="15" zOrder="12">
          <font family="%E5%BE%AE%E8%BD%AF%E9%9B%85%E9%BB%91" displayName="%E5%BE%AE%E8%BD%AF%E9%9B%85%E9%BB%91" postScript="" weightStyle="Regular" weight="400" isBold="False" isItalic="False"/>
          <text>%E5%93%81%E8%B4%A8%E6%8A%A4%E8%88%AA+%E8%B4%AD%E7%89%A9%E6%97%A0%E5%BF%A7</text>
          <textSize>11</textSize>
          <lineSpacing>15</lineSpacing>
          <useDefaultTextSize>False</useDefaultTextSize>
          <selectedIndex>-1</selectedIndex>
        </control>
        <control controlID="C157D895-21D2-425F-8AA2-439D1CF71D18" controlTypeID="Label" x="358" y="97" w="118" h="15" zOrder="13">
          <font family="%E5%BE%AE%E8%BD%AF%E9%9B%85%E9%BB%91" displayName="%E5%BE%AE%E8%BD%AF%E9%9B%85%E9%BB%91" postScript="" weightStyle="Regular" weight="400" isBold="False" isItalic="False"/>
          <text>%E7%BA%BF%E4%B8%8B%E4%BA%A4%E6%98%93+%E6%9C%80%E5%AE%89%E5%85%A8%E7%9A%84%E4%BF%9D%E9%9A%9C</text>
          <textSize>11</textSize>
          <lineSpacing>15</lineSpacing>
          <useDefaultTextSize>False</useDefaultTextSize>
          <selectedIndex>-1</selectedIndex>
        </control>
        <control controlID="5BBF6F15-E137-4253-94B5-F67570FCC209" controlTypeID="Label" x="631" y="97" w="96" h="15" zOrder="14">
          <font family="%E5%BE%AE%E8%BD%AF%E9%9B%85%E9%BB%91" displayName="%E5%BE%AE%E8%BD%AF%E9%9B%85%E9%BB%91" postScript="" weightStyle="Regular" weight="400" isBold="False" isItalic="False"/>
          <text>%E8%AF%9A%E4%BF%A1%E5%95%86%E9%93%BA+%E8%AF%9A%E6%84%8F%E5%BE%85%E4%BA%BA</text>
          <textSize>11</textSize>
          <lineSpacing>15</lineSpacing>
          <useDefaultTextSize>False</useDefaultTextSize>
          <selectedIndex>-1</selectedIndex>
        </control>
        <control controlID="AD759246-906B-4055-8331-D6E008F673EF" controlTypeID="Line" x="243" y="80" w="2" h="24" zOrder="15">
          <font family="%E5%BE%AE%E8%BD%AF%E9%9B%85%E9%BB%91" displayName="%E5%BE%AE%E8%BD%AF%E9%9B%85%E9%BB%91" postScript="" weightStyle="Regular" weight="400" isBold="False" isItalic="False"/>
          <lineSpacing>16</lineSpacing>
          <selectedIndex>-1</selectedIndex>
          <controlPoint>(1,12)</controlPoint>
          <startPoint>(1,0)</startPoint>
          <endPoint>(1,24)</endPoint>
        </control>
        <control controlID="2D27FA85-14DE-4B0F-B874-13E64FFDB23E" controlTypeID="Line" x="525" y="80" w="2" h="24" zOrder="16">
          <font family="%E5%BE%AE%E8%BD%AF%E9%9B%85%E9%BB%91" displayName="%E5%BE%AE%E8%BD%AF%E9%9B%85%E9%BB%91" postScript="" weightStyle="Regular" weight="400" isBold="False" isItalic="False"/>
          <lineSpacing>16</lineSpacing>
          <selectedIndex>-1</selectedIndex>
          <controlPoint>(1,12)</controlPoint>
          <startPoint>(1,0)</startPoint>
          <endPoint>(1,24)</endPoint>
        </control>
        <control controlID="93E4DC41-F542-4C44-91C2-BE6976BF791D" controlTypeID="Label" x="513" y="305" w="102" h="22" zOrder="17">
          <font family="%E5%BE%AE%E8%BD%AF%E9%9B%85%E9%BB%91" displayName="%E5%BE%AE%E8%BD%AF%E9%9B%85%E9%BB%91" postScript="" weightStyle="Regular" weight="400" isBold="False" isItalic="False"/>
          <text>%E6%9C%8D%E5%8A%A1%E5%92%A8%E8%AF%A2%E7%83%AD%E7%BA%BF</text>
          <textSize>16</textSize>
          <lineSpacing>21</lineSpacing>
          <useDefaultTextSize>False</useDefaultTextSize>
          <selectedIndex>-1</selectedIndex>
        </control>
        <control controlID="9C7769CC-F961-46B1-A243-DC0360F093C8" controlTypeID="Icon" x="467" y="304" w="29" h="29" zOrder="18">
          <icon>
            <ID/>
            <iconFontName>jdIonicons</iconFontName>
            <iconCode>62162</iconCode>
          </icon>
          <URL>94E9452D20864CF3FBC79CD2C4E76723.svg</URL>
        </control>
        <control controlID="CD4943F6-CF34-4E43-8BE4-053125F557A0" controlTypeID="Label" x="513" y="342" w="144" h="32" zOrder="19">
          <font family="%E5%BE%AE%E8%BD%AF%E9%9B%85%E9%BB%91" displayName="%E5%BE%AE%E8%BD%AF%E9%9B%85%E9%BB%91" postScript="" weightStyle="Regular" weight="400" isBold="False" isItalic="False"/>
          <text>028-998765</text>
          <textSize>24</textSize>
          <lineSpacing>32</lineSpacing>
          <useDefaultTextSize>False</useDefaultTextSize>
          <selectedIndex>-1</selectedIndex>
        </control>
        <control controlID="8CCAD421-08CB-4E50-B23E-DD31FED4C4E6" controlTypeID="QRCode" x="699" y="297" w="51" h="51" zOrder="20"/>
        <control controlID="4CBC743A-397D-4F98-924F-F4CDD772027F" controlTypeID="Label" x="712" y="358" w="28" h="16" zOrder="21">
          <font family="%E5%BE%AE%E8%BD%AF%E9%9B%85%E9%BB%91" displayName="%E5%BE%AE%E8%BD%AF%E9%9B%85%E9%BB%91" postScript="" weightStyle="Regular" weight="400" isBold="False" isItalic="False"/>
          <text>%E5%BE%AE%E4%BF%A1</text>
          <textSize>12</textSize>
          <lineSpacing>16</lineSpacing>
          <selectedIndex>-1</selectedIndex>
        </control>
        <control controlID="46991555-CA53-4D1F-8B15-02254E69F40F" controlTypeID="Label" x="33" y="304" w="114" h="24" zOrder="22">
          <font family="%E5%BE%AE%E8%BD%AF%E9%9B%85%E9%BB%91" displayName="%E5%BE%AE%E8%BD%AF%E9%9B%85%E9%BB%91" postScript="" weightStyle="Regular" weight="400" isBold="False" isItalic="False"/>
          <text>%E5%85%A8%E5%90%8D%E5%BD%93%E9%93%BA%E5%95%86%E5%9F%8E</text>
          <textSize>18</textSize>
          <lineSpacing>24</lineSpacing>
          <useDefaultTextSize>False</useDefaultTextSize>
          <selectedIndex>-1</selectedIndex>
        </control>
        <control controlID="A0BED158-F4E9-4B38-BB59-ADE19ED2E6F7" controlTypeID="Label" x="156" y="333" w="46" h="19" zOrder="23">
          <font family="%E5%BE%AE%E8%BD%AF%E9%9B%85%E9%BB%91" displayName="%E5%BE%AE%E8%BD%AF%E9%9B%85%E9%BB%91" postScript="" weightStyle="Regular" weight="400" isBold="False" isItalic="False"/>
          <text>%E4%BC%97%E7%AD%B9%E7%BD%91</text>
          <lineSpacing>18</lineSpacing>
          <useDefaultTextSize>False</useDefaultTextSize>
          <selectedIndex>-1</selectedIndex>
        </control>
        <control controlID="8AB45EB2-A065-4714-8880-BA4DDB091287" controlTypeID="Label" x="243" y="333" w="61" h="19" zOrder="24">
          <font family="%E5%BE%AE%E8%BD%AF%E9%9B%85%E9%BB%91" displayName="%E5%BE%AE%E8%BD%AF%E9%9B%85%E9%BB%91" postScript="" weightStyle="Regular" weight="400" isBold="False" isItalic="False"/>
          <text>%E5%85%B3%E4%BA%8E%E6%88%91%E4%BB%AC</text>
          <lineSpacing>18</lineSpacing>
          <useDefaultTextSize>False</useDefaultTextSize>
          <selectedIndex>-1</selectedIndex>
        </control>
        <control controlID="601FE733-3E00-42B3-B7D9-D21A219E48A0" controlTypeID="Shape" x="283" y="398" w="86" h="32" zOrder="25">
          <font family="%E5%BE%AE%E8%BD%AF%E9%9B%85%E9%BB%91" displayName="%E5%BE%AE%E8%BD%AF%E9%9B%85%E9%BB%91" postScript="" weightStyle="Regular" weight="400" isBold="False" isItalic="False"/>
          <text>%E8%AF%9A%E4%BF%A1%E7%BD%91%E7%AB%99</text>
          <lineSpacing>16</lineSpacing>
          <selectedIndex>-1</selectedIndex>
        </control>
        <control controlID="82A438B2-C3A6-46AF-88BF-0782EFE1AF26" controlTypeID="Shape" x="390" y="398" w="86" h="32" zOrder="26">
          <font family="%E5%BE%AE%E8%BD%AF%E9%9B%85%E9%BB%91" displayName="%E5%BE%AE%E8%BD%AF%E9%9B%85%E9%BB%91" postScript="" weightStyle="Regular" weight="400" isBold="False" isItalic="False"/>
          <text>%E5%8F%AF%E4%BF%A1%E7%BD%91%E7%AB%99</text>
          <lineSpacing>16</lineSpacing>
          <selectedIndex>-1</selectedIndex>
        </control>
      </groupChildrenDescriptors>
    </control>
  </controls>
  <param>
    <backgroundColor>4294967295</backgroundColor>
    <fontSize>12</fontSize>
    <fontFamily>%E5%BE%AE%E8%BD%AF%E9%9B%85%E9%BB%91</fontFamily>
    <guideLines/>
  </param>
</mockup>