﻿<mockup version="4.8" minAllowVersion="4.8" ID="232E94DD-DEDE-4C45-A93E-D3C2265CCFD1" platform="MtDesktop" defaultW="800" defaultH="600" measureW="800" measureH="800" mobileScreenScale="0">
  <controls controlCount="31">
    <control controlID="F9AE6258-1DCC-4F23-B822-35521158C6E4" controlTypeID="Shape" x="0" y="0" w="188" h="800" zOrder="0">
      <color>436247039</color>
      <font family="%E5%BE%AE%E8%BD%AF%E9%9B%85%E9%BB%91" displayName="%E5%BE%AE%E8%BD%AF%E9%9B%85%E9%BB%91" postScript="" weightStyle="Regular" weight="400" isBold="False" isItalic="False"/>
      <lineSpacing>16</lineSpacing>
      <selectedIndex>-1</selectedIndex>
    </control>
    <control controlID="B8A2A86F-0CFE-455F-ABBB-95DA81162B5C" controlTypeID="Shape" x="0" y="0" w="188" h="40" zOrder="1">
      <color>4278229503</color>
      <font family="%E5%BE%AE%E8%BD%AF%E9%9B%85%E9%BB%91" displayName="%E5%BE%AE%E8%BD%AF%E9%9B%85%E9%BB%91" postScript="" weightStyle="Regular" weight="400" isBold="False" isItalic="False"/>
      <text>%E4%BC%97%E7%AD%B9%E7%AE%A1%E7%90%86</text>
      <textColor>4294967295</textColor>
      <textSize>18</textSize>
      <lineSpacing>24</lineSpacing>
      <useDefaultTextSize>False</useDefaultTextSize>
      <selectedIndex>-1</selectedIndex>
    </control>
    <control controlID="665769CA-6122-4C67-9806-4ABEAEB63361" controlTypeID="Shape" x="0" y="39" w="188" h="40" zOrder="2">
      <color>4288256409</color>
      <font family="%E5%BE%AE%E8%BD%AF%E9%9B%85%E9%BB%91" displayName="%E5%BE%AE%E8%BD%AF%E9%9B%85%E9%BB%91" postScript="" weightStyle="Regular" weight="400" isBold="False" isItalic="False"/>
      <text>%E5%9F%BA%E6%9C%AC%E4%BF%A1%E6%81%AF</text>
      <textColor>4294967295</textColor>
      <textSize>18</textSize>
      <lineSpacing>24</lineSpacing>
      <useDefaultTextSize>False</useDefaultTextSize>
      <selectedIndex>-1</selectedIndex>
    </control>
    <control controlID="220CB911-A132-450F-87DE-ECF9B2973847" controlTypeID="Shape" x="0" y="78" w="188" h="40" zOrder="3">
      <color>4288256409</color>
      <font family="%E5%BE%AE%E8%BD%AF%E9%9B%85%E9%BB%91" displayName="%E5%BE%AE%E8%BD%AF%E9%9B%85%E9%BB%91" postScript="" weightStyle="Regular" weight="400" isBold="False" isItalic="False"/>
      <text>%E9%A1%B9%E7%9B%AE%E7%8A%B6%E6%80%81</text>
      <textColor>4294967295</textColor>
      <textSize>18</textSize>
      <lineSpacing>24</lineSpacing>
      <useDefaultTextSize>False</useDefaultTextSize>
      <selectedIndex>-1</selectedIndex>
    </control>
    <control controlID="2C2C4138-A09C-4DC0-8591-471708E4CA6B" controlTypeID="Shape" x="0" y="258" w="188" h="40" zOrder="4">
      <color>4278229503</color>
      <font family="%E5%BE%AE%E8%BD%AF%E9%9B%85%E9%BB%91" displayName="%E5%BE%AE%E8%BD%AF%E9%9B%85%E9%BB%91" postScript="" weightStyle="Regular" weight="400" isBold="False" isItalic="False"/>
      <text>%E5%95%86%E5%9F%8E%E7%AE%A1%E7%90%86+</text>
      <textColor>4294967295</textColor>
      <textSize>18</textSize>
      <lineSpacing>24</lineSpacing>
      <useDefaultTextSize>False</useDefaultTextSize>
      <selectedIndex>-1</selectedIndex>
    </control>
    <control controlID="41FD75AD-5B7E-4E03-8D03-FA0CB5BCEB53" controlTypeID="Label" x="226" y="10" w="59" h="24" zOrder="5">
      <font family="%E5%BE%AE%E8%BD%AF%E9%9B%85%E9%BB%91" displayName="%E5%BE%AE%E8%BD%AF%E9%9B%85%E9%BB%91+Bold" postScript="" weightStyle="Bold" weight="700" isBold="True" isItalic="False"/>
      <text>%E7%AD%B9%E5%A4%87%E4%B8%AD</text>
      <textColor>4288256409</textColor>
      <textSize>18</textSize>
      <lineSpacing>24</lineSpacing>
      <textStyles>[fsBold]</textStyles>
      <useDefaultTextSize>False</useDefaultTextSize>
      <selectedIndex>-1</selectedIndex>
    </control>
    <control controlID="C8A77B90-8241-477A-A7BA-204F7F470EBD" controlTypeID="Label" x="227" y="258" w="59" h="24" zOrder="6">
      <font family="%E5%BE%AE%E8%BD%AF%E9%9B%85%E9%BB%91" displayName="%E5%BE%AE%E8%BD%AF%E9%9B%85%E9%BB%91+Bold" postScript="" weightStyle="Bold" weight="700" isBold="True" isItalic="False"/>
      <text>%E8%AE%A1%E5%88%92%E4%B8%AD</text>
      <textColor>4288256409</textColor>
      <textSize>18</textSize>
      <lineSpacing>24</lineSpacing>
      <textStyles>[fsBold]</textStyles>
      <useDefaultTextSize>False</useDefaultTextSize>
      <selectedIndex>-1</selectedIndex>
    </control>
    <control controlID="E4820413-B6FA-494F-A991-1B0F9B835E8F" controlTypeID="Label" x="226" y="485" w="60" h="24" zOrder="7">
      <font family="%E5%BE%AE%E8%BD%AF%E9%9B%85%E9%BB%91" displayName="%E5%BE%AE%E8%BD%AF%E9%9B%85%E9%BB%91+Bold" postScript="" weightStyle="Bold" weight="700" isBold="True" isItalic="False"/>
      <text>%E5%B7%B2%E5%AE%8C%E6%88%90</text>
      <textColor>4288256409</textColor>
      <textSize>18</textSize>
      <lineSpacing>24</lineSpacing>
      <textStyles>[fsBold]</textStyles>
      <useDefaultTextSize>False</useDefaultTextSize>
      <selectedIndex>-1</selectedIndex>
    </control>
    <control controlID="F262BCA3-7666-435D-B036-269B0527F849" controlTypeID="Image" x="226" y="71" w="150" h="150" zOrder="8">
      <remarkText>100*100</remarkText>
    </control>
    <control controlID="6BAA3B9A-38E5-4D57-AC48-5062950BF2CE" controlTypeID="Image" x="226" y="321" w="150" h="150" zOrder="9">
      <remarkText>100*100</remarkText>
    </control>
    <control controlID="E89DD35C-AAAC-45EF-91DA-EB6DD8199542" controlTypeID="Image" x="221" y="554" w="150" h="150" zOrder="10">
      <remarkText>100*100</remarkText>
    </control>
    <control controlID="DD02A99F-81C3-4D02-8376-4EE06027D59F" controlTypeID="Image" x="401" y="71" w="150" h="150" zOrder="11">
      <remarkText>100*100</remarkText>
    </control>
    <control controlID="D9C32C69-ABD4-4EB3-A9F4-87093952DA09" controlTypeID="Image" x="401" y="321" w="150" h="150" zOrder="12">
      <remarkText>100*100</remarkText>
    </control>
    <control controlID="00011D71-EAE5-4AE4-9A90-6A2D9C47279D" controlTypeID="Image" x="396" y="554" w="150" h="150" zOrder="13">
      <remarkText>100*100</remarkText>
    </control>
    <control controlID="CD02DF35-4ED2-4214-8601-198FEB7930C2" controlTypeID="Image" x="576" y="71" w="150" h="150" zOrder="14">
      <remarkText>100*100</remarkText>
    </control>
    <control controlID="6DD7D74F-7DAE-45EF-84E2-F3EFB5B77467" controlTypeID="Image" x="576" y="321" w="150" h="150" zOrder="15">
      <remarkText>100*100</remarkText>
    </control>
    <control controlID="ED6373F9-88F6-4FA1-8C4A-EEDAC4F744B9" controlTypeID="Image" x="571" y="554" w="150" h="150" zOrder="16">
      <remarkText>100*100</remarkText>
    </control>
    <control controlID="553BAC84-A7CD-40F0-8512-37EEEBD9CD61" controlTypeID="Shape" x="226" y="167" w="75" h="25" zOrder="17">
      <color>4278229503</color>
      <borderVisible>False</borderVisible>
      <font family="%E5%BE%AE%E8%BD%AF%E9%9B%85%E9%BB%91" displayName="%E5%BE%AE%E8%BD%AF%E9%9B%85%E9%BB%91" postScript="" weightStyle="Regular" weight="400" isBold="False" isItalic="False"/>
      <text>%E9%A1%B9%E7%9B%AE%E5%90%8D%E7%A7%B0</text>
      <textColor>4294967295</textColor>
      <lineSpacing>16</lineSpacing>
      <selectedIndex>-1</selectedIndex>
    </control>
    <control controlID="8EDA5472-F1D5-48A1-9F65-16029CB6A35F" controlTypeID="Shape" x="227" y="416" w="75" h="25" zOrder="18">
      <color>4278229503</color>
      <borderVisible>False</borderVisible>
      <font family="%E5%BE%AE%E8%BD%AF%E9%9B%85%E9%BB%91" displayName="%E5%BE%AE%E8%BD%AF%E9%9B%85%E9%BB%91" postScript="" weightStyle="Regular" weight="400" isBold="False" isItalic="False"/>
      <text>%E9%A1%B9%E7%9B%AE%E5%90%8D%E7%A7%B0</text>
      <textColor>4294967295</textColor>
      <lineSpacing>16</lineSpacing>
      <selectedIndex>-1</selectedIndex>
    </control>
    <control controlID="D07973F5-6754-4754-98EC-0C0E85632523" controlTypeID="Shape" x="221" y="648" w="75" h="25" zOrder="19">
      <color>4278229503</color>
      <borderVisible>False</borderVisible>
      <font family="%E5%BE%AE%E8%BD%AF%E9%9B%85%E9%BB%91" displayName="%E5%BE%AE%E8%BD%AF%E9%9B%85%E9%BB%91" postScript="" weightStyle="Regular" weight="400" isBold="False" isItalic="False"/>
      <text>%E9%A1%B9%E7%9B%AE%E5%90%8D%E7%A7%B0</text>
      <textColor>4294967295</textColor>
      <lineSpacing>16</lineSpacing>
      <selectedIndex>-1</selectedIndex>
    </control>
    <control controlID="DE8D3D7F-2144-41FB-82A6-AE7CA006B9E1" controlTypeID="Shape" x="401" y="167" w="75" h="25" zOrder="20">
      <color>4278229503</color>
      <borderVisible>False</borderVisible>
      <font family="%E5%BE%AE%E8%BD%AF%E9%9B%85%E9%BB%91" displayName="%E5%BE%AE%E8%BD%AF%E9%9B%85%E9%BB%91" postScript="" weightStyle="Regular" weight="400" isBold="False" isItalic="False"/>
      <text>%E9%A1%B9%E7%9B%AE%E5%90%8D%E7%A7%B0</text>
      <textColor>4294967295</textColor>
      <lineSpacing>16</lineSpacing>
      <selectedIndex>-1</selectedIndex>
    </control>
    <control controlID="D2E36ED5-0090-4084-A5E2-472EC5DDF6C4" controlTypeID="Shape" x="402" y="416" w="75" h="25" zOrder="21">
      <color>4278229503</color>
      <borderVisible>False</borderVisible>
      <font family="%E5%BE%AE%E8%BD%AF%E9%9B%85%E9%BB%91" displayName="%E5%BE%AE%E8%BD%AF%E9%9B%85%E9%BB%91" postScript="" weightStyle="Regular" weight="400" isBold="False" isItalic="False"/>
      <text>%E9%A1%B9%E7%9B%AE%E5%90%8D%E7%A7%B0</text>
      <textColor>4294967295</textColor>
      <lineSpacing>16</lineSpacing>
      <selectedIndex>-1</selectedIndex>
    </control>
    <control controlID="1D8A4EDF-669B-4E7A-9662-72CB66084706" controlTypeID="Shape" x="396" y="648" w="75" h="25" zOrder="22">
      <color>4278229503</color>
      <borderVisible>False</borderVisible>
      <font family="%E5%BE%AE%E8%BD%AF%E9%9B%85%E9%BB%91" displayName="%E5%BE%AE%E8%BD%AF%E9%9B%85%E9%BB%91" postScript="" weightStyle="Regular" weight="400" isBold="False" isItalic="False"/>
      <text>%E9%A1%B9%E7%9B%AE%E5%90%8D%E7%A7%B0</text>
      <textColor>4294967295</textColor>
      <lineSpacing>16</lineSpacing>
      <selectedIndex>-1</selectedIndex>
    </control>
    <control controlID="033032C4-71F3-4AAB-A4BC-F59FB09B8519" controlTypeID="Shape" x="576" y="167" w="75" h="25" zOrder="23">
      <color>4278229503</color>
      <borderVisible>False</borderVisible>
      <font family="%E5%BE%AE%E8%BD%AF%E9%9B%85%E9%BB%91" displayName="%E5%BE%AE%E8%BD%AF%E9%9B%85%E9%BB%91" postScript="" weightStyle="Regular" weight="400" isBold="False" isItalic="False"/>
      <text>%E9%A1%B9%E7%9B%AE%E5%90%8D%E7%A7%B0</text>
      <textColor>4294967295</textColor>
      <lineSpacing>16</lineSpacing>
      <selectedIndex>-1</selectedIndex>
    </control>
    <control controlID="94221C68-A153-4EDF-8A83-E2A6A39C246B" controlTypeID="Shape" x="577" y="416" w="75" h="25" zOrder="24">
      <color>4278229503</color>
      <borderVisible>False</borderVisible>
      <font family="%E5%BE%AE%E8%BD%AF%E9%9B%85%E9%BB%91" displayName="%E5%BE%AE%E8%BD%AF%E9%9B%85%E9%BB%91" postScript="" weightStyle="Regular" weight="400" isBold="False" isItalic="False"/>
      <text>%E9%A1%B9%E7%9B%AE%E5%90%8D%E7%A7%B0</text>
      <textColor>4294967295</textColor>
      <lineSpacing>16</lineSpacing>
      <selectedIndex>-1</selectedIndex>
    </control>
    <control controlID="1372334E-C7F8-4530-84CB-7288CCDA1CC3" controlTypeID="Shape" x="571" y="648" w="75" h="25" zOrder="25">
      <color>4278229503</color>
      <borderVisible>False</borderVisible>
      <font family="%E5%BE%AE%E8%BD%AF%E9%9B%85%E9%BB%91" displayName="%E5%BE%AE%E8%BD%AF%E9%9B%85%E9%BB%91" postScript="" weightStyle="Regular" weight="400" isBold="False" isItalic="False"/>
      <text>%E9%A1%B9%E7%9B%AE%E5%90%8D%E7%A7%B0</text>
      <textColor>4294967295</textColor>
      <lineSpacing>16</lineSpacing>
      <selectedIndex>-1</selectedIndex>
    </control>
    <control controlID="0D66B508-1961-401F-B60C-F99604362BF6" controlTypeID="Line" x="226" y="40" w="535" h="2" zOrder="26">
      <font family="%E5%BE%AE%E8%BD%AF%E9%9B%85%E9%BB%91" displayName="%E5%BE%AE%E8%BD%AF%E9%9B%85%E9%BB%91" postScript="" weightStyle="Regular" weight="400" isBold="False" isItalic="False"/>
      <lineSpacing>16</lineSpacing>
      <selectedIndex>-1</selectedIndex>
      <controlPoint>(268,1)</controlPoint>
      <startPoint>(0,1)</startPoint>
      <endPoint>(535,1)</endPoint>
    </control>
    <control controlID="1FC96296-A32E-4A95-B421-6105D6F4533A" controlTypeID="Line" x="226" y="291" w="535" h="2" zOrder="27">
      <font family="%E5%BE%AE%E8%BD%AF%E9%9B%85%E9%BB%91" displayName="%E5%BE%AE%E8%BD%AF%E9%9B%85%E9%BB%91" postScript="" weightStyle="Regular" weight="400" isBold="False" isItalic="False"/>
      <lineSpacing>16</lineSpacing>
      <selectedIndex>-1</selectedIndex>
      <controlPoint>(268,1)</controlPoint>
      <startPoint>(0,1)</startPoint>
      <endPoint>(535,1)</endPoint>
    </control>
    <control controlID="4CC0F8D3-E0AD-49DE-929B-DB33E45CA057" controlTypeID="Line" x="221" y="519" w="535" h="2" zOrder="28">
      <font family="%E5%BE%AE%E8%BD%AF%E9%9B%85%E9%BB%91" displayName="%E5%BE%AE%E8%BD%AF%E9%9B%85%E9%BB%91" postScript="" weightStyle="Regular" weight="400" isBold="False" isItalic="False"/>
      <lineSpacing>16</lineSpacing>
      <selectedIndex>-1</selectedIndex>
      <controlPoint>(268,1)</controlPoint>
      <startPoint>(0,1)</startPoint>
      <endPoint>(535,1)</endPoint>
    </control>
    <control controlID="9B7A9DB7-D441-4EB7-81E9-817C37AF21EE" controlTypeID="Shape" x="0" y="297" w="188" h="40" zOrder="29">
      <color>4288256409</color>
      <font family="%E5%BE%AE%E8%BD%AF%E9%9B%85%E9%BB%91" displayName="%E5%BE%AE%E8%BD%AF%E9%9B%85%E9%BB%91" postScript="" weightStyle="Regular" weight="400" isBold="False" isItalic="False"/>
      <text>%E5%95%86%E5%93%81%E8%AE%BE%E7%BD%AE</text>
      <textColor>4294967295</textColor>
      <textSize>18</textSize>
      <lineSpacing>24</lineSpacing>
      <useDefaultTextSize>False</useDefaultTextSize>
      <selectedIndex>-1</selectedIndex>
    </control>
    <control controlID="8223B7C6-4433-45B4-84D3-526435B9734E" controlTypeID="Shape" x="0" y="334" w="188" h="40" zOrder="30">
      <color>4288256409</color>
      <font family="%E5%BE%AE%E8%BD%AF%E9%9B%85%E9%BB%91" displayName="%E5%BE%AE%E8%BD%AF%E9%9B%85%E9%BB%91" postScript="" weightStyle="Regular" weight="400" isBold="False" isItalic="False"/>
      <text>%E5%95%86%E5%93%81%E5%88%97%E8%A1%A8</text>
      <textColor>4294967295</textColor>
      <textSize>18</textSize>
      <lineSpacing>24</lineSpacing>
      <useDefaultTextSize>False</useDefaultTextSize>
      <selectedIndex>-1</selectedIndex>
    </control>
  </controls>
  <param>
    <backgroundColor>4294967295</backgroundColor>
    <fontSize>12</fontSize>
    <fontFamily>%E5%BE%AE%E8%BD%AF%E9%9B%85%E9%BB%91</fontFamily>
    <guideLines/>
  </param>
</mockup>