﻿<mockup version="4.8" minAllowVersion="4.8" ID="3DA89501-2912-4F01-BD31-6C136B68EF26" platform="MtDesktop" defaultW="800" defaultH="600" measureW="802" measureH="2500" mobileScreenScale="0">
  <controls controlCount="148">
    <control controlID="CECE4EA0-2F2D-4203-BF83-1B68A7B5F0E4" controlTypeID="Image" x="0" y="56" w="802" h="438" zOrder="0"/>
    <control controlID="6FC1DFA8-388F-4DCE-AF61-B4C5F31841C1" controlTypeID="Label" x="384" y="315" w="38" h="22" zOrder="1">
      <font family="%E5%BE%AE%E8%BD%AF%E9%9B%85%E9%BB%91" displayName="%E5%BE%AE%E8%BD%AF%E9%9B%85%E9%BB%91" postScript="" weightStyle="Regular" weight="400" isBold="False" isItalic="False"/>
      <text>%E5%85%A8%E5%B1%8F</text>
      <textSize>16</textSize>
      <lineSpacing>21</lineSpacing>
      <useDefaultTextSize>False</useDefaultTextSize>
      <selectedIndex>-1</selectedIndex>
    </control>
    <control controlID="7A9377D3-F637-442F-ACBC-B896DEA3EA02" controlTypeID="Label" x="52" y="529" w="103" h="32" zOrder="2">
      <font family="%E5%BE%AE%E8%BD%AF%E9%9B%85%E9%BB%91" displayName="%E5%BE%AE%E8%BD%AF%E9%9B%85%E9%BB%91" postScript="" weightStyle="Regular" weight="400" isBold="False" isItalic="False"/>
      <text>%E8%BF%91%E6%9C%9F%E8%B5%84%E5%8A%A9</text>
      <textSize>24</textSize>
      <lineSpacing>32</lineSpacing>
      <useDefaultTextSize>False</useDefaultTextSize>
      <selectedIndex>-1</selectedIndex>
    </control>
    <control controlID="D913481C-5246-47AC-BFE0-395AF2D6ACCE" controlTypeID="__group__" x="52" y="583" w="180" h="290" zOrder="3">
      <groupChildrenDescriptors>
        <control controlID="19759BE1-848E-4FBF-899F-B3C1FC77A3CD" controlTypeID="Shape" x="0" y="0" w="180" h="290" zOrder="0">
          <font family="%E5%BE%AE%E8%BD%AF%E9%9B%85%E9%BB%91" displayName="%E5%BE%AE%E8%BD%AF%E9%9B%85%E9%BB%91" postScript="" weightStyle="Regular" weight="400" isBold="False" isItalic="False"/>
          <lineSpacing>16</lineSpacing>
          <selectedIndex>-1</selectedIndex>
        </control>
        <control controlID="365F91CB-EEC8-41E6-BF07-0E1D8940ECA1" controlTypeID="Image" x="0" y="0" w="180" h="145" zOrder="1"/>
        <control controlID="1756511F-F80B-401B-9304-8D7DB18D3F08" controlTypeID="TextInput" x="13" y="132" w="63" h="24" zOrder="2">
          <font family="%E5%BE%AE%E8%BD%AF%E9%9B%85%E9%BB%91" displayName="%E5%BE%AE%E8%BD%AF%E9%9B%85%E9%BB%91" postScript="" weightStyle="Regular" weight="400" isBold="False" isItalic="False"/>
          <text>%E9%A1%B9%E7%9B%AE%E5%90%8D%E7%A7%B0</text>
          <textSize>12</textSize>
          <lineSpacing>16</lineSpacing>
          <selectedIndex>-1</selectedIndex>
        </control>
        <control controlID="CA95BD10-73D9-4865-8C7C-91B3CB47398A" controlTypeID="TextArea" x="5" y="156" w="170" h="51" zOrder="3">
          <font family="%E5%BE%AE%E8%BD%AF%E9%9B%85%E9%BB%91" displayName="%E5%BE%AE%E8%BD%AF%E9%9B%85%E9%BB%91" postScript="" weightStyle="Regular" weight="400" isBold="False" isItalic="False"/>
          <text>%E6%96%87%E5%AD%97%E4%BB%8B%E7%BB%8D01010100101001010101101010010101010101</text>
          <textSize>12</textSize>
          <lineSpacing>16</lineSpacing>
          <selectedIndex>-1</selectedIndex>
        </control>
        <control controlID="44FF8751-730B-4C5F-B77B-BFB7622CDF63" controlTypeID="__group__" x="9" y="207" w="162" h="13" zOrder="4">
          <groupChildrenDescriptors>
            <control controlID="72A7B88D-D277-4A27-A854-9FC0E87C81E8" controlTypeID="Shape" x="0" y="0" w="63" h="13" zOrder="0">
              <color>4278229503</color>
              <borderVisible>False</borderVisible>
              <font family="%E5%BE%AE%E8%BD%AF%E9%9B%85%E9%BB%91" displayName="%E5%BE%AE%E8%BD%AF%E9%9B%85%E9%BB%91" postScript="" weightStyle="Regular" weight="400" isBold="False" isItalic="False"/>
              <textColor>4278255462</textColor>
              <lineSpacing>16</lineSpacing>
              <selectedIndex>-1</selectedIndex>
            </control>
            <control controlID="ECD3B32F-A37B-4308-93EC-280AD3D3E125" controlTypeID="Shape" x="63" y="0" w="99" h="13" zOrder="1">
              <color>4291611852</color>
              <borderVisible>False</borderVisible>
              <font family="%E5%BE%AE%E8%BD%AF%E9%9B%85%E9%BB%91" displayName="%E5%BE%AE%E8%BD%AF%E9%9B%85%E9%BB%91" postScript="" weightStyle="Regular" weight="400" isBold="False" isItalic="False"/>
              <textColor>4278255462</textColor>
              <lineSpacing>16</lineSpacing>
              <selectedIndex>-1</selectedIndex>
            </control>
          </groupChildrenDescriptors>
        </control>
        <control controlID="82CAE3B6-2A38-4B80-80CF-A450685C5C5D" controlTypeID="Label" x="10" y="231" w="95" h="16" zOrder="5">
          <font family="%E5%BE%AE%E8%BD%AF%E9%9B%85%E9%BB%91" displayName="%E5%BE%AE%E8%BD%AF%E9%9B%85%E9%BB%91" postScript="" weightStyle="Regular" weight="400" isBold="False" isItalic="False"/>
          <text>%E7%9B%AE%E6%A0%87%EF%BC%9A3%2C000%2C000</text>
          <textSize>12</textSize>
          <lineSpacing>16</lineSpacing>
          <selectedIndex>-1</selectedIndex>
        </control>
        <control controlID="A09E3E2F-1D43-44B3-8014-A6B19E472885" controlTypeID="Label" x="10" y="263" w="78" h="16" zOrder="6">
          <font family="%E5%BE%AE%E8%BD%AF%E9%9B%85%E9%BB%91" displayName="%E5%BE%AE%E8%BD%AF%E9%9B%85%E9%BB%91" postScript="" weightStyle="Regular" weight="400" isBold="False" isItalic="False"/>
          <text>%E8%B5%B7%E6%8A%95%EF%BC%9A30%2C000</text>
          <textSize>12</textSize>
          <lineSpacing>16</lineSpacing>
          <selectedIndex>-1</selectedIndex>
        </control>
        <control controlID="5EE7CD0F-B6C1-465C-B4CC-8776C21728D7" controlTypeID="Shape" x="0" y="0" w="45" h="25" zOrder="7">
          <color>4292335575</color>
          <borderVisible>False</borderVisible>
          <opacity>0.800000011920929</opacity>
          <font family="%E5%BE%AE%E8%BD%AF%E9%9B%85%E9%BB%91" displayName="%E5%BE%AE%E8%BD%AF%E9%9B%85%E9%BB%91" postScript="" weightStyle="Regular" weight="400" isBold="False" isItalic="False"/>
          <text>%E7%AD%B9%E5%A4%87%E4%B8%AD</text>
          <lineSpacing>16</lineSpacing>
          <selectedIndex>-1</selectedIndex>
        </control>
        <control controlID="C02D70FF-037F-45AE-8F6C-7C47A6C60A25" controlTypeID="Label" x="121" y="231" w="52" h="16" zOrder="8">
          <font family="%E5%BE%AE%E8%BD%AF%E9%9B%85%E9%BB%91" displayName="%E5%BE%AE%E8%BD%AF%E9%9B%85%E9%BB%91" postScript="" weightStyle="Regular" weight="400" isBold="False" isItalic="False"/>
          <text>%E5%89%A9%E4%BD%99%E6%97%B6%E9%97%B4</text>
          <textColor>4288256409</textColor>
          <textSize>12</textSize>
          <lineSpacing>16</lineSpacing>
          <selectedIndex>-1</selectedIndex>
        </control>
        <control controlID="B1DF7B87-AAB8-4E88-BBB0-66C3EF094EC0" controlTypeID="Label" x="121" y="247" w="42" h="37" zOrder="9">
          <font family="%E5%BE%AE%E8%BD%AF%E9%9B%85%E9%BB%91" displayName="%E5%BE%AE%E8%BD%AF%E9%9B%85%E9%BB%91" postScript="" weightStyle="Regular" weight="400" isBold="False" isItalic="False"/>
          <text>10</text>
          <textSize>28</textSize>
          <lineSpacing>37</lineSpacing>
          <useDefaultTextSize>False</useDefaultTextSize>
          <selectedIndex>-1</selectedIndex>
        </control>
        <control controlID="8DD70193-444D-47A3-B588-AF4B6DF852C9" controlTypeID="Label" x="157" y="263" w="16" h="16" zOrder="10">
          <font family="%E5%BE%AE%E8%BD%AF%E9%9B%85%E9%BB%91" displayName="%E5%BE%AE%E8%BD%AF%E9%9B%85%E9%BB%91" postScript="" weightStyle="Regular" weight="400" isBold="False" isItalic="False"/>
          <text>%E5%A4%A9</text>
          <textSize>12</textSize>
          <lineSpacing>16</lineSpacing>
          <selectedIndex>-1</selectedIndex>
        </control>
      </groupChildrenDescriptors>
    </control>
    <control controlID="E9725F66-1DF2-4B08-97FA-B236088407FD" controlTypeID="Shape" x="52" y="1359" w="180" h="290" zOrder="4">
      <font family="%E5%BE%AE%E8%BD%AF%E9%9B%85%E9%BB%91" displayName="%E5%BE%AE%E8%BD%AF%E9%9B%85%E9%BB%91" postScript="" weightStyle="Regular" weight="400" isBold="False" isItalic="False"/>
      <lineSpacing>16</lineSpacing>
      <selectedIndex>-1</selectedIndex>
    </control>
    <control controlID="F7FC0F8E-03AF-4083-BA88-A7F3CB582332" controlTypeID="Shape" x="312" y="1359" w="180" h="290" zOrder="5">
      <font family="%E5%BE%AE%E8%BD%AF%E9%9B%85%E9%BB%91" displayName="%E5%BE%AE%E8%BD%AF%E9%9B%85%E9%BB%91" postScript="" weightStyle="Regular" weight="400" isBold="False" isItalic="False"/>
      <lineSpacing>16</lineSpacing>
      <selectedIndex>-1</selectedIndex>
    </control>
    <control controlID="E0D4E9DC-A17B-413A-BB8A-C24BBFECBF0C" controlTypeID="Shape" x="573" y="1359" w="180" h="290" zOrder="6">
      <font family="%E5%BE%AE%E8%BD%AF%E9%9B%85%E9%BB%91" displayName="%E5%BE%AE%E8%BD%AF%E9%9B%85%E9%BB%91" postScript="" weightStyle="Regular" weight="400" isBold="False" isItalic="False"/>
      <lineSpacing>16</lineSpacing>
      <selectedIndex>-1</selectedIndex>
    </control>
    <control controlID="4D8BB355-1C2A-4CE4-8B7E-78795590ABC5" controlTypeID="Image" x="52" y="1359" w="180" h="145" zOrder="7"/>
    <control controlID="D2C04FBD-255D-463D-82D8-B46D5B235B92" controlTypeID="Image" x="312" y="1359" w="180" h="145" zOrder="8"/>
    <control controlID="C563AD06-A15E-483A-9271-65E66AD2EEC0" controlTypeID="Image" x="573" y="1359" w="180" h="145" zOrder="9"/>
    <control controlID="0217F26D-B51F-4235-8879-2BE92BBB0728" controlTypeID="TextInput" x="65" y="1491" w="63" h="24" zOrder="10">
      <font family="%E5%BE%AE%E8%BD%AF%E9%9B%85%E9%BB%91" displayName="%E5%BE%AE%E8%BD%AF%E9%9B%85%E9%BB%91" postScript="" weightStyle="Regular" weight="400" isBold="False" isItalic="False"/>
      <text>%E9%A1%B9%E7%9B%AE%E5%90%8D%E7%A7%B0</text>
      <textSize>12</textSize>
      <lineSpacing>16</lineSpacing>
      <selectedIndex>-1</selectedIndex>
    </control>
    <control controlID="EFDCE807-6D07-41E1-AB3A-F2B9BCE4C067" controlTypeID="TextInput" x="325" y="1491" w="63" h="24" zOrder="11">
      <font family="%E5%BE%AE%E8%BD%AF%E9%9B%85%E9%BB%91" displayName="%E5%BE%AE%E8%BD%AF%E9%9B%85%E9%BB%91" postScript="" weightStyle="Regular" weight="400" isBold="False" isItalic="False"/>
      <text>%E9%A1%B9%E7%9B%AE%E5%90%8D%E7%A7%B0</text>
      <textSize>12</textSize>
      <lineSpacing>16</lineSpacing>
      <selectedIndex>-1</selectedIndex>
    </control>
    <control controlID="1DD1E929-CB72-447D-A135-ED31641DAFE0" controlTypeID="TextInput" x="586" y="1491" w="63" h="24" zOrder="12">
      <font family="%E5%BE%AE%E8%BD%AF%E9%9B%85%E9%BB%91" displayName="%E5%BE%AE%E8%BD%AF%E9%9B%85%E9%BB%91" postScript="" weightStyle="Regular" weight="400" isBold="False" isItalic="False"/>
      <text>%E9%A1%B9%E7%9B%AE%E5%90%8D%E7%A7%B0</text>
      <textSize>12</textSize>
      <lineSpacing>16</lineSpacing>
      <selectedIndex>-1</selectedIndex>
    </control>
    <control controlID="67C628A5-6D99-4BBA-8860-0D0EA00BAE93" controlTypeID="TextArea" x="57" y="1515" w="170" h="51" zOrder="13">
      <font family="%E5%BE%AE%E8%BD%AF%E9%9B%85%E9%BB%91" displayName="%E5%BE%AE%E8%BD%AF%E9%9B%85%E9%BB%91" postScript="" weightStyle="Regular" weight="400" isBold="False" isItalic="False"/>
      <text>%E6%96%87%E5%AD%97%E4%BB%8B%E7%BB%8D01010100101001010101101010010101010101</text>
      <textSize>12</textSize>
      <lineSpacing>16</lineSpacing>
      <selectedIndex>-1</selectedIndex>
    </control>
    <control controlID="179F71D8-4E6B-46E4-8763-5C333959B38B" controlTypeID="TextArea" x="317" y="1515" w="170" h="51" zOrder="14">
      <font family="%E5%BE%AE%E8%BD%AF%E9%9B%85%E9%BB%91" displayName="%E5%BE%AE%E8%BD%AF%E9%9B%85%E9%BB%91" postScript="" weightStyle="Regular" weight="400" isBold="False" isItalic="False"/>
      <text>%E6%96%87%E5%AD%97%E4%BB%8B%E7%BB%8D01010100101001010101101010010101010101</text>
      <textSize>12</textSize>
      <lineSpacing>16</lineSpacing>
      <selectedIndex>-1</selectedIndex>
    </control>
    <control controlID="8547B9A8-B03E-488F-B83F-907B900227FD" controlTypeID="TextArea" x="578" y="1515" w="170" h="51" zOrder="15">
      <font family="%E5%BE%AE%E8%BD%AF%E9%9B%85%E9%BB%91" displayName="%E5%BE%AE%E8%BD%AF%E9%9B%85%E9%BB%91" postScript="" weightStyle="Regular" weight="400" isBold="False" isItalic="False"/>
      <text>%E6%96%87%E5%AD%97%E4%BB%8B%E7%BB%8D01010100101001010101101010010101010101</text>
      <textSize>12</textSize>
      <lineSpacing>16</lineSpacing>
      <selectedIndex>-1</selectedIndex>
    </control>
    <control controlID="CA41753C-5E6F-4CD3-93ED-7360BBC44CB2" controlTypeID="Shape" x="61" y="1566" w="164" h="13" zOrder="16">
      <color>4278229503</color>
      <borderVisible>False</borderVisible>
      <font family="%E5%BE%AE%E8%BD%AF%E9%9B%85%E9%BB%91" displayName="%E5%BE%AE%E8%BD%AF%E9%9B%85%E9%BB%91" postScript="" weightStyle="Regular" weight="400" isBold="False" isItalic="False"/>
      <textColor>4278255462</textColor>
      <lineSpacing>16</lineSpacing>
      <selectedIndex>-1</selectedIndex>
    </control>
    <control controlID="9152834D-F9A5-4364-BE35-FC7BB8505513" controlTypeID="Shape" x="321" y="1566" w="164" h="13" zOrder="17">
      <color>4278229503</color>
      <borderVisible>False</borderVisible>
      <font family="%E5%BE%AE%E8%BD%AF%E9%9B%85%E9%BB%91" displayName="%E5%BE%AE%E8%BD%AF%E9%9B%85%E9%BB%91" postScript="" weightStyle="Regular" weight="400" isBold="False" isItalic="False"/>
      <textColor>4278255462</textColor>
      <lineSpacing>16</lineSpacing>
      <selectedIndex>-1</selectedIndex>
    </control>
    <control controlID="C0F0A8B6-01C8-4F27-8B45-0BEFEBE811B4" controlTypeID="Shape" x="582" y="1566" w="164" h="13" zOrder="18">
      <color>4278229503</color>
      <borderVisible>False</borderVisible>
      <font family="%E5%BE%AE%E8%BD%AF%E9%9B%85%E9%BB%91" displayName="%E5%BE%AE%E8%BD%AF%E9%9B%85%E9%BB%91" postScript="" weightStyle="Regular" weight="400" isBold="False" isItalic="False"/>
      <textColor>4278255462</textColor>
      <lineSpacing>16</lineSpacing>
      <selectedIndex>-1</selectedIndex>
    </control>
    <control controlID="2E7A09F7-A06E-4A07-A112-C640BBBB7D64" controlTypeID="Label" x="65" y="1590" w="85" h="16" zOrder="19">
      <font family="%E5%BE%AE%E8%BD%AF%E9%9B%85%E9%BB%91" displayName="%E5%BE%AE%E8%BD%AF%E9%9B%85%E9%BB%91" postScript="" weightStyle="Regular" weight="400" isBold="False" isItalic="False"/>
      <text>%E7%9B%AE%E6%A0%87%EF%BC%9A300%2C000</text>
      <textSize>12</textSize>
      <lineSpacing>16</lineSpacing>
      <selectedIndex>-1</selectedIndex>
    </control>
    <control controlID="95AD2B78-53FB-45B7-A02A-8A1C7241424D" controlTypeID="Label" x="325" y="1590" w="85" h="16" zOrder="20">
      <font family="%E5%BE%AE%E8%BD%AF%E9%9B%85%E9%BB%91" displayName="%E5%BE%AE%E8%BD%AF%E9%9B%85%E9%BB%91" postScript="" weightStyle="Regular" weight="400" isBold="False" isItalic="False"/>
      <text>%E7%9B%AE%E6%A0%87%EF%BC%9A300%2C000</text>
      <textSize>12</textSize>
      <lineSpacing>16</lineSpacing>
      <selectedIndex>-1</selectedIndex>
    </control>
    <control controlID="15C9AA5F-E281-439F-AF11-D80849A26EAB" controlTypeID="Label" x="586" y="1590" w="85" h="16" zOrder="21">
      <font family="%E5%BE%AE%E8%BD%AF%E9%9B%85%E9%BB%91" displayName="%E5%BE%AE%E8%BD%AF%E9%9B%85%E9%BB%91" postScript="" weightStyle="Regular" weight="400" isBold="False" isItalic="False"/>
      <text>%E7%9B%AE%E6%A0%87%EF%BC%9A300%2C000</text>
      <textSize>12</textSize>
      <lineSpacing>16</lineSpacing>
      <selectedIndex>-1</selectedIndex>
    </control>
    <control controlID="734ED24B-6A2E-4D3F-A0B8-7FD884D2FFCD" controlTypeID="Label" x="65" y="1622" w="78" h="16" zOrder="22">
      <font family="%E5%BE%AE%E8%BD%AF%E9%9B%85%E9%BB%91" displayName="%E5%BE%AE%E8%BD%AF%E9%9B%85%E9%BB%91" postScript="" weightStyle="Regular" weight="400" isBold="False" isItalic="False"/>
      <text>%E8%B5%B7%E6%8A%95%EF%BC%9A10%2C000</text>
      <textSize>12</textSize>
      <lineSpacing>16</lineSpacing>
      <selectedIndex>-1</selectedIndex>
    </control>
    <control controlID="C821A35B-5B44-4FA3-8E75-2ABD487840CD" controlTypeID="Label" x="325" y="1622" w="78" h="16" zOrder="23">
      <font family="%E5%BE%AE%E8%BD%AF%E9%9B%85%E9%BB%91" displayName="%E5%BE%AE%E8%BD%AF%E9%9B%85%E9%BB%91" postScript="" weightStyle="Regular" weight="400" isBold="False" isItalic="False"/>
      <text>%E8%B5%B7%E6%8A%95%EF%BC%9A10%2C000</text>
      <textSize>12</textSize>
      <lineSpacing>16</lineSpacing>
      <selectedIndex>-1</selectedIndex>
    </control>
    <control controlID="2E8F5187-670B-425D-8EBC-21C4825A3A20" controlTypeID="Label" x="586" y="1622" w="78" h="16" zOrder="24">
      <font family="%E5%BE%AE%E8%BD%AF%E9%9B%85%E9%BB%91" displayName="%E5%BE%AE%E8%BD%AF%E9%9B%85%E9%BB%91" postScript="" weightStyle="Regular" weight="400" isBold="False" isItalic="False"/>
      <text>%E8%B5%B7%E6%8A%95%EF%BC%9A10%2C000</text>
      <textSize>12</textSize>
      <lineSpacing>16</lineSpacing>
      <selectedIndex>-1</selectedIndex>
    </control>
    <control controlID="05F99DD1-1B11-478F-8BE7-95C5CA4DC906" controlTypeID="Label" x="173" y="1590" w="52" h="16" zOrder="25">
      <font family="%E5%BE%AE%E8%BD%AF%E9%9B%85%E9%BB%91" displayName="%E5%BE%AE%E8%BD%AF%E9%9B%85%E9%BB%91" postScript="" weightStyle="Regular" weight="400" isBold="False" isItalic="False"/>
      <text>%E5%89%A9%E4%BD%99%E6%97%B6%E9%97%B4</text>
      <textColor>4288256409</textColor>
      <textSize>12</textSize>
      <lineSpacing>16</lineSpacing>
      <selectedIndex>-1</selectedIndex>
    </control>
    <control controlID="67CCA18D-9312-482C-A1EB-A3486452B169" controlTypeID="Label" x="433" y="1590" w="52" h="16" zOrder="26">
      <font family="%E5%BE%AE%E8%BD%AF%E9%9B%85%E9%BB%91" displayName="%E5%BE%AE%E8%BD%AF%E9%9B%85%E9%BB%91" postScript="" weightStyle="Regular" weight="400" isBold="False" isItalic="False"/>
      <text>%E5%89%A9%E4%BD%99%E6%97%B6%E9%97%B4</text>
      <textColor>4288256409</textColor>
      <textSize>12</textSize>
      <lineSpacing>16</lineSpacing>
      <selectedIndex>-1</selectedIndex>
    </control>
    <control controlID="FD413E27-DA13-45BF-82CB-DCD00C2004F5" controlTypeID="Label" x="694" y="1590" w="52" h="16" zOrder="27">
      <font family="%E5%BE%AE%E8%BD%AF%E9%9B%85%E9%BB%91" displayName="%E5%BE%AE%E8%BD%AF%E9%9B%85%E9%BB%91" postScript="" weightStyle="Regular" weight="400" isBold="False" isItalic="False"/>
      <text>%E5%89%A9%E4%BD%99%E6%97%B6%E9%97%B4</text>
      <textColor>4288256409</textColor>
      <textSize>12</textSize>
      <lineSpacing>16</lineSpacing>
      <selectedIndex>-1</selectedIndex>
    </control>
    <control controlID="2EBFBA2D-12C7-4A45-8E8E-CF0E10742461" controlTypeID="Label" x="173" y="1606" w="26" h="37" zOrder="28">
      <font family="%E5%BE%AE%E8%BD%AF%E9%9B%85%E9%BB%91" displayName="%E5%BE%AE%E8%BD%AF%E9%9B%85%E9%BB%91" postScript="" weightStyle="Regular" weight="400" isBold="False" isItalic="False"/>
      <text>0</text>
      <textSize>28</textSize>
      <lineSpacing>37</lineSpacing>
      <useDefaultTextSize>False</useDefaultTextSize>
      <selectedIndex>-1</selectedIndex>
    </control>
    <control controlID="67DDB8D8-D1A7-442C-B960-96863A56BACB" controlTypeID="Label" x="433" y="1606" w="26" h="37" zOrder="29">
      <font family="%E5%BE%AE%E8%BD%AF%E9%9B%85%E9%BB%91" displayName="%E5%BE%AE%E8%BD%AF%E9%9B%85%E9%BB%91" postScript="" weightStyle="Regular" weight="400" isBold="False" isItalic="False"/>
      <text>0</text>
      <textSize>28</textSize>
      <lineSpacing>37</lineSpacing>
      <useDefaultTextSize>False</useDefaultTextSize>
      <selectedIndex>-1</selectedIndex>
    </control>
    <control controlID="E6355F06-1411-468E-BEB5-8FE821F04237" controlTypeID="Label" x="694" y="1606" w="26" h="37" zOrder="30">
      <font family="%E5%BE%AE%E8%BD%AF%E9%9B%85%E9%BB%91" displayName="%E5%BE%AE%E8%BD%AF%E9%9B%85%E9%BB%91" postScript="" weightStyle="Regular" weight="400" isBold="False" isItalic="False"/>
      <text>0</text>
      <textSize>28</textSize>
      <lineSpacing>37</lineSpacing>
      <useDefaultTextSize>False</useDefaultTextSize>
      <selectedIndex>-1</selectedIndex>
    </control>
    <control controlID="DF1612D5-243D-4764-9F14-872C133CB2A4" controlTypeID="Label" x="199" y="1622" w="16" h="16" zOrder="31">
      <font family="%E5%BE%AE%E8%BD%AF%E9%9B%85%E9%BB%91" displayName="%E5%BE%AE%E8%BD%AF%E9%9B%85%E9%BB%91" postScript="" weightStyle="Regular" weight="400" isBold="False" isItalic="False"/>
      <text>%E5%A4%A9</text>
      <textSize>12</textSize>
      <lineSpacing>16</lineSpacing>
      <selectedIndex>-1</selectedIndex>
    </control>
    <control controlID="C72BF90C-53E3-4907-B965-0663AE388692" controlTypeID="Label" x="459" y="1622" w="16" h="16" zOrder="32">
      <font family="%E5%BE%AE%E8%BD%AF%E9%9B%85%E9%BB%91" displayName="%E5%BE%AE%E8%BD%AF%E9%9B%85%E9%BB%91" postScript="" weightStyle="Regular" weight="400" isBold="False" isItalic="False"/>
      <text>%E5%A4%A9</text>
      <textSize>12</textSize>
      <lineSpacing>16</lineSpacing>
      <selectedIndex>-1</selectedIndex>
    </control>
    <control controlID="1C49B756-A47D-490C-9CB1-E4E349483E0F" controlTypeID="Label" x="720" y="1622" w="16" h="16" zOrder="33">
      <font family="%E5%BE%AE%E8%BD%AF%E9%9B%85%E9%BB%91" displayName="%E5%BE%AE%E8%BD%AF%E9%9B%85%E9%BB%91" postScript="" weightStyle="Regular" weight="400" isBold="False" isItalic="False"/>
      <text>%E5%A4%A9</text>
      <textSize>12</textSize>
      <lineSpacing>16</lineSpacing>
      <selectedIndex>-1</selectedIndex>
    </control>
    <control controlID="F9F6AD79-EFCA-40B7-9858-2D3DB48ADA35" controlTypeID="Shape" x="0" y="904" w="802" h="388" zOrder="34">
      <color>2328677580</color>
      <opacity>0.5</opacity>
      <font family="%E5%BE%AE%E8%BD%AF%E9%9B%85%E9%BB%91" displayName="%E5%BE%AE%E8%BD%AF%E9%9B%85%E9%BB%91" postScript="" weightStyle="Regular" weight="400" isBold="False" isItalic="False"/>
      <lineSpacing>16</lineSpacing>
      <selectedIndex>-1</selectedIndex>
    </control>
    <control controlID="AB292A5E-2758-4ED9-B527-82A765ED9280" controlTypeID="Shape" x="52" y="970" w="180" h="290" zOrder="35">
      <font family="%E5%BE%AE%E8%BD%AF%E9%9B%85%E9%BB%91" displayName="%E5%BE%AE%E8%BD%AF%E9%9B%85%E9%BB%91" postScript="" weightStyle="Regular" weight="400" isBold="False" isItalic="False"/>
      <lineSpacing>16</lineSpacing>
      <selectedIndex>-1</selectedIndex>
    </control>
    <control controlID="63B4AE29-7171-4C03-A588-C2FCD52A6C50" controlTypeID="Shape" x="312" y="976" w="180" h="290" zOrder="36">
      <font family="%E5%BE%AE%E8%BD%AF%E9%9B%85%E9%BB%91" displayName="%E5%BE%AE%E8%BD%AF%E9%9B%85%E9%BB%91" postScript="" weightStyle="Regular" weight="400" isBold="False" isItalic="False"/>
      <lineSpacing>16</lineSpacing>
      <selectedIndex>-1</selectedIndex>
    </control>
    <control controlID="68C74537-A186-4BB1-9EBE-784E694CD156" controlTypeID="Shape" x="573" y="976" w="180" h="290" zOrder="37">
      <font family="%E5%BE%AE%E8%BD%AF%E9%9B%85%E9%BB%91" displayName="%E5%BE%AE%E8%BD%AF%E9%9B%85%E9%BB%91" postScript="" weightStyle="Regular" weight="400" isBold="False" isItalic="False"/>
      <lineSpacing>16</lineSpacing>
      <selectedIndex>-1</selectedIndex>
    </control>
    <control controlID="A046AFBE-62E8-4F89-B779-DB85920B5B20" controlTypeID="Image" x="52" y="970" w="180" h="145" zOrder="38"/>
    <control controlID="BD43D90B-2D3A-4AA8-9A10-30778337B5AC" controlTypeID="Image" x="312" y="976" w="180" h="145" zOrder="39"/>
    <control controlID="E5A5838B-8324-444F-B5CB-F70B1B5C21F0" controlTypeID="Image" x="573" y="976" w="180" h="145" zOrder="40"/>
    <control controlID="1888384A-81E4-4BF5-86D1-6FF41DBC980E" controlTypeID="TextInput" x="65" y="1102" w="63" h="24" zOrder="41">
      <font family="%E5%BE%AE%E8%BD%AF%E9%9B%85%E9%BB%91" displayName="%E5%BE%AE%E8%BD%AF%E9%9B%85%E9%BB%91" postScript="" weightStyle="Regular" weight="400" isBold="False" isItalic="False"/>
      <text>%E9%A1%B9%E7%9B%AE%E5%90%8D%E7%A7%B0</text>
      <textSize>12</textSize>
      <lineSpacing>16</lineSpacing>
      <selectedIndex>-1</selectedIndex>
    </control>
    <control controlID="CA940693-B079-4993-A567-722D58CCC79F" controlTypeID="TextInput" x="325" y="1108" w="63" h="24" zOrder="42">
      <font family="%E5%BE%AE%E8%BD%AF%E9%9B%85%E9%BB%91" displayName="%E5%BE%AE%E8%BD%AF%E9%9B%85%E9%BB%91" postScript="" weightStyle="Regular" weight="400" isBold="False" isItalic="False"/>
      <text>%E9%A1%B9%E7%9B%AE%E5%90%8D%E7%A7%B0</text>
      <textSize>12</textSize>
      <lineSpacing>16</lineSpacing>
      <selectedIndex>-1</selectedIndex>
    </control>
    <control controlID="3E0DA788-26ED-4440-B9B8-E9F06BFC565E" controlTypeID="TextInput" x="586" y="1108" w="63" h="24" zOrder="43">
      <font family="%E5%BE%AE%E8%BD%AF%E9%9B%85%E9%BB%91" displayName="%E5%BE%AE%E8%BD%AF%E9%9B%85%E9%BB%91" postScript="" weightStyle="Regular" weight="400" isBold="False" isItalic="False"/>
      <text>%E9%A1%B9%E7%9B%AE%E5%90%8D%E7%A7%B0</text>
      <textSize>12</textSize>
      <lineSpacing>16</lineSpacing>
      <selectedIndex>-1</selectedIndex>
    </control>
    <control controlID="54C48052-E02C-48E8-B43D-DD896F36B34A" controlTypeID="TextArea" x="57" y="1126" w="170" h="51" zOrder="44">
      <font family="%E5%BE%AE%E8%BD%AF%E9%9B%85%E9%BB%91" displayName="%E5%BE%AE%E8%BD%AF%E9%9B%85%E9%BB%91" postScript="" weightStyle="Regular" weight="400" isBold="False" isItalic="False"/>
      <text>%E6%96%87%E5%AD%97%E4%BB%8B%E7%BB%8D01010100101001010101101010010101010101</text>
      <textSize>12</textSize>
      <lineSpacing>16</lineSpacing>
      <selectedIndex>-1</selectedIndex>
    </control>
    <control controlID="B0CF61D8-61E7-4953-A2AE-AD2F6AAD68C0" controlTypeID="TextArea" x="317" y="1132" w="170" h="51" zOrder="45">
      <font family="%E5%BE%AE%E8%BD%AF%E9%9B%85%E9%BB%91" displayName="%E5%BE%AE%E8%BD%AF%E9%9B%85%E9%BB%91" postScript="" weightStyle="Regular" weight="400" isBold="False" isItalic="False"/>
      <text>%E6%96%87%E5%AD%97%E4%BB%8B%E7%BB%8D01010100101001010101101010010101010101</text>
      <textSize>12</textSize>
      <lineSpacing>16</lineSpacing>
      <selectedIndex>-1</selectedIndex>
    </control>
    <control controlID="0FDCA93D-97D0-40A5-BEE7-0B6B27F280F4" controlTypeID="TextArea" x="578" y="1132" w="170" h="51" zOrder="46">
      <font family="%E5%BE%AE%E8%BD%AF%E9%9B%85%E9%BB%91" displayName="%E5%BE%AE%E8%BD%AF%E9%9B%85%E9%BB%91" postScript="" weightStyle="Regular" weight="400" isBold="False" isItalic="False"/>
      <text>%E6%96%87%E5%AD%97%E4%BB%8B%E7%BB%8D01010100101001010101101010010101010101</text>
      <textSize>12</textSize>
      <lineSpacing>16</lineSpacing>
      <selectedIndex>-1</selectedIndex>
    </control>
    <control controlID="0BAE1749-B25A-45AA-9012-5A2C1C7AA225" controlTypeID="__group__" x="61" y="1177" w="162" h="13" zOrder="47">
      <groupChildrenDescriptors>
        <control controlID="114067AD-63F7-4055-B889-3A6ED8C3E1F2" controlTypeID="Shape" x="0" y="0" w="63" h="13" zOrder="0">
          <color>4278229503</color>
          <borderVisible>False</borderVisible>
          <font family="%E5%BE%AE%E8%BD%AF%E9%9B%85%E9%BB%91" displayName="%E5%BE%AE%E8%BD%AF%E9%9B%85%E9%BB%91" postScript="" weightStyle="Regular" weight="400" isBold="False" isItalic="False"/>
          <textColor>4278255462</textColor>
          <lineSpacing>16</lineSpacing>
          <selectedIndex>-1</selectedIndex>
        </control>
        <control controlID="EE6E9A24-DF8D-4355-B750-281FE013B69A" controlTypeID="Shape" x="63" y="0" w="99" h="13" zOrder="1">
          <color>4291611852</color>
          <borderVisible>False</borderVisible>
          <font family="%E5%BE%AE%E8%BD%AF%E9%9B%85%E9%BB%91" displayName="%E5%BE%AE%E8%BD%AF%E9%9B%85%E9%BB%91" postScript="" weightStyle="Regular" weight="400" isBold="False" isItalic="False"/>
          <textColor>4278255462</textColor>
          <lineSpacing>16</lineSpacing>
          <selectedIndex>-1</selectedIndex>
        </control>
      </groupChildrenDescriptors>
    </control>
    <control controlID="C0885F55-B9A4-4884-9454-90476F139C8F" controlTypeID="__group__" x="321" y="1183" w="162" h="13" zOrder="48">
      <groupChildrenDescriptors>
        <control controlID="49E340C8-D6D5-4274-9170-4D848798AE71" controlTypeID="Shape" x="0" y="0" w="63" h="13" zOrder="0">
          <color>4278229503</color>
          <borderVisible>False</borderVisible>
          <font family="%E5%BE%AE%E8%BD%AF%E9%9B%85%E9%BB%91" displayName="%E5%BE%AE%E8%BD%AF%E9%9B%85%E9%BB%91" postScript="" weightStyle="Regular" weight="400" isBold="False" isItalic="False"/>
          <textColor>4278255462</textColor>
          <lineSpacing>16</lineSpacing>
          <selectedIndex>-1</selectedIndex>
        </control>
        <control controlID="5994CB36-B6B9-47D1-9F71-848AABA075A5" controlTypeID="Shape" x="63" y="0" w="99" h="13" zOrder="1">
          <color>4291611852</color>
          <borderVisible>False</borderVisible>
          <font family="%E5%BE%AE%E8%BD%AF%E9%9B%85%E9%BB%91" displayName="%E5%BE%AE%E8%BD%AF%E9%9B%85%E9%BB%91" postScript="" weightStyle="Regular" weight="400" isBold="False" isItalic="False"/>
          <textColor>4278255462</textColor>
          <lineSpacing>16</lineSpacing>
          <selectedIndex>-1</selectedIndex>
        </control>
      </groupChildrenDescriptors>
    </control>
    <control controlID="9B716FC1-B132-48A8-ABEF-D3CABC2DFA45" controlTypeID="__group__" x="582" y="1183" w="162" h="13" zOrder="49">
      <groupChildrenDescriptors>
        <control controlID="5AECE29C-BD98-4AC8-ACDC-71FD2382695D" controlTypeID="Shape" x="0" y="0" w="63" h="13" zOrder="0">
          <color>4278229503</color>
          <borderVisible>False</borderVisible>
          <font family="%E5%BE%AE%E8%BD%AF%E9%9B%85%E9%BB%91" displayName="%E5%BE%AE%E8%BD%AF%E9%9B%85%E9%BB%91" postScript="" weightStyle="Regular" weight="400" isBold="False" isItalic="False"/>
          <textColor>4278255462</textColor>
          <lineSpacing>16</lineSpacing>
          <selectedIndex>-1</selectedIndex>
        </control>
        <control controlID="AAD8F83E-7DD0-49FB-AD91-9E5EC0F051AA" controlTypeID="Shape" x="63" y="0" w="99" h="13" zOrder="1">
          <color>4291611852</color>
          <borderVisible>False</borderVisible>
          <font family="%E5%BE%AE%E8%BD%AF%E9%9B%85%E9%BB%91" displayName="%E5%BE%AE%E8%BD%AF%E9%9B%85%E9%BB%91" postScript="" weightStyle="Regular" weight="400" isBold="False" isItalic="False"/>
          <textColor>4278255462</textColor>
          <lineSpacing>16</lineSpacing>
          <selectedIndex>-1</selectedIndex>
        </control>
      </groupChildrenDescriptors>
    </control>
    <control controlID="96FC7B7E-935F-41C7-94E6-BBB33C405DC8" controlTypeID="Label" x="65" y="1201" w="85" h="16" zOrder="50">
      <font family="%E5%BE%AE%E8%BD%AF%E9%9B%85%E9%BB%91" displayName="%E5%BE%AE%E8%BD%AF%E9%9B%85%E9%BB%91" postScript="" weightStyle="Regular" weight="400" isBold="False" isItalic="False"/>
      <text>%E7%9B%AE%E6%A0%87%EF%BC%9A300%2C000</text>
      <textSize>12</textSize>
      <lineSpacing>16</lineSpacing>
      <selectedIndex>-1</selectedIndex>
    </control>
    <control controlID="429F4A55-B9D9-4AC3-80BC-D5701939CCA9" controlTypeID="Label" x="325" y="1207" w="85" h="16" zOrder="51">
      <font family="%E5%BE%AE%E8%BD%AF%E9%9B%85%E9%BB%91" displayName="%E5%BE%AE%E8%BD%AF%E9%9B%85%E9%BB%91" postScript="" weightStyle="Regular" weight="400" isBold="False" isItalic="False"/>
      <text>%E7%9B%AE%E6%A0%87%EF%BC%9A300%2C000</text>
      <textSize>12</textSize>
      <lineSpacing>16</lineSpacing>
      <selectedIndex>-1</selectedIndex>
    </control>
    <control controlID="04332757-AC4E-4432-B58F-FF2A019CCD09" controlTypeID="Label" x="586" y="1207" w="85" h="16" zOrder="52">
      <font family="%E5%BE%AE%E8%BD%AF%E9%9B%85%E9%BB%91" displayName="%E5%BE%AE%E8%BD%AF%E9%9B%85%E9%BB%91" postScript="" weightStyle="Regular" weight="400" isBold="False" isItalic="False"/>
      <text>%E7%9B%AE%E6%A0%87%EF%BC%9A300%2C000</text>
      <textSize>12</textSize>
      <lineSpacing>16</lineSpacing>
      <selectedIndex>-1</selectedIndex>
    </control>
    <control controlID="4387B4D6-998E-4613-A5D7-9DDEFD6F594F" controlTypeID="Label" x="62" y="1233" w="78" h="16" zOrder="53">
      <font family="%E5%BE%AE%E8%BD%AF%E9%9B%85%E9%BB%91" displayName="%E5%BE%AE%E8%BD%AF%E9%9B%85%E9%BB%91" postScript="" weightStyle="Regular" weight="400" isBold="False" isItalic="False"/>
      <text>%E8%B5%B7%E6%8A%95%EF%BC%9A10%2C000</text>
      <textSize>12</textSize>
      <lineSpacing>16</lineSpacing>
      <selectedIndex>-1</selectedIndex>
    </control>
    <control controlID="14ECAA57-16D1-447E-82E9-99C6AD012C65" controlTypeID="Label" x="322" y="1239" w="78" h="16" zOrder="54">
      <font family="%E5%BE%AE%E8%BD%AF%E9%9B%85%E9%BB%91" displayName="%E5%BE%AE%E8%BD%AF%E9%9B%85%E9%BB%91" postScript="" weightStyle="Regular" weight="400" isBold="False" isItalic="False"/>
      <text>%E8%B5%B7%E6%8A%95%EF%BC%9A10%2C000</text>
      <textSize>12</textSize>
      <lineSpacing>16</lineSpacing>
      <selectedIndex>-1</selectedIndex>
    </control>
    <control controlID="6E0472EE-1AF1-4A0D-A5E2-42F111698257" controlTypeID="Label" x="583" y="1239" w="78" h="16" zOrder="55">
      <font family="%E5%BE%AE%E8%BD%AF%E9%9B%85%E9%BB%91" displayName="%E5%BE%AE%E8%BD%AF%E9%9B%85%E9%BB%91" postScript="" weightStyle="Regular" weight="400" isBold="False" isItalic="False"/>
      <text>%E8%B5%B7%E6%8A%95%EF%BC%9A10%2C000</text>
      <textSize>12</textSize>
      <lineSpacing>16</lineSpacing>
      <selectedIndex>-1</selectedIndex>
    </control>
    <control controlID="14A64986-E531-43B8-854F-2B2211A0B44B" controlTypeID="Shape" x="52" y="970" w="180" h="290" zOrder="56">
      <color>4292335575</color>
      <borderVisible>False</borderVisible>
      <opacity>0.800000011920929</opacity>
      <font family="%E5%BE%AE%E8%BD%AF%E9%9B%85%E9%BB%91" displayName="%E5%BE%AE%E8%BD%AF%E9%9B%85%E9%BB%91" postScript="" weightStyle="Regular" weight="400" isBold="False" isItalic="False"/>
      <text>%E8%AE%A1%E5%88%92%E4%B8%AD</text>
      <lineSpacing>16</lineSpacing>
      <selectedIndex>-1</selectedIndex>
    </control>
    <control controlID="746663DF-790E-4886-AA72-D8448152A2F3" controlTypeID="Shape" x="52" y="1359" w="180" h="290" zOrder="57">
      <color>4292335575</color>
      <borderVisible>False</borderVisible>
      <opacity>0.800000011920929</opacity>
      <font family="%E5%BE%AE%E8%BD%AF%E9%9B%85%E9%BB%91" displayName="%E5%BE%AE%E8%BD%AF%E9%9B%85%E9%BB%91" postScript="" weightStyle="Regular" weight="400" isBold="False" isItalic="False"/>
      <text>%E5%B7%B2%E5%AE%8C%E6%88%90</text>
      <lineSpacing>16</lineSpacing>
      <selectedIndex>-1</selectedIndex>
    </control>
    <control controlID="DA216836-EADE-44F2-9642-A964F34E595D" controlTypeID="Shape" x="312" y="1359" w="180" h="290" zOrder="58">
      <color>4292335575</color>
      <borderVisible>False</borderVisible>
      <opacity>0.800000011920929</opacity>
      <font family="%E5%BE%AE%E8%BD%AF%E9%9B%85%E9%BB%91" displayName="%E5%BE%AE%E8%BD%AF%E9%9B%85%E9%BB%91" postScript="" weightStyle="Regular" weight="400" isBold="False" isItalic="False"/>
      <text>%E5%B7%B2%E5%AE%8C%E6%88%90</text>
      <lineSpacing>16</lineSpacing>
      <selectedIndex>-1</selectedIndex>
    </control>
    <control controlID="A1AC94A2-1E0D-4985-8E50-3121C7540BA2" controlTypeID="Shape" x="573" y="1359" w="180" h="290" zOrder="59">
      <color>4292335575</color>
      <borderVisible>False</borderVisible>
      <opacity>0.800000011920929</opacity>
      <font family="%E5%BE%AE%E8%BD%AF%E9%9B%85%E9%BB%91" displayName="%E5%BE%AE%E8%BD%AF%E9%9B%85%E9%BB%91" postScript="" weightStyle="Regular" weight="400" isBold="False" isItalic="False"/>
      <text>%E5%B7%B2%E5%AE%8C%E6%88%90</text>
      <lineSpacing>16</lineSpacing>
      <selectedIndex>-1</selectedIndex>
    </control>
    <control controlID="08864D9C-5C77-473C-A9EF-C772488804EB" controlTypeID="Shape" x="312" y="976" w="180" h="290" zOrder="60">
      <color>4292335575</color>
      <borderVisible>False</borderVisible>
      <opacity>0.800000011920929</opacity>
      <font family="%E5%BE%AE%E8%BD%AF%E9%9B%85%E9%BB%91" displayName="%E5%BE%AE%E8%BD%AF%E9%9B%85%E9%BB%91" postScript="" weightStyle="Regular" weight="400" isBold="False" isItalic="False"/>
      <text>%E8%AE%A1%E5%88%92%E4%B8%AD</text>
      <lineSpacing>16</lineSpacing>
      <selectedIndex>-1</selectedIndex>
    </control>
    <control controlID="26C4D3CB-5AAA-4B2D-9317-5CC333A0B29A" controlTypeID="Shape" x="573" y="976" w="180" h="290" zOrder="61">
      <color>4292335575</color>
      <borderVisible>False</borderVisible>
      <opacity>0.800000011920929</opacity>
      <font family="%E5%BE%AE%E8%BD%AF%E9%9B%85%E9%BB%91" displayName="%E5%BE%AE%E8%BD%AF%E9%9B%85%E9%BB%91" postScript="" weightStyle="Regular" weight="400" isBold="False" isItalic="False"/>
      <text>%E8%AE%A1%E5%88%92%E4%B8%AD</text>
      <lineSpacing>16</lineSpacing>
      <selectedIndex>-1</selectedIndex>
    </control>
    <control controlID="7AEF6A91-CF3C-49F4-AAB3-C577544CA7EC" controlTypeID="Label" x="173" y="1201" w="52" h="16" zOrder="62">
      <font family="%E5%BE%AE%E8%BD%AF%E9%9B%85%E9%BB%91" displayName="%E5%BE%AE%E8%BD%AF%E9%9B%85%E9%BB%91" postScript="" weightStyle="Regular" weight="400" isBold="False" isItalic="False"/>
      <text>%E5%89%A9%E4%BD%99%E6%97%B6%E9%97%B4</text>
      <textColor>4288256409</textColor>
      <textSize>12</textSize>
      <lineSpacing>16</lineSpacing>
      <selectedIndex>-1</selectedIndex>
    </control>
    <control controlID="59BEA378-E24A-4AB2-A69E-2957AAE49FAE" controlTypeID="Label" x="433" y="1207" w="52" h="16" zOrder="63">
      <font family="%E5%BE%AE%E8%BD%AF%E9%9B%85%E9%BB%91" displayName="%E5%BE%AE%E8%BD%AF%E9%9B%85%E9%BB%91" postScript="" weightStyle="Regular" weight="400" isBold="False" isItalic="False"/>
      <text>%E5%89%A9%E4%BD%99%E6%97%B6%E9%97%B4</text>
      <textColor>4288256409</textColor>
      <textSize>12</textSize>
      <lineSpacing>16</lineSpacing>
      <selectedIndex>-1</selectedIndex>
    </control>
    <control controlID="9476B0FF-1391-465D-A577-3E4A9F3978F9" controlTypeID="Label" x="694" y="1207" w="52" h="16" zOrder="64">
      <font family="%E5%BE%AE%E8%BD%AF%E9%9B%85%E9%BB%91" displayName="%E5%BE%AE%E8%BD%AF%E9%9B%85%E9%BB%91" postScript="" weightStyle="Regular" weight="400" isBold="False" isItalic="False"/>
      <text>%E5%89%A9%E4%BD%99%E6%97%B6%E9%97%B4</text>
      <textColor>4288256409</textColor>
      <textSize>12</textSize>
      <lineSpacing>16</lineSpacing>
      <selectedIndex>-1</selectedIndex>
    </control>
    <control controlID="ABC394B4-B7AD-4852-8675-717487C7C398" controlTypeID="Label" x="173" y="1217" w="42" h="37" zOrder="65">
      <font family="%E5%BE%AE%E8%BD%AF%E9%9B%85%E9%BB%91" displayName="%E5%BE%AE%E8%BD%AF%E9%9B%85%E9%BB%91" postScript="" weightStyle="Regular" weight="400" isBold="False" isItalic="False"/>
      <text>10</text>
      <textColor>4291611852</textColor>
      <textSize>28</textSize>
      <lineSpacing>37</lineSpacing>
      <useDefaultTextSize>False</useDefaultTextSize>
      <selectedIndex>-1</selectedIndex>
    </control>
    <control controlID="14240A1C-943B-4C82-89DE-7B39A9E2B79A" controlTypeID="Label" x="433" y="1223" w="42" h="37" zOrder="66">
      <font family="%E5%BE%AE%E8%BD%AF%E9%9B%85%E9%BB%91" displayName="%E5%BE%AE%E8%BD%AF%E9%9B%85%E9%BB%91" postScript="" weightStyle="Regular" weight="400" isBold="False" isItalic="False"/>
      <text>10</text>
      <textColor>4291611852</textColor>
      <textSize>28</textSize>
      <lineSpacing>37</lineSpacing>
      <useDefaultTextSize>False</useDefaultTextSize>
      <selectedIndex>-1</selectedIndex>
    </control>
    <control controlID="13EB8D48-D887-4802-82F8-16EADAC16FCD" controlTypeID="Label" x="694" y="1223" w="42" h="37" zOrder="67">
      <font family="%E5%BE%AE%E8%BD%AF%E9%9B%85%E9%BB%91" displayName="%E5%BE%AE%E8%BD%AF%E9%9B%85%E9%BB%91" postScript="" weightStyle="Regular" weight="400" isBold="False" isItalic="False"/>
      <text>10</text>
      <textColor>4291611852</textColor>
      <textSize>28</textSize>
      <lineSpacing>37</lineSpacing>
      <useDefaultTextSize>False</useDefaultTextSize>
      <selectedIndex>-1</selectedIndex>
    </control>
    <control controlID="3DAD629C-2E69-40F7-9A23-9CA4CB2057D6" controlTypeID="Label" x="209" y="1233" w="16" h="16" zOrder="68">
      <font family="%E5%BE%AE%E8%BD%AF%E9%9B%85%E9%BB%91" displayName="%E5%BE%AE%E8%BD%AF%E9%9B%85%E9%BB%91" postScript="" weightStyle="Regular" weight="400" isBold="False" isItalic="False"/>
      <text>%E5%A4%A9</text>
      <textColor>4291611852</textColor>
      <textSize>12</textSize>
      <lineSpacing>16</lineSpacing>
      <selectedIndex>-1</selectedIndex>
    </control>
    <control controlID="464B4131-0849-4CDE-AE03-4998C9E6ABB2" controlTypeID="Label" x="469" y="1239" w="16" h="16" zOrder="69">
      <font family="%E5%BE%AE%E8%BD%AF%E9%9B%85%E9%BB%91" displayName="%E5%BE%AE%E8%BD%AF%E9%9B%85%E9%BB%91" postScript="" weightStyle="Regular" weight="400" isBold="False" isItalic="False"/>
      <text>%E5%A4%A9</text>
      <textColor>4291611852</textColor>
      <textSize>12</textSize>
      <lineSpacing>16</lineSpacing>
      <selectedIndex>-1</selectedIndex>
    </control>
    <control controlID="383CA283-C800-4F43-AFBC-4122D2B35780" controlTypeID="Label" x="730" y="1239" w="16" h="16" zOrder="70">
      <font family="%E5%BE%AE%E8%BD%AF%E9%9B%85%E9%BB%91" displayName="%E5%BE%AE%E8%BD%AF%E9%9B%85%E9%BB%91" postScript="" weightStyle="Regular" weight="400" isBold="False" isItalic="False"/>
      <text>%E5%A4%A9</text>
      <textColor>4291611852</textColor>
      <textSize>12</textSize>
      <lineSpacing>16</lineSpacing>
      <selectedIndex>-1</selectedIndex>
    </control>
    <control controlID="A17DC57B-6CA8-404B-9BC1-2CB9F584C4E1" controlTypeID="__group__" x="312" y="583" w="180" h="290" zOrder="71">
      <groupChildrenDescriptors>
        <control controlID="54BBDC76-DEEE-44B2-A89A-E576DAE2388C" controlTypeID="Shape" x="0" y="0" w="180" h="290" zOrder="0">
          <font family="%E5%BE%AE%E8%BD%AF%E9%9B%85%E9%BB%91" displayName="%E5%BE%AE%E8%BD%AF%E9%9B%85%E9%BB%91" postScript="" weightStyle="Regular" weight="400" isBold="False" isItalic="False"/>
          <lineSpacing>16</lineSpacing>
          <selectedIndex>-1</selectedIndex>
        </control>
        <control controlID="6FECE7EA-A646-4CEE-BFE5-25A0BB149250" controlTypeID="Image" x="0" y="0" w="180" h="145" zOrder="1"/>
        <control controlID="B76AA568-896E-49B1-BC5D-0FA181684BC2" controlTypeID="TextInput" x="13" y="132" w="63" h="24" zOrder="2">
          <font family="%E5%BE%AE%E8%BD%AF%E9%9B%85%E9%BB%91" displayName="%E5%BE%AE%E8%BD%AF%E9%9B%85%E9%BB%91" postScript="" weightStyle="Regular" weight="400" isBold="False" isItalic="False"/>
          <text>%E9%A1%B9%E7%9B%AE%E5%90%8D%E7%A7%B0</text>
          <textSize>12</textSize>
          <lineSpacing>16</lineSpacing>
          <selectedIndex>-1</selectedIndex>
        </control>
        <control controlID="9C17CCDB-9A42-45F6-BCA5-1CF70ECF4656" controlTypeID="TextArea" x="5" y="156" w="170" h="51" zOrder="3">
          <font family="%E5%BE%AE%E8%BD%AF%E9%9B%85%E9%BB%91" displayName="%E5%BE%AE%E8%BD%AF%E9%9B%85%E9%BB%91" postScript="" weightStyle="Regular" weight="400" isBold="False" isItalic="False"/>
          <text>%E6%96%87%E5%AD%97%E4%BB%8B%E7%BB%8D01010100101001010101101010010101010101</text>
          <textSize>12</textSize>
          <lineSpacing>16</lineSpacing>
          <selectedIndex>-1</selectedIndex>
        </control>
        <control controlID="78E3843E-D819-439C-B264-D50968661BDB" controlTypeID="__group__" x="9" y="207" w="162" h="13" zOrder="4">
          <groupChildrenDescriptors>
            <control controlID="08C6AB66-C52C-41B5-A0E6-909C40EFEB4B" controlTypeID="Shape" x="0" y="0" w="63" h="13" zOrder="0">
              <color>4278229503</color>
              <borderVisible>False</borderVisible>
              <font family="%E5%BE%AE%E8%BD%AF%E9%9B%85%E9%BB%91" displayName="%E5%BE%AE%E8%BD%AF%E9%9B%85%E9%BB%91" postScript="" weightStyle="Regular" weight="400" isBold="False" isItalic="False"/>
              <textColor>4278255462</textColor>
              <lineSpacing>16</lineSpacing>
              <selectedIndex>-1</selectedIndex>
            </control>
            <control controlID="C2E41E16-CA3C-4EC9-B531-A279ACD2EC9C" controlTypeID="Shape" x="63" y="0" w="99" h="13" zOrder="1">
              <color>4291611852</color>
              <borderVisible>False</borderVisible>
              <font family="%E5%BE%AE%E8%BD%AF%E9%9B%85%E9%BB%91" displayName="%E5%BE%AE%E8%BD%AF%E9%9B%85%E9%BB%91" postScript="" weightStyle="Regular" weight="400" isBold="False" isItalic="False"/>
              <textColor>4278255462</textColor>
              <lineSpacing>16</lineSpacing>
              <selectedIndex>-1</selectedIndex>
            </control>
          </groupChildrenDescriptors>
        </control>
        <control controlID="94DC59D2-6C1B-4875-A1F4-CF76F179722B" controlTypeID="Label" x="13" y="231" w="95" h="16" zOrder="5">
          <font family="%E5%BE%AE%E8%BD%AF%E9%9B%85%E9%BB%91" displayName="%E5%BE%AE%E8%BD%AF%E9%9B%85%E9%BB%91" postScript="" weightStyle="Regular" weight="400" isBold="False" isItalic="False"/>
          <text>%E7%9B%AE%E6%A0%87%EF%BC%9A3%2C000%2C000</text>
          <textSize>12</textSize>
          <lineSpacing>16</lineSpacing>
          <selectedIndex>-1</selectedIndex>
        </control>
        <control controlID="E8D70016-507D-4499-824F-ECDD12B45256" controlTypeID="Label" x="10" y="263" w="78" h="16" zOrder="6">
          <font family="%E5%BE%AE%E8%BD%AF%E9%9B%85%E9%BB%91" displayName="%E5%BE%AE%E8%BD%AF%E9%9B%85%E9%BB%91" postScript="" weightStyle="Regular" weight="400" isBold="False" isItalic="False"/>
          <text>%E8%B5%B7%E6%8A%95%EF%BC%9A30%2C000</text>
          <textSize>12</textSize>
          <lineSpacing>16</lineSpacing>
          <selectedIndex>-1</selectedIndex>
        </control>
        <control controlID="16400840-5CB4-4BB3-8EEC-9341B511AA9D" controlTypeID="Shape" x="0" y="0" w="45" h="25" zOrder="7">
          <color>4292335575</color>
          <borderVisible>False</borderVisible>
          <opacity>0.800000011920929</opacity>
          <font family="%E5%BE%AE%E8%BD%AF%E9%9B%85%E9%BB%91" displayName="%E5%BE%AE%E8%BD%AF%E9%9B%85%E9%BB%91" postScript="" weightStyle="Regular" weight="400" isBold="False" isItalic="False"/>
          <text>%E7%AD%B9%E5%A4%87%E4%B8%AD</text>
          <lineSpacing>16</lineSpacing>
          <selectedIndex>-1</selectedIndex>
        </control>
        <control controlID="CB8F2A15-BE18-4DCF-91A6-0F7C12742F9D" controlTypeID="Label" x="121" y="231" w="52" h="16" zOrder="8">
          <font family="%E5%BE%AE%E8%BD%AF%E9%9B%85%E9%BB%91" displayName="%E5%BE%AE%E8%BD%AF%E9%9B%85%E9%BB%91" postScript="" weightStyle="Regular" weight="400" isBold="False" isItalic="False"/>
          <text>%E5%89%A9%E4%BD%99%E6%97%B6%E9%97%B4</text>
          <textColor>4288256409</textColor>
          <textSize>12</textSize>
          <lineSpacing>16</lineSpacing>
          <selectedIndex>-1</selectedIndex>
        </control>
        <control controlID="0F7B251A-A683-4D84-973A-4DC465982E9A" controlTypeID="Label" x="121" y="247" w="42" h="37" zOrder="9">
          <font family="%E5%BE%AE%E8%BD%AF%E9%9B%85%E9%BB%91" displayName="%E5%BE%AE%E8%BD%AF%E9%9B%85%E9%BB%91" postScript="" weightStyle="Regular" weight="400" isBold="False" isItalic="False"/>
          <text>10</text>
          <textSize>28</textSize>
          <lineSpacing>37</lineSpacing>
          <useDefaultTextSize>False</useDefaultTextSize>
          <selectedIndex>-1</selectedIndex>
        </control>
        <control controlID="D131F630-086C-48E7-913D-D8312B9CAB78" controlTypeID="Label" x="157" y="263" w="16" h="16" zOrder="10">
          <font family="%E5%BE%AE%E8%BD%AF%E9%9B%85%E9%BB%91" displayName="%E5%BE%AE%E8%BD%AF%E9%9B%85%E9%BB%91" postScript="" weightStyle="Regular" weight="400" isBold="False" isItalic="False"/>
          <text>%E5%A4%A9</text>
          <textSize>12</textSize>
          <lineSpacing>16</lineSpacing>
          <selectedIndex>-1</selectedIndex>
        </control>
      </groupChildrenDescriptors>
    </control>
    <control controlID="374C5579-A55A-4AE5-B63F-14C0421D3180" controlTypeID="__group__" x="573" y="583" w="180" h="290" zOrder="72">
      <groupChildrenDescriptors>
        <control controlID="794CA2CF-1099-4E96-B142-A26A4CD5D077" controlTypeID="Shape" x="0" y="0" w="180" h="290" zOrder="0">
          <font family="%E5%BE%AE%E8%BD%AF%E9%9B%85%E9%BB%91" displayName="%E5%BE%AE%E8%BD%AF%E9%9B%85%E9%BB%91" postScript="" weightStyle="Regular" weight="400" isBold="False" isItalic="False"/>
          <lineSpacing>16</lineSpacing>
          <selectedIndex>-1</selectedIndex>
        </control>
        <control controlID="C3B99786-CDDB-4C43-A8FC-1622D2EDDA54" controlTypeID="Image" x="0" y="0" w="180" h="145" zOrder="1"/>
        <control controlID="DC901777-8DB3-4810-A41A-33C4A960B395" controlTypeID="TextInput" x="13" y="132" w="63" h="24" zOrder="2">
          <font family="%E5%BE%AE%E8%BD%AF%E9%9B%85%E9%BB%91" displayName="%E5%BE%AE%E8%BD%AF%E9%9B%85%E9%BB%91" postScript="" weightStyle="Regular" weight="400" isBold="False" isItalic="False"/>
          <text>%E9%A1%B9%E7%9B%AE%E5%90%8D%E7%A7%B0</text>
          <textSize>12</textSize>
          <lineSpacing>16</lineSpacing>
          <selectedIndex>-1</selectedIndex>
        </control>
        <control controlID="616D3B61-E40D-4AC0-B01A-8CDEA0376F64" controlTypeID="TextArea" x="5" y="156" w="170" h="51" zOrder="3">
          <font family="%E5%BE%AE%E8%BD%AF%E9%9B%85%E9%BB%91" displayName="%E5%BE%AE%E8%BD%AF%E9%9B%85%E9%BB%91" postScript="" weightStyle="Regular" weight="400" isBold="False" isItalic="False"/>
          <text>%E6%96%87%E5%AD%97%E4%BB%8B%E7%BB%8D01010100101001010101101010010101010101</text>
          <textSize>12</textSize>
          <lineSpacing>16</lineSpacing>
          <selectedIndex>-1</selectedIndex>
        </control>
        <control controlID="A4D3C527-EFEA-405A-B31E-242B250337F0" controlTypeID="__group__" x="9" y="207" w="162" h="13" zOrder="4">
          <groupChildrenDescriptors>
            <control controlID="5BBC50AF-209D-49CC-9B37-453433497C3D" controlTypeID="Shape" x="0" y="0" w="63" h="13" zOrder="0">
              <color>4278229503</color>
              <borderVisible>False</borderVisible>
              <font family="%E5%BE%AE%E8%BD%AF%E9%9B%85%E9%BB%91" displayName="%E5%BE%AE%E8%BD%AF%E9%9B%85%E9%BB%91" postScript="" weightStyle="Regular" weight="400" isBold="False" isItalic="False"/>
              <textColor>4278255462</textColor>
              <lineSpacing>16</lineSpacing>
              <selectedIndex>-1</selectedIndex>
            </control>
            <control controlID="54779724-2074-4E68-86AE-F1E62416DF40" controlTypeID="Shape" x="63" y="0" w="99" h="13" zOrder="1">
              <color>4291611852</color>
              <borderVisible>False</borderVisible>
              <font family="%E5%BE%AE%E8%BD%AF%E9%9B%85%E9%BB%91" displayName="%E5%BE%AE%E8%BD%AF%E9%9B%85%E9%BB%91" postScript="" weightStyle="Regular" weight="400" isBold="False" isItalic="False"/>
              <textColor>4278255462</textColor>
              <lineSpacing>16</lineSpacing>
              <selectedIndex>-1</selectedIndex>
            </control>
          </groupChildrenDescriptors>
        </control>
        <control controlID="3562AA8B-3DC1-40AE-9C6A-5AD7055D54A4" controlTypeID="Label" x="13" y="231" w="85" h="16" zOrder="5">
          <font family="%E5%BE%AE%E8%BD%AF%E9%9B%85%E9%BB%91" displayName="%E5%BE%AE%E8%BD%AF%E9%9B%85%E9%BB%91" postScript="" weightStyle="Regular" weight="400" isBold="False" isItalic="False"/>
          <text>%E7%9B%AE%E6%A0%87%EF%BC%9A300%2C000</text>
          <textSize>12</textSize>
          <lineSpacing>16</lineSpacing>
          <selectedIndex>-1</selectedIndex>
        </control>
        <control controlID="DEC57075-6EEE-4C40-BB24-6F8EFC7261CD" controlTypeID="Label" x="10" y="263" w="78" h="16" zOrder="6">
          <font family="%E5%BE%AE%E8%BD%AF%E9%9B%85%E9%BB%91" displayName="%E5%BE%AE%E8%BD%AF%E9%9B%85%E9%BB%91" postScript="" weightStyle="Regular" weight="400" isBold="False" isItalic="False"/>
          <text>%E8%B5%B7%E6%8A%95%EF%BC%9A10%2C000</text>
          <textSize>12</textSize>
          <lineSpacing>16</lineSpacing>
          <selectedIndex>-1</selectedIndex>
        </control>
        <control controlID="FC283328-FD17-47C7-A5E9-FFBDF9177781" controlTypeID="Shape" x="0" y="0" w="45" h="25" zOrder="7">
          <color>4292335575</color>
          <borderVisible>False</borderVisible>
          <opacity>0.800000011920929</opacity>
          <font family="%E5%BE%AE%E8%BD%AF%E9%9B%85%E9%BB%91" displayName="%E5%BE%AE%E8%BD%AF%E9%9B%85%E9%BB%91" postScript="" weightStyle="Regular" weight="400" isBold="False" isItalic="False"/>
          <text>%E7%AD%B9%E5%A4%87%E4%B8%AD</text>
          <lineSpacing>16</lineSpacing>
          <selectedIndex>-1</selectedIndex>
        </control>
        <control controlID="975AE0E6-636C-4C63-8A5C-3A95106D99DB" controlTypeID="Label" x="121" y="231" w="52" h="16" zOrder="8">
          <font family="%E5%BE%AE%E8%BD%AF%E9%9B%85%E9%BB%91" displayName="%E5%BE%AE%E8%BD%AF%E9%9B%85%E9%BB%91" postScript="" weightStyle="Regular" weight="400" isBold="False" isItalic="False"/>
          <text>%E5%89%A9%E4%BD%99%E6%97%B6%E9%97%B4</text>
          <textColor>4288256409</textColor>
          <textSize>12</textSize>
          <lineSpacing>16</lineSpacing>
          <selectedIndex>-1</selectedIndex>
        </control>
        <control controlID="168E26C9-17D8-4FA4-B535-A12EE6890162" controlTypeID="Label" x="121" y="247" w="42" h="37" zOrder="9">
          <font family="%E5%BE%AE%E8%BD%AF%E9%9B%85%E9%BB%91" displayName="%E5%BE%AE%E8%BD%AF%E9%9B%85%E9%BB%91" postScript="" weightStyle="Regular" weight="400" isBold="False" isItalic="False"/>
          <text>10</text>
          <textSize>28</textSize>
          <lineSpacing>37</lineSpacing>
          <useDefaultTextSize>False</useDefaultTextSize>
          <selectedIndex>-1</selectedIndex>
        </control>
        <control controlID="8E5A73BC-6C35-4898-9716-F8A079EE5258" controlTypeID="Label" x="157" y="263" w="16" h="16" zOrder="10">
          <font family="%E5%BE%AE%E8%BD%AF%E9%9B%85%E9%BB%91" displayName="%E5%BE%AE%E8%BD%AF%E9%9B%85%E9%BB%91" postScript="" weightStyle="Regular" weight="400" isBold="False" isItalic="False"/>
          <text>%E5%A4%A9</text>
          <textSize>12</textSize>
          <lineSpacing>16</lineSpacing>
          <selectedIndex>-1</selectedIndex>
        </control>
      </groupChildrenDescriptors>
    </control>
    <control controlID="26A203A9-F76A-4F75-853F-5D0332269398" controlTypeID="Label" x="52" y="914" w="104" h="32" zOrder="73">
      <font family="%E5%BE%AE%E8%BD%AF%E9%9B%85%E9%BB%91" displayName="%E5%BE%AE%E8%BD%AF%E9%9B%85%E9%BB%91" postScript="" weightStyle="Regular" weight="400" isBold="False" isItalic="False"/>
      <text>%E8%BF%91%E6%9C%9F%E4%B8%8A%E7%BA%BF</text>
      <textSize>24</textSize>
      <lineSpacing>32</lineSpacing>
      <useDefaultTextSize>False</useDefaultTextSize>
      <selectedIndex>-1</selectedIndex>
    </control>
    <control controlID="93852F31-3FDB-4501-B6CE-907764749C06" controlTypeID="Label" x="52" y="1302" w="101" h="32" zOrder="74">
      <font family="%E5%BE%AE%E8%BD%AF%E9%9B%85%E9%BB%91" displayName="%E5%BE%AE%E8%BD%AF%E9%9B%85%E9%BB%91" postScript="" weightStyle="Regular" weight="400" isBold="False" isItalic="False"/>
      <text>%E5%AE%8C%E6%88%90%E9%A1%B9%E7%9B%AE</text>
      <textSize>24</textSize>
      <lineSpacing>32</lineSpacing>
      <useDefaultTextSize>False</useDefaultTextSize>
      <selectedIndex>-1</selectedIndex>
    </control>
    <control controlID="329E68EF-23F6-450F-8219-E877931B98BC" controlTypeID="Shape" x="0" y="1714" w="802" h="247" zOrder="75">
      <color>4291611852</color>
      <opacity>0.800000011920929</opacity>
      <font family="%E5%BE%AE%E8%BD%AF%E9%9B%85%E9%BB%91" displayName="%E5%BE%AE%E8%BD%AF%E9%9B%85%E9%BB%91" postScript="" weightStyle="Regular" weight="400" isBold="False" isItalic="False"/>
      <lineSpacing>16</lineSpacing>
      <selectedIndex>-1</selectedIndex>
    </control>
    <control controlID="D542CF82-F4BC-4651-ACB5-4C60B4130CD1" controlTypeID="Label" x="300" y="1739" w="206" h="37" zOrder="76">
      <font family="%E5%BE%AE%E8%BD%AF%E9%9B%85%E9%BB%91" displayName="%E5%BE%AE%E8%BD%AF%E9%9B%85%E9%BB%91" postScript="" weightStyle="Regular" weight="400" isBold="False" isItalic="False"/>
      <text>%E5%8F%91%E7%8E%B0%E8%B4%A2%E5%AF%8C%E7%9A%84%E7%A7%98%E5%AF%86</text>
      <textSize>28</textSize>
      <lineSpacing>37</lineSpacing>
      <useDefaultTextSize>False</useDefaultTextSize>
      <selectedIndex>-1</selectedIndex>
    </control>
    <control controlID="EF07616D-9BDD-4AE5-AA99-400DE6001DE1" controlTypeID="PageControlEx" x="339" y="454" w="120" h="40" zOrder="77">
      <columnCount>3</columnCount>
      <selectedIndex>2</selectedIndex>
    </control>
    <control controlID="EC73C2B7-CB9D-489D-82BF-1B61C72E792A" controlTypeID="Shape" x="52" y="1825" w="80" h="80" zOrder="78">
      <font family="%E5%BE%AE%E8%BD%AF%E9%9B%85%E9%BB%91" displayName="%E5%BE%AE%E8%BD%AF%E9%9B%85%E9%BB%91" postScript="" weightStyle="Regular" weight="400" isBold="False" isItalic="False"/>
      <text>%E5%85%B3%E6%B3%A8%E9%A1%B9%E7%9B%AE</text>
      <lineSpacing>16</lineSpacing>
      <selectedIndex>-1</selectedIndex>
    </control>
    <control controlID="03D1D8D1-73A5-46C5-8332-DC249AC55B01" controlTypeID="Shape" x="203" y="1825" w="80" h="80" zOrder="79">
      <font family="%E5%BE%AE%E8%BD%AF%E9%9B%85%E9%BB%91" displayName="%E5%BE%AE%E8%BD%AF%E9%9B%85%E9%BB%91" postScript="" weightStyle="Regular" weight="400" isBold="False" isItalic="False"/>
      <text>%E4%BA%86%E8%A7%A3%E9%A1%B9%E7%9B%AE</text>
      <lineSpacing>16</lineSpacing>
      <selectedIndex>-1</selectedIndex>
    </control>
    <control controlID="9D141F0F-40D2-4424-AC2F-615A18C4CEFE" controlTypeID="Shape" x="354" y="1825" w="80" h="80" zOrder="80">
      <font family="%E5%BE%AE%E8%BD%AF%E9%9B%85%E9%BB%91" displayName="%E5%BE%AE%E8%BD%AF%E9%9B%85%E9%BB%91" postScript="" weightStyle="Regular" weight="400" isBold="False" isItalic="False"/>
      <text>%E9%A1%B9%E7%9B%AE%E8%B4%AD%E4%B9%B0</text>
      <lineSpacing>16</lineSpacing>
      <selectedIndex>-1</selectedIndex>
    </control>
    <control controlID="17464F01-994F-402D-A52F-7346A5F54F36" controlTypeID="Shape" x="505" y="1825" w="80" h="80" zOrder="81">
      <font family="%E5%BE%AE%E8%BD%AF%E9%9B%85%E9%BB%91" displayName="%E5%BE%AE%E8%BD%AF%E9%9B%85%E9%BB%91" postScript="" weightStyle="Regular" weight="400" isBold="False" isItalic="False"/>
      <text>%E5%8D%8F%E8%AE%AE%E7%AD%BE%E7%BD%B2</text>
      <lineSpacing>16</lineSpacing>
      <selectedIndex>-1</selectedIndex>
    </control>
    <control controlID="67D0BE9A-2A2A-4EF5-9AA0-A71A1D26F9DD" controlTypeID="Shape" x="656" y="1825" w="80" h="80" zOrder="82">
      <font family="%E5%BE%AE%E8%BD%AF%E9%9B%85%E9%BB%91" displayName="%E5%BE%AE%E8%BD%AF%E9%9B%85%E9%BB%91" postScript="" weightStyle="Regular" weight="400" isBold="False" isItalic="False"/>
      <text>%E8%B4%A2%E5%AF%8C%E5%AE%9E%E7%8E%B0</text>
      <lineSpacing>16</lineSpacing>
      <selectedIndex>-1</selectedIndex>
    </control>
    <control controlID="88992337-D315-4052-9F00-8C710E15DDC2" controlTypeID="Label" x="320" y="2006" w="148" h="24" zOrder="83">
      <font family="%E5%BE%AE%E8%BD%AF%E9%9B%85%E9%BB%91" displayName="%E5%BE%AE%E8%BD%AF%E9%9B%85%E9%BB%91" postScript="" weightStyle="Regular" weight="400" isBold="False" isItalic="False"/>
      <text>%E5%85%A8%E5%90%8D%E5%BD%93%E9%93%BA%E4%BC%97%E7%AD%B9%E9%A1%B9%E7%9B%AE</text>
      <textSize>18</textSize>
      <lineSpacing>24</lineSpacing>
      <useDefaultTextSize>False</useDefaultTextSize>
      <selectedIndex>-1</selectedIndex>
    </control>
    <control controlID="18510F48-B30E-400E-B7B0-3FEBE378CC9F" controlTypeID="Button" x="337" y="2157" w="106" h="42" zOrder="84">
      <color>4278242559</color>
      <font family="%E5%BE%AE%E8%BD%AF%E9%9B%85%E9%BB%91" displayName="%E5%BE%AE%E8%BD%AF%E9%9B%85%E9%BB%91" postScript="" weightStyle="Regular" weight="400" isBold="False" isItalic="False"/>
      <text>%E4%BA%86%E8%A7%A3%E6%9B%B4%E5%A4%9A</text>
      <textSize>16</textSize>
      <lineSpacing>21</lineSpacing>
      <useDefaultTextSize>False</useDefaultTextSize>
      <selectedIndex>-1</selectedIndex>
      <radius>4</radius>
    </control>
    <control controlID="19DE6C9E-DC85-4C1A-BA3A-D228BE4BECE6" controlTypeID="TextArea" x="312" y="2059" w="156" h="60" zOrder="85">
      <font family="%E5%BE%AE%E8%BD%AF%E9%9B%85%E9%BB%91" displayName="%E5%BE%AE%E8%BD%AF%E9%9B%85%E9%BB%91" postScript="" weightStyle="Regular" weight="400" isBold="False" isItalic="False"/>
      <text>%E6%83%B3%E7%9F%A5%E9%81%93%E6%9B%B4%E5%A4%9A%E5%85%B3%E4%BA%8E%E9%A1%B9%E7%9B%AE%E5%8F%91%E7%94%9F%0D%0A%0D%0A%E6%88%96%E5%BC%80%E5%A7%8B%E4%BD%A0%E8%87%AA%E5%B7%B1</text>
      <textSize>12</textSize>
      <textAlign>HaCenter</textAlign>
      <lineSpacing>16</lineSpacing>
      <selectedIndex>-1</selectedIndex>
    </control>
    <control controlID="D1E38F9E-01DE-43E7-B6C3-B581C2A2549B" controlTypeID="Master" x="0" y="2254" w="802" h="248" zOrder="86" masterID="114A9CE0-90CE-4720-937C-9AABE8131D61">
      <groupChildrenDescriptors>
        <control controlID="1B0C1935-C433-4DFE-83D6-BE50CE5CCDE5" controlTypeID="Shape" x="0" y="0" w="802" h="246" zOrder="0">
          <color>4281545523</color>
          <font family="%E5%BE%AE%E8%BD%AF%E9%9B%85%E9%BB%91" displayName="%E5%BE%AE%E8%BD%AF%E9%9B%85%E9%BB%91" postScript="" weightStyle="Regular" weight="400" isBold="False" isItalic="False"/>
          <lineSpacing>16</lineSpacing>
          <selectedIndex>-1</selectedIndex>
        </control>
        <control controlID="ED2A17E7-F583-4EE8-8EC7-BEC9BF988E0A" controlTypeID="Label" x="50" y="61" w="233" h="43" zOrder="1">
          <font family="%E5%BE%AE%E8%BD%AF%E9%9B%85%E9%BB%91" displayName="%E5%BE%AE%E8%BD%AF%E9%9B%85%E9%BB%91" postScript="" weightStyle="Regular" weight="400" isBold="False" isItalic="False"/>
          <text>%E5%85%A8%E5%90%8D%E5%BD%93%E9%93%BA%E4%BC%97%E7%AD%B9%E7%BD%91</text>
          <textColor>4294967295</textColor>
          <textSize>32</textSize>
          <lineSpacing>42</lineSpacing>
          <useDefaultTextSize>False</useDefaultTextSize>
          <selectedIndex>-1</selectedIndex>
        </control>
        <control controlID="DDF96EB4-95B6-41EE-89AF-422E0A9B2CAA" controlTypeID="Label" x="213" y="128" w="61" h="19" zOrder="2">
          <font family="%E5%BE%AE%E8%BD%AF%E9%9B%85%E9%BB%91" displayName="%E5%BE%AE%E8%BD%AF%E9%9B%85%E9%BB%91" postScript="" weightStyle="Regular" weight="400" isBold="False" isItalic="False"/>
          <text>%E5%85%B3%E4%BA%8E%E6%88%91%E4%BB%AC</text>
          <textColor>4288256409</textColor>
          <lineSpacing>18</lineSpacing>
          <useDefaultTextSize>False</useDefaultTextSize>
          <selectedIndex>-1</selectedIndex>
        </control>
        <control controlID="38550CA4-C3FA-4EF6-BEF9-D5DA5D55E024" controlTypeID="QRCode" x="597" y="90" w="66" h="66" zOrder="3"/>
        <control controlID="17430135-2EDB-4E84-96C9-F9055487C881" controlTypeID="QRCode" x="680" y="90" w="66" h="66" zOrder="4"/>
        <control controlID="50D1FA14-B7BC-49B5-9F01-95684E3039F6" controlTypeID="Shape" x="0" y="208" w="802" h="40" zOrder="5">
          <color>4278190080</color>
          <font family="%E5%BE%AE%E8%BD%AF%E9%9B%85%E9%BB%91" displayName="%E5%BE%AE%E8%BD%AF%E9%9B%85%E9%BB%91" postScript="" weightStyle="Regular" weight="400" isBold="False" isItalic="False"/>
          <lineSpacing>16</lineSpacing>
          <selectedIndex>-1</selectedIndex>
        </control>
        <control controlID="64570A10-5053-4965-9A3A-755C9DEB21E2" controlTypeID="Label" x="304" y="222" w="171" h="16" zOrder="6">
          <font family="%E5%BE%AE%E8%BD%AF%E9%9B%85%E9%BB%91" displayName="%E5%BE%AE%E8%BD%AF%E9%9B%85%E9%BB%91" postScript="" weightStyle="Regular" weight="400" isBold="False" isItalic="False"/>
          <text>%E5%A4%87%E6%A1%88%E5%8F%B7%EF%BC%9A10010101010100111</text>
          <textColor>4291611852</textColor>
          <textSize>12</textSize>
          <lineSpacing>16</lineSpacing>
          <useDefaultTextSize>False</useDefaultTextSize>
          <selectedIndex>-1</selectedIndex>
        </control>
      </groupChildrenDescriptors>
    </control>
    <control controlID="BC1040C7-7839-43F4-8438-627D092810CB" controlTypeID="Master" x="0" y="0" w="802" h="60" zOrder="87" masterID="C093F9E6-8DD1-4C7B-8980-C4E087FE62F9">
      <groupChildrenDescriptors>
        <control controlID="72CC7AE7-9D29-481B-BD4C-DEBF2B0A5E5F" controlTypeID="Shape" x="0" y="0" w="802" h="60" zOrder="0">
          <font family="%E5%BE%AE%E8%BD%AF%E9%9B%85%E9%BB%91" displayName="%E5%BE%AE%E8%BD%AF%E9%9B%85%E9%BB%91" postScript="" weightStyle="Regular" weight="400" isBold="False" isItalic="False"/>
          <textSize>18</textSize>
          <lineSpacing>24</lineSpacing>
          <useDefaultTextSize>False</useDefaultTextSize>
          <selectedIndex>-1</selectedIndex>
        </control>
        <control controlID="91878F2A-9FD6-4424-8377-40715C8BB457" controlTypeID="Label" x="335" y="26" w="78" h="24" zOrder="1">
          <font family="%E5%BE%AE%E8%BD%AF%E9%9B%85%E9%BB%91" displayName="%E5%BE%AE%E8%BD%AF%E9%9B%85%E9%BB%91" postScript="" weightStyle="Regular" weight="400" isBold="False" isItalic="False"/>
          <text>%E5%85%A8%E5%90%8D%E5%BD%93%E9%93%BA</text>
          <textSize>18</textSize>
          <lineSpacing>24</lineSpacing>
          <useDefaultTextSize>False</useDefaultTextSize>
          <selectedIndex>-1</selectedIndex>
        </control>
        <control controlID="FAC3DBA4-D95F-46C0-A871-17D85071BA8B" controlTypeID="Label" x="146" y="24" w="69" h="22" zOrder="2">
          <font family="%E5%BE%AE%E8%BD%AF%E9%9B%85%E9%BB%91" displayName="%E5%BE%AE%E8%BD%AF%E9%9B%85%E9%BB%91" postScript="" weightStyle="Regular" weight="400" isBold="False" isItalic="False"/>
          <text>%E5%85%B3%E4%BA%8E%E6%88%91%E4%BB%AC</text>
          <textSize>16</textSize>
          <lineSpacing>21</lineSpacing>
          <useDefaultTextSize>False</useDefaultTextSize>
          <selectedIndex>-1</selectedIndex>
        </control>
        <control controlID="EC6E77EC-736C-4F75-897C-4B4D8AB01869" controlTypeID="Label" x="20" y="24" w="102" h="22" zOrder="3">
          <font family="%E5%BE%AE%E8%BD%AF%E9%9B%85%E9%BB%91" displayName="%E5%BE%AE%E8%BD%AF%E9%9B%85%E9%BB%91" postScript="" weightStyle="Regular" weight="400" isBold="False" isItalic="False"/>
          <text>%E5%85%A8%E6%B0%91%E5%BD%93%E9%93%BA%E5%95%86%E5%9F%8E</text>
          <textSize>16</textSize>
          <lineSpacing>21</lineSpacing>
          <useDefaultTextSize>False</useDefaultTextSize>
          <selectedIndex>-1</selectedIndex>
        </control>
        <control controlID="3715C29E-EE02-4F58-854E-F15E99E513AB" controlTypeID="Search" x="573" y="22" w="90" h="24" zOrder="4">
          <font family="%E5%BE%AE%E8%BD%AF%E9%9B%85%E9%BB%91" displayName="%E5%BE%AE%E8%BD%AF%E9%9B%85%E9%BB%91" postScript="" weightStyle="Regular" weight="400" isBold="False" isItalic="False"/>
          <textVAlign>VaTop</textVAlign>
          <lineSpacing>16</lineSpacing>
          <selectedIndex>-1</selectedIndex>
        </control>
        <control controlID="1628B22F-11C8-4136-8F85-47557064213E" controlTypeID="AvatarEx" x="712" y="9" w="41" h="41" zOrder="5">
          <color>4284900966</color>
          <groupChildrenDescriptors>
            <control controlID="2AA1DC31-B211-4F87-A55D-169E3430FBD3" controlTypeID="Shape" x="0" y="0" w="41" h="41" zOrder="0">
              <color>4288256409</color>
              <canMove>False</canMove>
              <alias>shape</alias>
              <font family="%E5%BE%AE%E8%BD%AF%E9%9B%85%E9%BB%91" displayName="%E5%BE%AE%E8%BD%AF%E9%9B%85%E9%BB%91" postScript="" weightStyle="Regular" weight="400" isBold="False" isItalic="False"/>
              <lineSpacing>16</lineSpacing>
              <selectedIndex>-1</selectedIndex>
              <thickness>2</thickness>
            </control>
            <control controlID="9A870D7F-604F-4C2F-A75B-9BBD6793B03A" controlTypeID="Icon" x="5" y="8" w="31" h="31" zOrder="1">
              <color>4294967295</color>
              <canMove>False</canMove>
              <alias>icon</alias>
              <icon>
                <ID/>
                <iconFontName>jdiconfontB</iconFontName>
                <iconCode>59652</iconCode>
              </icon>
              <URL>467605F5F90D9FF65132C1A6EF883F26.svg</URL>
            </control>
          </groupChildrenDescriptors>
        </control>
      </groupChildrenDescriptors>
    </control>
  </controls>
  <param>
    <backgroundColor>4294967295</backgroundColor>
    <fontSize>12</fontSize>
    <fontFamily>%E5%BE%AE%E8%BD%AF%E9%9B%85%E9%BB%91</fontFamily>
    <guideLines/>
  </param>
</mockup>