﻿<mockup version="4.8" minAllowVersion="4.8" ID="5F1A0E7C-3B97-436E-8FE8-A8417EF29A72" platform="MtDesktop" defaultW="800" defaultH="600" measureW="800" measureH="1400" mobileScreenScale="0">
  <controls controlCount="103">
    <control controlID="2F633E40-1038-4DD1-A572-585EA649A1F9" controlTypeID="Master" x="0" y="0" w="800" h="120" zOrder="0" masterID="F40BD275-907F-4885-A87A-15EB8DE2D51D">
      <groupChildrenDescriptors>
        <control controlID="074BF57B-DD54-4041-88A5-193C79D0551C" controlTypeID="Shape" x="0" y="0" w="800" h="37" zOrder="0">
          <color>4291611852</color>
          <font family="%E5%BE%AE%E8%BD%AF%E9%9B%85%E9%BB%91" displayName="%E5%BE%AE%E8%BD%AF%E9%9B%85%E9%BB%91" postScript="" weightStyle="Regular" weight="400" isBold="False" isItalic="False"/>
          <lineSpacing>16</lineSpacing>
          <selectedIndex>-1</selectedIndex>
        </control>
        <control controlID="0F847B9F-277E-4CC1-B641-C0CE3366B70B" controlTypeID="Shape" x="702" y="20" w="71" h="36" zOrder="1">
          <font family="%E5%BE%AE%E8%BD%AF%E9%9B%85%E9%BB%91" displayName="%E5%BE%AE%E8%BD%AF%E9%9B%85%E9%BB%91" postScript="" weightStyle="Regular" weight="400" isBold="False" isItalic="False"/>
          <text>%E7%99%BB%E5%BD%95</text>
          <lineSpacing>16</lineSpacing>
          <selectedIndex>-1</selectedIndex>
        </control>
        <control controlID="DC46444C-80C2-45DB-B1EA-B617C1BF2829" controlTypeID="Shape" x="29" y="47" w="158" h="73" zOrder="2">
          <font family="%E5%BE%AE%E8%BD%AF%E9%9B%85%E9%BB%91" displayName="%E5%BE%AE%E8%BD%AF%E9%9B%85%E9%BB%91" postScript="" weightStyle="Regular" weight="400" isBold="False" isItalic="False"/>
          <text>LOGO</text>
          <lineSpacing>16</lineSpacing>
          <selectedIndex>-1</selectedIndex>
        </control>
        <control controlID="1622D112-B1A0-4C1E-8B74-2523356F0166" controlTypeID="__group__" x="400" y="78" w="300" h="32" zOrder="3">
          <groupChildrenDescriptors>
            <control controlID="AE613CB3-91EB-4D54-993D-1DE764E1444E" controlTypeID="Shape" x="0" y="0" w="238" h="32" zOrder="0">
              <font family="%E5%BE%AE%E8%BD%AF%E9%9B%85%E9%BB%91" displayName="%E5%BE%AE%E8%BD%AF%E9%9B%85%E9%BB%91" postScript="" weightStyle="Regular" weight="400" isBold="False" isItalic="False"/>
              <lineSpacing>16</lineSpacing>
              <selectedIndex>-1</selectedIndex>
            </control>
            <control controlID="7F9BEEA9-A811-4A06-92D3-F85F0FA1913D" controlTypeID="Shape" x="237" y="0" w="63" h="32" zOrder="1">
              <color>4291611852</color>
              <font family="%E5%BE%AE%E8%BD%AF%E9%9B%85%E9%BB%91" displayName="%E5%BE%AE%E8%BD%AF%E9%9B%85%E9%BB%91" postScript="" weightStyle="Regular" weight="400" isBold="False" isItalic="False"/>
              <text>%E6%90%9C%E7%B4%A2</text>
              <lineSpacing>16</lineSpacing>
              <selectedIndex>-1</selectedIndex>
            </control>
          </groupChildrenDescriptors>
        </control>
        <control controlID="2B7183A7-5943-48B3-8AA8-27AA268B4601" controlTypeID="Label" x="29" y="10" w="107" h="16" zOrder="4">
          <font family="%E5%BE%AE%E8%BD%AF%E9%9B%85%E9%BB%91" displayName="%E5%BE%AE%E8%BD%AF%E9%9B%85%E9%BB%91" postScript="" weightStyle="Regular" weight="400" isBold="False" isItalic="False"/>
          <text>%E6%AC%A2%E8%BF%8E%E6%9D%A5%E5%88%B0%E5%85%A8%E6%B0%91%E5%BD%93%E9%93%BA%EF%BC%81</text>
          <textSize>12</textSize>
          <lineSpacing>16</lineSpacing>
          <selectedIndex>-1</selectedIndex>
        </control>
      </groupChildrenDescriptors>
    </control>
    <control controlID="EA43831D-2B32-4059-97FC-871ECD6ADAA3" controlTypeID="Master" x="0" y="130" w="800" h="34" zOrder="1" masterID="159C7035-DDA8-48F1-AA2D-227245CE386F">
      <groupChildrenDescriptors>
        <control controlID="AEF97C35-7DE3-459C-9C74-01EDAE44FA1B" controlTypeID="Shape" x="0" y="0" w="800" h="34" zOrder="0">
          <color>4285229931</color>
          <borderColor>4287006342</borderColor>
          <font family="%E5%BE%AE%E8%BD%AF%E9%9B%85%E9%BB%91" displayName="%E5%BE%AE%E8%BD%AF%E9%9B%85%E9%BB%91" postScript="" weightStyle="Regular" weight="400" isBold="False" isItalic="False"/>
          <text>+</text>
          <lineSpacing>16</lineSpacing>
          <selectedIndex>-1</selectedIndex>
        </control>
        <control controlID="E5F025C8-4FB6-4315-8F92-6D529FD5F2BE" controlTypeID="Label" x="78" y="9" w="52" h="16" zOrder="1">
          <font family="%E5%BE%AE%E8%BD%AF%E9%9B%85%E9%BB%91" displayName="%E5%BE%AE%E8%BD%AF%E9%9B%85%E9%BB%91" postScript="" weightStyle="Regular" weight="400" isBold="False" isItalic="False"/>
          <text>%E5%85%A8%E6%B0%91%E5%BD%93%E9%93%BA</text>
          <textSize>12</textSize>
          <lineSpacing>16</lineSpacing>
          <useDefaultTextSize>False</useDefaultTextSize>
          <selectedIndex>-1</selectedIndex>
        </control>
        <control controlID="6F2019EB-9FEE-483B-8CAB-27C0928D2DF7" controlTypeID="Label" x="243" y="8" w="28" h="16" zOrder="2">
          <font family="%E5%BE%AE%E8%BD%AF%E9%9B%85%E9%BB%91" displayName="%E5%BE%AE%E8%BD%AF%E9%9B%85%E9%BB%91" postScript="" weightStyle="Regular" weight="400" isBold="False" isItalic="False"/>
          <text>%E9%A6%96%E9%A1%B5</text>
          <textSize>12</textSize>
          <lineSpacing>16</lineSpacing>
          <useDefaultTextSize>False</useDefaultTextSize>
          <selectedIndex>-1</selectedIndex>
        </control>
        <control controlID="3F0E3ACB-9C95-4623-A5F2-2A3B88346D48" controlTypeID="Label" x="318" y="8" w="27" h="16" zOrder="3">
          <font family="%E5%BE%AE%E8%BD%AF%E9%9B%85%E9%BB%91" displayName="%E5%BE%AE%E8%BD%AF%E9%9B%85%E9%BB%91" postScript="" weightStyle="Regular" weight="400" isBold="False" isItalic="False"/>
          <text>%E7%83%AD%E9%97%A8</text>
          <textSize>12</textSize>
          <lineSpacing>16</lineSpacing>
          <useDefaultTextSize>False</useDefaultTextSize>
          <selectedIndex>-1</selectedIndex>
        </control>
        <control controlID="97E4928C-A15E-43AE-831D-E95A282F3CA3" controlTypeID="Label" x="391" y="8" w="28" h="16" zOrder="4">
          <font family="%E5%BE%AE%E8%BD%AF%E9%9B%85%E9%BB%91" displayName="%E5%BE%AE%E8%BD%AF%E9%9B%85%E9%BB%91" postScript="" weightStyle="Regular" weight="400" isBold="False" isItalic="False"/>
          <text>%E7%A7%AF%E5%88%86</text>
          <textSize>12</textSize>
          <lineSpacing>16</lineSpacing>
          <useDefaultTextSize>False</useDefaultTextSize>
          <selectedIndex>-1</selectedIndex>
        </control>
      </groupChildrenDescriptors>
    </control>
    <control controlID="56F515A2-6856-4FD7-AD24-6F1797E6C5AF" controlTypeID="__group__" x="40" y="192" w="150" h="189" zOrder="2">
      <groupChildrenDescriptors>
        <control controlID="66FD3F56-F320-4C73-BE40-7AFC531AA8D4" controlTypeID="Shape" x="0" y="0" w="150" h="189" zOrder="0">
          <font family="%E5%BE%AE%E8%BD%AF%E9%9B%85%E9%BB%91" displayName="%E5%BE%AE%E8%BD%AF%E9%9B%85%E9%BB%91" postScript="" weightStyle="Regular" weight="400" isBold="False" isItalic="False"/>
          <lineSpacing>16</lineSpacing>
          <selectedIndex>-1</selectedIndex>
        </control>
        <control controlID="F57A1753-02CA-4458-8D17-8D5104DD52D4" controlTypeID="Image" x="0" y="0" w="150" h="150" zOrder="1"/>
        <control controlID="7E2FEC96-18FA-4655-99A8-8142DD5DA487" controlTypeID="Label" x="4" y="169" w="44" h="16" zOrder="2">
          <font family="%E5%BE%AE%E8%BD%AF%E9%9B%85%E9%BB%91" displayName="%E5%BE%AE%E8%BD%AF%E9%9B%85%E9%BB%91" postScript="" weightStyle="Regular" weight="400" isBold="False" isItalic="False"/>
          <text>%EF%BF%A53000</text>
          <textSize>12</textSize>
          <lineSpacing>16</lineSpacing>
          <selectedIndex>-1</selectedIndex>
        </control>
        <control controlID="BF0BBA18-46EF-4CAA-B821-E77346993346" controlTypeID="Label" x="4" y="153" w="89" h="16" zOrder="3">
          <font family="%E5%BE%AE%E8%BD%AF%E9%9B%85%E9%BB%91" displayName="%E5%BE%AE%E8%BD%AF%E9%9B%85%E9%BB%91" postScript="" weightStyle="Regular" weight="400" isBold="False" isItalic="False"/>
          <text>%E5%90%8D%E7%A7%B0%EF%BC%9A1101001</text>
          <textSize>12</textSize>
          <lineSpacing>16</lineSpacing>
          <selectedIndex>-1</selectedIndex>
        </control>
      </groupChildrenDescriptors>
    </control>
    <control controlID="37DCB97B-70B8-4DA8-B495-BDF85B39EEDC" controlTypeID="__group__" x="40" y="406" w="150" h="189" zOrder="3">
      <groupChildrenDescriptors>
        <control controlID="A1709D02-CDEF-4CAC-8726-F3E5E0C52874" controlTypeID="Shape" x="0" y="0" w="150" h="189" zOrder="0">
          <font family="%E5%BE%AE%E8%BD%AF%E9%9B%85%E9%BB%91" displayName="%E5%BE%AE%E8%BD%AF%E9%9B%85%E9%BB%91" postScript="" weightStyle="Regular" weight="400" isBold="False" isItalic="False"/>
          <lineSpacing>16</lineSpacing>
          <selectedIndex>-1</selectedIndex>
        </control>
        <control controlID="FDED78C4-B3BF-4698-81D0-98B212D1C203" controlTypeID="Image" x="0" y="0" w="150" h="150" zOrder="1"/>
        <control controlID="22233066-08F4-493B-AFB4-DAF9B84BEB9B" controlTypeID="Label" x="4" y="169" w="44" h="16" zOrder="2">
          <font family="%E5%BE%AE%E8%BD%AF%E9%9B%85%E9%BB%91" displayName="%E5%BE%AE%E8%BD%AF%E9%9B%85%E9%BB%91" postScript="" weightStyle="Regular" weight="400" isBold="False" isItalic="False"/>
          <text>%EF%BF%A53000</text>
          <textSize>12</textSize>
          <lineSpacing>16</lineSpacing>
          <selectedIndex>-1</selectedIndex>
        </control>
        <control controlID="A631BBDE-6BB4-4C72-893B-44E79AE5535B" controlTypeID="Label" x="4" y="153" w="89" h="16" zOrder="3">
          <font family="%E5%BE%AE%E8%BD%AF%E9%9B%85%E9%BB%91" displayName="%E5%BE%AE%E8%BD%AF%E9%9B%85%E9%BB%91" postScript="" weightStyle="Regular" weight="400" isBold="False" isItalic="False"/>
          <text>%E5%90%8D%E7%A7%B0%EF%BC%9A1101001</text>
          <textSize>12</textSize>
          <lineSpacing>16</lineSpacing>
          <selectedIndex>-1</selectedIndex>
        </control>
      </groupChildrenDescriptors>
    </control>
    <control controlID="92A950C3-34EB-4685-8553-80DF0CE13A4E" controlTypeID="__group__" x="40" y="641" w="150" h="189" zOrder="4">
      <groupChildrenDescriptors>
        <control controlID="7AC93AB0-8992-4099-8273-B1D8C72CC867" controlTypeID="Shape" x="0" y="0" w="150" h="189" zOrder="0">
          <font family="%E5%BE%AE%E8%BD%AF%E9%9B%85%E9%BB%91" displayName="%E5%BE%AE%E8%BD%AF%E9%9B%85%E9%BB%91" postScript="" weightStyle="Regular" weight="400" isBold="False" isItalic="False"/>
          <lineSpacing>16</lineSpacing>
          <selectedIndex>-1</selectedIndex>
        </control>
        <control controlID="2E02EBDE-ED79-4255-9EF7-768A031C327A" controlTypeID="Image" x="0" y="0" w="150" h="150" zOrder="1"/>
        <control controlID="2A617A2B-3212-4030-B8F0-93B566961A4D" controlTypeID="Label" x="4" y="169" w="44" h="16" zOrder="2">
          <font family="%E5%BE%AE%E8%BD%AF%E9%9B%85%E9%BB%91" displayName="%E5%BE%AE%E8%BD%AF%E9%9B%85%E9%BB%91" postScript="" weightStyle="Regular" weight="400" isBold="False" isItalic="False"/>
          <text>%EF%BF%A53000</text>
          <textSize>12</textSize>
          <lineSpacing>16</lineSpacing>
          <selectedIndex>-1</selectedIndex>
        </control>
        <control controlID="B7435E7E-5971-4485-BE1A-CCEC75580A4E" controlTypeID="Label" x="4" y="153" w="89" h="16" zOrder="3">
          <font family="%E5%BE%AE%E8%BD%AF%E9%9B%85%E9%BB%91" displayName="%E5%BE%AE%E8%BD%AF%E9%9B%85%E9%BB%91" postScript="" weightStyle="Regular" weight="400" isBold="False" isItalic="False"/>
          <text>%E5%90%8D%E7%A7%B0%EF%BC%9A1101001</text>
          <textSize>12</textSize>
          <lineSpacing>16</lineSpacing>
          <selectedIndex>-1</selectedIndex>
        </control>
      </groupChildrenDescriptors>
    </control>
    <control controlID="8B86B0C2-5FA9-4F32-AE97-2134EFA76B89" controlTypeID="__group__" x="230" y="192" w="150" h="189" zOrder="5">
      <groupChildrenDescriptors>
        <control controlID="DED2BFD0-777F-41C6-8EC9-4A242B382BE9" controlTypeID="Shape" x="0" y="0" w="150" h="189" zOrder="0">
          <font family="%E5%BE%AE%E8%BD%AF%E9%9B%85%E9%BB%91" displayName="%E5%BE%AE%E8%BD%AF%E9%9B%85%E9%BB%91" postScript="" weightStyle="Regular" weight="400" isBold="False" isItalic="False"/>
          <lineSpacing>16</lineSpacing>
          <selectedIndex>-1</selectedIndex>
        </control>
        <control controlID="DB769D55-56AD-4D2C-B98B-7800868403AE" controlTypeID="Image" x="0" y="0" w="150" h="150" zOrder="1"/>
        <control controlID="B7795D20-6914-432B-90CF-3EE808E9D8B3" controlTypeID="Label" x="4" y="169" w="44" h="16" zOrder="2">
          <font family="%E5%BE%AE%E8%BD%AF%E9%9B%85%E9%BB%91" displayName="%E5%BE%AE%E8%BD%AF%E9%9B%85%E9%BB%91" postScript="" weightStyle="Regular" weight="400" isBold="False" isItalic="False"/>
          <text>%EF%BF%A53000</text>
          <textSize>12</textSize>
          <lineSpacing>16</lineSpacing>
          <selectedIndex>-1</selectedIndex>
        </control>
        <control controlID="D47E2290-4213-49FD-8B5B-9125E4F5C6A8" controlTypeID="Label" x="4" y="153" w="89" h="16" zOrder="3">
          <font family="%E5%BE%AE%E8%BD%AF%E9%9B%85%E9%BB%91" displayName="%E5%BE%AE%E8%BD%AF%E9%9B%85%E9%BB%91" postScript="" weightStyle="Regular" weight="400" isBold="False" isItalic="False"/>
          <text>%E5%90%8D%E7%A7%B0%EF%BC%9A1101001</text>
          <textSize>12</textSize>
          <lineSpacing>16</lineSpacing>
          <selectedIndex>-1</selectedIndex>
        </control>
      </groupChildrenDescriptors>
    </control>
    <control controlID="6A749132-12F2-422B-B9DE-FE5B275337B4" controlTypeID="__group__" x="230" y="406" w="150" h="189" zOrder="6">
      <groupChildrenDescriptors>
        <control controlID="BC1DA227-236D-4D6D-8F73-639046756825" controlTypeID="Shape" x="0" y="0" w="150" h="189" zOrder="0">
          <font family="%E5%BE%AE%E8%BD%AF%E9%9B%85%E9%BB%91" displayName="%E5%BE%AE%E8%BD%AF%E9%9B%85%E9%BB%91" postScript="" weightStyle="Regular" weight="400" isBold="False" isItalic="False"/>
          <lineSpacing>16</lineSpacing>
          <selectedIndex>-1</selectedIndex>
        </control>
        <control controlID="29432257-06B3-48BB-8A32-182B247688CB" controlTypeID="Image" x="0" y="0" w="150" h="150" zOrder="1"/>
        <control controlID="155B0102-880E-4E51-97B7-63D5A6B67D6F" controlTypeID="Label" x="4" y="169" w="44" h="16" zOrder="2">
          <font family="%E5%BE%AE%E8%BD%AF%E9%9B%85%E9%BB%91" displayName="%E5%BE%AE%E8%BD%AF%E9%9B%85%E9%BB%91" postScript="" weightStyle="Regular" weight="400" isBold="False" isItalic="False"/>
          <text>%EF%BF%A53000</text>
          <textSize>12</textSize>
          <lineSpacing>16</lineSpacing>
          <selectedIndex>-1</selectedIndex>
        </control>
        <control controlID="33F12632-45C1-428E-9544-1890C8C853EB" controlTypeID="Label" x="4" y="153" w="89" h="16" zOrder="3">
          <font family="%E5%BE%AE%E8%BD%AF%E9%9B%85%E9%BB%91" displayName="%E5%BE%AE%E8%BD%AF%E9%9B%85%E9%BB%91" postScript="" weightStyle="Regular" weight="400" isBold="False" isItalic="False"/>
          <text>%E5%90%8D%E7%A7%B0%EF%BC%9A1101001</text>
          <textSize>12</textSize>
          <lineSpacing>16</lineSpacing>
          <selectedIndex>-1</selectedIndex>
        </control>
      </groupChildrenDescriptors>
    </control>
    <control controlID="ECB81605-3436-4867-B4D6-DC67B55AE6A9" controlTypeID="__group__" x="230" y="641" w="150" h="189" zOrder="7">
      <groupChildrenDescriptors>
        <control controlID="61643D37-0570-4006-A55B-FD7E44A3E42A" controlTypeID="Shape" x="0" y="0" w="150" h="189" zOrder="0">
          <font family="%E5%BE%AE%E8%BD%AF%E9%9B%85%E9%BB%91" displayName="%E5%BE%AE%E8%BD%AF%E9%9B%85%E9%BB%91" postScript="" weightStyle="Regular" weight="400" isBold="False" isItalic="False"/>
          <lineSpacing>16</lineSpacing>
          <selectedIndex>-1</selectedIndex>
        </control>
        <control controlID="F45BABD5-BFD5-4DD4-B6F1-A5C9C498F099" controlTypeID="Image" x="0" y="0" w="150" h="150" zOrder="1"/>
        <control controlID="A2A29459-1FB8-4E5F-BE6C-C41073904E86" controlTypeID="Label" x="4" y="169" w="44" h="16" zOrder="2">
          <font family="%E5%BE%AE%E8%BD%AF%E9%9B%85%E9%BB%91" displayName="%E5%BE%AE%E8%BD%AF%E9%9B%85%E9%BB%91" postScript="" weightStyle="Regular" weight="400" isBold="False" isItalic="False"/>
          <text>%EF%BF%A53000</text>
          <textSize>12</textSize>
          <lineSpacing>16</lineSpacing>
          <selectedIndex>-1</selectedIndex>
        </control>
        <control controlID="ABB7D103-AA4C-477F-9185-1E5CBEFFE658" controlTypeID="Label" x="4" y="153" w="89" h="16" zOrder="3">
          <font family="%E5%BE%AE%E8%BD%AF%E9%9B%85%E9%BB%91" displayName="%E5%BE%AE%E8%BD%AF%E9%9B%85%E9%BB%91" postScript="" weightStyle="Regular" weight="400" isBold="False" isItalic="False"/>
          <text>%E5%90%8D%E7%A7%B0%EF%BC%9A1101001</text>
          <textSize>12</textSize>
          <lineSpacing>16</lineSpacing>
          <selectedIndex>-1</selectedIndex>
        </control>
      </groupChildrenDescriptors>
    </control>
    <control controlID="2AD56909-0A0B-4D11-8288-DB68B01BC5B3" controlTypeID="__group__" x="420" y="192" w="150" h="189" zOrder="8">
      <groupChildrenDescriptors>
        <control controlID="A5AAD208-BA08-44B2-B528-FC1C468736B1" controlTypeID="Shape" x="0" y="0" w="150" h="189" zOrder="0">
          <font family="%E5%BE%AE%E8%BD%AF%E9%9B%85%E9%BB%91" displayName="%E5%BE%AE%E8%BD%AF%E9%9B%85%E9%BB%91" postScript="" weightStyle="Regular" weight="400" isBold="False" isItalic="False"/>
          <lineSpacing>16</lineSpacing>
          <selectedIndex>-1</selectedIndex>
        </control>
        <control controlID="8ADA89FF-5B0F-46D9-8D7F-33A7ACAB9C1F" controlTypeID="Image" x="0" y="0" w="150" h="150" zOrder="1"/>
        <control controlID="2BC756DC-71F9-49E4-986D-67B0F3FCCC66" controlTypeID="Label" x="4" y="169" w="44" h="16" zOrder="2">
          <font family="%E5%BE%AE%E8%BD%AF%E9%9B%85%E9%BB%91" displayName="%E5%BE%AE%E8%BD%AF%E9%9B%85%E9%BB%91" postScript="" weightStyle="Regular" weight="400" isBold="False" isItalic="False"/>
          <text>%EF%BF%A53000</text>
          <textSize>12</textSize>
          <lineSpacing>16</lineSpacing>
          <selectedIndex>-1</selectedIndex>
        </control>
        <control controlID="D66BF772-7A3E-48E7-A945-D113E24DF081" controlTypeID="Label" x="4" y="153" w="89" h="16" zOrder="3">
          <font family="%E5%BE%AE%E8%BD%AF%E9%9B%85%E9%BB%91" displayName="%E5%BE%AE%E8%BD%AF%E9%9B%85%E9%BB%91" postScript="" weightStyle="Regular" weight="400" isBold="False" isItalic="False"/>
          <text>%E5%90%8D%E7%A7%B0%EF%BC%9A1101001</text>
          <textSize>12</textSize>
          <lineSpacing>16</lineSpacing>
          <selectedIndex>-1</selectedIndex>
        </control>
      </groupChildrenDescriptors>
    </control>
    <control controlID="636ECFAF-5349-4EEF-8F61-2BC3F23AA9E9" controlTypeID="__group__" x="420" y="406" w="150" h="189" zOrder="9">
      <groupChildrenDescriptors>
        <control controlID="4BAEB38F-C827-4AA3-A3E5-F3D1273A3A98" controlTypeID="Shape" x="0" y="0" w="150" h="189" zOrder="0">
          <font family="%E5%BE%AE%E8%BD%AF%E9%9B%85%E9%BB%91" displayName="%E5%BE%AE%E8%BD%AF%E9%9B%85%E9%BB%91" postScript="" weightStyle="Regular" weight="400" isBold="False" isItalic="False"/>
          <lineSpacing>16</lineSpacing>
          <selectedIndex>-1</selectedIndex>
        </control>
        <control controlID="66CB8B99-192D-4005-B762-7D2899A26338" controlTypeID="Image" x="0" y="0" w="150" h="150" zOrder="1"/>
        <control controlID="D7197956-ECF5-415F-A5D8-37621BFAB2DB" controlTypeID="Label" x="4" y="169" w="44" h="16" zOrder="2">
          <font family="%E5%BE%AE%E8%BD%AF%E9%9B%85%E9%BB%91" displayName="%E5%BE%AE%E8%BD%AF%E9%9B%85%E9%BB%91" postScript="" weightStyle="Regular" weight="400" isBold="False" isItalic="False"/>
          <text>%EF%BF%A53000</text>
          <textSize>12</textSize>
          <lineSpacing>16</lineSpacing>
          <selectedIndex>-1</selectedIndex>
        </control>
        <control controlID="730AE344-AFCB-41BE-AFEC-18605AED98AE" controlTypeID="Label" x="4" y="153" w="89" h="16" zOrder="3">
          <font family="%E5%BE%AE%E8%BD%AF%E9%9B%85%E9%BB%91" displayName="%E5%BE%AE%E8%BD%AF%E9%9B%85%E9%BB%91" postScript="" weightStyle="Regular" weight="400" isBold="False" isItalic="False"/>
          <text>%E5%90%8D%E7%A7%B0%EF%BC%9A1101001</text>
          <textSize>12</textSize>
          <lineSpacing>16</lineSpacing>
          <selectedIndex>-1</selectedIndex>
        </control>
      </groupChildrenDescriptors>
    </control>
    <control controlID="F6A8B743-44A3-4A32-9188-D81CB59B338D" controlTypeID="__group__" x="420" y="641" w="150" h="189" zOrder="10">
      <groupChildrenDescriptors>
        <control controlID="68ACA33A-9C99-4AB2-898D-853B70FB16E7" controlTypeID="Shape" x="0" y="0" w="150" h="189" zOrder="0">
          <font family="%E5%BE%AE%E8%BD%AF%E9%9B%85%E9%BB%91" displayName="%E5%BE%AE%E8%BD%AF%E9%9B%85%E9%BB%91" postScript="" weightStyle="Regular" weight="400" isBold="False" isItalic="False"/>
          <lineSpacing>16</lineSpacing>
          <selectedIndex>-1</selectedIndex>
        </control>
        <control controlID="C10A8078-1800-4F36-82BC-BE9170E90F33" controlTypeID="Image" x="0" y="0" w="150" h="150" zOrder="1"/>
        <control controlID="6C865BA0-4030-45CF-9794-9E4A49882076" controlTypeID="Label" x="4" y="169" w="44" h="16" zOrder="2">
          <font family="%E5%BE%AE%E8%BD%AF%E9%9B%85%E9%BB%91" displayName="%E5%BE%AE%E8%BD%AF%E9%9B%85%E9%BB%91" postScript="" weightStyle="Regular" weight="400" isBold="False" isItalic="False"/>
          <text>%EF%BF%A53000</text>
          <textSize>12</textSize>
          <lineSpacing>16</lineSpacing>
          <selectedIndex>-1</selectedIndex>
        </control>
        <control controlID="AE045864-C8AF-4AAD-8030-FD4D36D194FD" controlTypeID="Label" x="4" y="153" w="89" h="16" zOrder="3">
          <font family="%E5%BE%AE%E8%BD%AF%E9%9B%85%E9%BB%91" displayName="%E5%BE%AE%E8%BD%AF%E9%9B%85%E9%BB%91" postScript="" weightStyle="Regular" weight="400" isBold="False" isItalic="False"/>
          <text>%E5%90%8D%E7%A7%B0%EF%BC%9A1101001</text>
          <textSize>12</textSize>
          <lineSpacing>16</lineSpacing>
          <selectedIndex>-1</selectedIndex>
        </control>
      </groupChildrenDescriptors>
    </control>
    <control controlID="801E7FA1-49FF-451E-9F05-3CFD8DD8B7FD" controlTypeID="__group__" x="610" y="192" w="150" h="189" zOrder="11">
      <groupChildrenDescriptors>
        <control controlID="275A4A16-8378-49A0-96BB-44561E438946" controlTypeID="Shape" x="0" y="0" w="150" h="189" zOrder="0">
          <font family="%E5%BE%AE%E8%BD%AF%E9%9B%85%E9%BB%91" displayName="%E5%BE%AE%E8%BD%AF%E9%9B%85%E9%BB%91" postScript="" weightStyle="Regular" weight="400" isBold="False" isItalic="False"/>
          <lineSpacing>16</lineSpacing>
          <selectedIndex>-1</selectedIndex>
        </control>
        <control controlID="5D5A167A-1B16-49F6-9915-C528D24E55D5" controlTypeID="Image" x="0" y="0" w="150" h="150" zOrder="1"/>
        <control controlID="33A18E50-2B72-4882-A77C-B1B5A1C3D1C5" controlTypeID="Label" x="4" y="169" w="44" h="16" zOrder="2">
          <font family="%E5%BE%AE%E8%BD%AF%E9%9B%85%E9%BB%91" displayName="%E5%BE%AE%E8%BD%AF%E9%9B%85%E9%BB%91" postScript="" weightStyle="Regular" weight="400" isBold="False" isItalic="False"/>
          <text>%EF%BF%A53000</text>
          <textSize>12</textSize>
          <lineSpacing>16</lineSpacing>
          <selectedIndex>-1</selectedIndex>
        </control>
        <control controlID="F683F053-EDAC-47B6-8B4F-DF24D3D1708F" controlTypeID="Label" x="4" y="153" w="89" h="16" zOrder="3">
          <font family="%E5%BE%AE%E8%BD%AF%E9%9B%85%E9%BB%91" displayName="%E5%BE%AE%E8%BD%AF%E9%9B%85%E9%BB%91" postScript="" weightStyle="Regular" weight="400" isBold="False" isItalic="False"/>
          <text>%E5%90%8D%E7%A7%B0%EF%BC%9A1101001</text>
          <textSize>12</textSize>
          <lineSpacing>16</lineSpacing>
          <selectedIndex>-1</selectedIndex>
        </control>
      </groupChildrenDescriptors>
    </control>
    <control controlID="76D4D984-36F5-486A-B8E1-1AD037F0CB12" controlTypeID="__group__" x="610" y="406" w="150" h="189" zOrder="12">
      <groupChildrenDescriptors>
        <control controlID="3C799708-E44E-4287-9611-059238F3E130" controlTypeID="Shape" x="0" y="0" w="150" h="189" zOrder="0">
          <font family="%E5%BE%AE%E8%BD%AF%E9%9B%85%E9%BB%91" displayName="%E5%BE%AE%E8%BD%AF%E9%9B%85%E9%BB%91" postScript="" weightStyle="Regular" weight="400" isBold="False" isItalic="False"/>
          <lineSpacing>16</lineSpacing>
          <selectedIndex>-1</selectedIndex>
        </control>
        <control controlID="B68EFAA4-4C20-43EA-8AD2-FA3EE7BC4109" controlTypeID="Image" x="0" y="0" w="150" h="150" zOrder="1"/>
        <control controlID="C72AD876-A0A0-4508-A066-1B7714617FC7" controlTypeID="Label" x="4" y="169" w="44" h="16" zOrder="2">
          <font family="%E5%BE%AE%E8%BD%AF%E9%9B%85%E9%BB%91" displayName="%E5%BE%AE%E8%BD%AF%E9%9B%85%E9%BB%91" postScript="" weightStyle="Regular" weight="400" isBold="False" isItalic="False"/>
          <text>%EF%BF%A53000</text>
          <textSize>12</textSize>
          <lineSpacing>16</lineSpacing>
          <selectedIndex>-1</selectedIndex>
        </control>
        <control controlID="29F007FB-220E-44AE-9886-DE850909E4AE" controlTypeID="Label" x="4" y="153" w="89" h="16" zOrder="3">
          <font family="%E5%BE%AE%E8%BD%AF%E9%9B%85%E9%BB%91" displayName="%E5%BE%AE%E8%BD%AF%E9%9B%85%E9%BB%91" postScript="" weightStyle="Regular" weight="400" isBold="False" isItalic="False"/>
          <text>%E5%90%8D%E7%A7%B0%EF%BC%9A1101001</text>
          <textSize>12</textSize>
          <lineSpacing>16</lineSpacing>
          <selectedIndex>-1</selectedIndex>
        </control>
      </groupChildrenDescriptors>
    </control>
    <control controlID="13AF769D-F59D-48D6-A39A-F38CD76EDAAE" controlTypeID="__group__" x="610" y="641" w="150" h="189" zOrder="13">
      <groupChildrenDescriptors>
        <control controlID="2116ADD3-6F20-40ED-B0E9-C683B3AB462F" controlTypeID="Shape" x="0" y="0" w="150" h="189" zOrder="0">
          <font family="%E5%BE%AE%E8%BD%AF%E9%9B%85%E9%BB%91" displayName="%E5%BE%AE%E8%BD%AF%E9%9B%85%E9%BB%91" postScript="" weightStyle="Regular" weight="400" isBold="False" isItalic="False"/>
          <lineSpacing>16</lineSpacing>
          <selectedIndex>-1</selectedIndex>
        </control>
        <control controlID="455838D8-305A-4131-9E6A-8FC9655464DE" controlTypeID="Image" x="0" y="0" w="150" h="150" zOrder="1"/>
        <control controlID="77504C57-EE32-48E7-8E9C-86E51F97801C" controlTypeID="Label" x="4" y="169" w="44" h="16" zOrder="2">
          <font family="%E5%BE%AE%E8%BD%AF%E9%9B%85%E9%BB%91" displayName="%E5%BE%AE%E8%BD%AF%E9%9B%85%E9%BB%91" postScript="" weightStyle="Regular" weight="400" isBold="False" isItalic="False"/>
          <text>%EF%BF%A53000</text>
          <textSize>12</textSize>
          <lineSpacing>16</lineSpacing>
          <selectedIndex>-1</selectedIndex>
        </control>
        <control controlID="2E1BD0AB-1812-496E-AC9B-879F9C20F59B" controlTypeID="Label" x="4" y="153" w="89" h="16" zOrder="3">
          <font family="%E5%BE%AE%E8%BD%AF%E9%9B%85%E9%BB%91" displayName="%E5%BE%AE%E8%BD%AF%E9%9B%85%E9%BB%91" postScript="" weightStyle="Regular" weight="400" isBold="False" isItalic="False"/>
          <text>%E5%90%8D%E7%A7%B0%EF%BC%9A1101001</text>
          <textSize>12</textSize>
          <lineSpacing>16</lineSpacing>
          <selectedIndex>-1</selectedIndex>
        </control>
      </groupChildrenDescriptors>
    </control>
    <control controlID="7B1A7801-ED36-43F0-8CB7-0EBB3BFEBC3D" controlTypeID="Master" x="0" y="913" w="800" h="487" zOrder="14" masterID="8684CB1E-D6BF-4730-9F20-ED6DFE64752E">
      <groupChildrenDescriptors>
        <control controlID="F58C678E-FA50-4406-83C0-7B14BFCA221E" controlTypeID="Line" x="4" y="166" w="792" h="2" zOrder="0">
          <font family="%E5%BE%AE%E8%BD%AF%E9%9B%85%E9%BB%91" displayName="%E5%BE%AE%E8%BD%AF%E9%9B%85%E9%BB%91" postScript="" weightStyle="Regular" weight="400" isBold="False" isItalic="False"/>
          <lineSpacing>16</lineSpacing>
          <selectedIndex>-1</selectedIndex>
          <controlPoint>(396,1)</controlPoint>
          <startPoint>(0,1)</startPoint>
          <endPoint>(792,1)</endPoint>
        </control>
        <control controlID="4BB79A20-B365-4E33-96E0-510943E15E69" controlTypeID="Shape" x="0" y="236" w="800" h="210" zOrder="1">
          <color>4294111986</color>
          <font family="%E5%BE%AE%E8%BD%AF%E9%9B%85%E9%BB%91" displayName="%E5%BE%AE%E8%BD%AF%E9%9B%85%E9%BB%91" postScript="" weightStyle="Regular" weight="400" isBold="False" isItalic="False"/>
          <lineSpacing>16</lineSpacing>
          <selectedIndex>-1</selectedIndex>
        </control>
        <control controlID="FD738A37-CA1F-4B60-9738-806FE63AF2E2" controlTypeID="Shape" x="0" y="446" w="800" h="41" zOrder="2">
          <color>4281742902</color>
          <font family="%E5%BE%AE%E8%BD%AF%E9%9B%85%E9%BB%91" displayName="%E5%BE%AE%E8%BD%AF%E9%9B%85%E9%BB%91" postScript="" weightStyle="Regular" weight="400" isBold="False" isItalic="False"/>
          <text>%E5%A4%87%E6%A1%88%E5%8F%B7%EF%BC%9A009001010101</text>
          <lineSpacing>16</lineSpacing>
          <selectedIndex>-1</selectedIndex>
        </control>
        <control controlID="0811DFA9-3D55-4695-8C6B-FB354C42E549" controlTypeID="Label" x="356" y="0" w="70" h="22" zOrder="3">
          <font family="%E5%BE%AE%E8%BD%AF%E9%9B%85%E9%BB%91" displayName="%E5%BE%AE%E8%BD%AF%E9%9B%85%E9%BB%91" postScript="" weightStyle="Regular" weight="400" isBold="False" isItalic="False"/>
          <text>%E5%85%A8%E6%B0%91%E5%BD%93%E9%93%BA</text>
          <textSize>16</textSize>
          <lineSpacing>21</lineSpacing>
          <useDefaultTextSize>False</useDefaultTextSize>
          <selectedIndex>-1</selectedIndex>
        </control>
        <control controlID="975A782E-F3A3-40E2-A2DE-3BD8DA143268" controlTypeID="Line" x="33" y="10" w="310" h="2" zOrder="4">
          <font family="%E5%BE%AE%E8%BD%AF%E9%9B%85%E9%BB%91" displayName="%E5%BE%AE%E8%BD%AF%E9%9B%85%E9%BB%91" postScript="" weightStyle="Regular" weight="400" isBold="False" isItalic="False"/>
          <lineSpacing>16</lineSpacing>
          <selectedIndex>-1</selectedIndex>
          <controlPoint>(156,1)</controlPoint>
          <startPoint>(1,1)</startPoint>
          <endPoint>(310,1)</endPoint>
        </control>
        <control controlID="C022DA6C-605B-4241-83AE-12212BCF90BD" controlTypeID="Line" x="436" y="10" w="314" h="2" zOrder="5">
          <font family="%E5%BE%AE%E8%BD%AF%E9%9B%85%E9%BB%91" displayName="%E5%BE%AE%E8%BD%AF%E9%9B%85%E9%BB%91" postScript="" weightStyle="Regular" weight="400" isBold="False" isItalic="False"/>
          <lineSpacing>16</lineSpacing>
          <selectedIndex>-1</selectedIndex>
          <controlPoint>(158,1)</controlPoint>
          <startPoint>(1,1)</startPoint>
          <endPoint>(314,1)</endPoint>
        </control>
        <control controlID="A32B29C6-CDDD-48F4-8D27-4A3C8C739978" controlTypeID="Circle" x="53" y="75" w="43" h="43" zOrder="6">
          <color>4291611852</color>
          <font family="%E5%BE%AE%E8%BD%AF%E9%9B%85%E9%BB%91" displayName="%E5%BE%AE%E8%BD%AF%E9%9B%85%E9%BB%91" postScript="" weightStyle="Regular" weight="400" isBold="False" isItalic="False"/>
          <text>%E4%BC%98</text>
          <textSize>16</textSize>
          <lineSpacing>21</lineSpacing>
          <useDefaultTextSize>False</useDefaultTextSize>
          <selectedIndex>-1</selectedIndex>
          <shapeBorderType>SbEllipse</shapeBorderType>
        </control>
        <control controlID="F80EFA2E-EF02-45BA-A232-8BC272237800" controlTypeID="Circle" x="305" y="75" w="43" h="43" zOrder="7">
          <color>4291611852</color>
          <font family="%E5%BE%AE%E8%BD%AF%E9%9B%85%E9%BB%91" displayName="%E5%BE%AE%E8%BD%AF%E9%9B%85%E9%BB%91" postScript="" weightStyle="Regular" weight="400" isBold="False" isItalic="False"/>
          <text>%E4%BF%9D</text>
          <textSize>16</textSize>
          <lineSpacing>21</lineSpacing>
          <useDefaultTextSize>False</useDefaultTextSize>
          <selectedIndex>-1</selectedIndex>
          <shapeBorderType>SbEllipse</shapeBorderType>
        </control>
        <control controlID="E4FC1583-FA58-497B-94BA-5A06AACE9AC1" controlTypeID="Circle" x="578" y="75" w="43" h="43" zOrder="8">
          <color>4291611852</color>
          <font family="%E5%BE%AE%E8%BD%AF%E9%9B%85%E9%BB%91" displayName="%E5%BE%AE%E8%BD%AF%E9%9B%85%E9%BB%91" postScript="" weightStyle="Regular" weight="400" isBold="False" isItalic="False"/>
          <text>%E8%AF%9A%E4%BF%A1</text>
          <textSize>16</textSize>
          <lineSpacing>21</lineSpacing>
          <useDefaultTextSize>False</useDefaultTextSize>
          <selectedIndex>-1</selectedIndex>
          <shapeBorderType>SbEllipse</shapeBorderType>
        </control>
        <control controlID="2AA4A6D6-75C7-41D9-A50E-E3806334D855" controlTypeID="Label" x="106" y="76" w="52" h="16" zOrder="9">
          <font family="%E5%BE%AE%E8%BD%AF%E9%9B%85%E9%BB%91" displayName="%E5%BE%AE%E8%BD%AF%E9%9B%85%E9%BB%91" postScript="" weightStyle="Regular" weight="400" isBold="False" isItalic="False"/>
          <text>%E5%93%81%E8%B4%A8%E4%BF%9D%E8%AF%81</text>
          <textSize>12</textSize>
          <lineSpacing>16</lineSpacing>
          <useDefaultTextSize>False</useDefaultTextSize>
          <selectedIndex>-1</selectedIndex>
        </control>
        <control controlID="D7798E80-7C9E-4E68-9809-99F2F0BC5619" controlTypeID="Label" x="358" y="76" w="52" h="16" zOrder="10">
          <font family="%E5%BE%AE%E8%BD%AF%E9%9B%85%E9%BB%91" displayName="%E5%BE%AE%E8%BD%AF%E9%9B%85%E9%BB%91" postScript="" weightStyle="Regular" weight="400" isBold="False" isItalic="False"/>
          <text>%E4%BA%A4%E6%98%93%E4%BF%9D%E8%AF%81</text>
          <textSize>12</textSize>
          <lineSpacing>16</lineSpacing>
          <useDefaultTextSize>False</useDefaultTextSize>
          <selectedIndex>-1</selectedIndex>
        </control>
        <control controlID="F1EF6FAC-8EB2-46AA-BD49-817A5A4C700F" controlTypeID="Label" x="631" y="76" w="52" h="16" zOrder="11">
          <font family="%E5%BE%AE%E8%BD%AF%E9%9B%85%E9%BB%91" displayName="%E5%BE%AE%E8%BD%AF%E9%9B%85%E9%BB%91" postScript="" weightStyle="Regular" weight="400" isBold="False" isItalic="False"/>
          <text>%E8%AF%9A%E4%BF%A1%E4%BF%9D%E8%AF%81</text>
          <textSize>12</textSize>
          <lineSpacing>16</lineSpacing>
          <useDefaultTextSize>False</useDefaultTextSize>
          <selectedIndex>-1</selectedIndex>
        </control>
        <control controlID="D1D24A44-D1F1-49B9-8E2C-947E3169ECE8" controlTypeID="Label" x="106" y="97" w="96" h="15" zOrder="12">
          <font family="%E5%BE%AE%E8%BD%AF%E9%9B%85%E9%BB%91" displayName="%E5%BE%AE%E8%BD%AF%E9%9B%85%E9%BB%91" postScript="" weightStyle="Regular" weight="400" isBold="False" isItalic="False"/>
          <text>%E5%93%81%E8%B4%A8%E6%8A%A4%E8%88%AA+%E8%B4%AD%E7%89%A9%E6%97%A0%E5%BF%A7</text>
          <textSize>11</textSize>
          <lineSpacing>15</lineSpacing>
          <useDefaultTextSize>False</useDefaultTextSize>
          <selectedIndex>-1</selectedIndex>
        </control>
        <control controlID="1E53E6AE-B8EA-4222-948F-016121A7723C" controlTypeID="Label" x="358" y="97" w="118" h="15" zOrder="13">
          <font family="%E5%BE%AE%E8%BD%AF%E9%9B%85%E9%BB%91" displayName="%E5%BE%AE%E8%BD%AF%E9%9B%85%E9%BB%91" postScript="" weightStyle="Regular" weight="400" isBold="False" isItalic="False"/>
          <text>%E7%BA%BF%E4%B8%8B%E4%BA%A4%E6%98%93+%E6%9C%80%E5%AE%89%E5%85%A8%E7%9A%84%E4%BF%9D%E9%9A%9C</text>
          <textSize>11</textSize>
          <lineSpacing>15</lineSpacing>
          <useDefaultTextSize>False</useDefaultTextSize>
          <selectedIndex>-1</selectedIndex>
        </control>
        <control controlID="52B0CB15-E7A9-4AC1-8AF3-19B335A748AF" controlTypeID="Label" x="631" y="97" w="96" h="15" zOrder="14">
          <font family="%E5%BE%AE%E8%BD%AF%E9%9B%85%E9%BB%91" displayName="%E5%BE%AE%E8%BD%AF%E9%9B%85%E9%BB%91" postScript="" weightStyle="Regular" weight="400" isBold="False" isItalic="False"/>
          <text>%E8%AF%9A%E4%BF%A1%E5%95%86%E9%93%BA+%E8%AF%9A%E6%84%8F%E5%BE%85%E4%BA%BA</text>
          <textSize>11</textSize>
          <lineSpacing>15</lineSpacing>
          <useDefaultTextSize>False</useDefaultTextSize>
          <selectedIndex>-1</selectedIndex>
        </control>
        <control controlID="2D78A9EB-6DEB-4364-B178-014FA007B779" controlTypeID="Line" x="243" y="80" w="2" h="24" zOrder="15">
          <font family="%E5%BE%AE%E8%BD%AF%E9%9B%85%E9%BB%91" displayName="%E5%BE%AE%E8%BD%AF%E9%9B%85%E9%BB%91" postScript="" weightStyle="Regular" weight="400" isBold="False" isItalic="False"/>
          <lineSpacing>16</lineSpacing>
          <selectedIndex>-1</selectedIndex>
          <controlPoint>(1,12)</controlPoint>
          <startPoint>(1,0)</startPoint>
          <endPoint>(1,24)</endPoint>
        </control>
        <control controlID="A4CA2B97-04D0-4665-80EA-C3DD862164FC" controlTypeID="Line" x="525" y="80" w="2" h="24" zOrder="16">
          <font family="%E5%BE%AE%E8%BD%AF%E9%9B%85%E9%BB%91" displayName="%E5%BE%AE%E8%BD%AF%E9%9B%85%E9%BB%91" postScript="" weightStyle="Regular" weight="400" isBold="False" isItalic="False"/>
          <lineSpacing>16</lineSpacing>
          <selectedIndex>-1</selectedIndex>
          <controlPoint>(1,12)</controlPoint>
          <startPoint>(1,0)</startPoint>
          <endPoint>(1,24)</endPoint>
        </control>
        <control controlID="D165D702-03D7-40DB-806C-9821AE12D0AF" controlTypeID="Label" x="513" y="305" w="102" h="22" zOrder="17">
          <font family="%E5%BE%AE%E8%BD%AF%E9%9B%85%E9%BB%91" displayName="%E5%BE%AE%E8%BD%AF%E9%9B%85%E9%BB%91" postScript="" weightStyle="Regular" weight="400" isBold="False" isItalic="False"/>
          <text>%E6%9C%8D%E5%8A%A1%E5%92%A8%E8%AF%A2%E7%83%AD%E7%BA%BF</text>
          <textSize>16</textSize>
          <lineSpacing>21</lineSpacing>
          <useDefaultTextSize>False</useDefaultTextSize>
          <selectedIndex>-1</selectedIndex>
        </control>
        <control controlID="DED58948-C370-432C-BC2D-97EE74F1ACDE" controlTypeID="Icon" x="467" y="304" w="29" h="29" zOrder="18">
          <icon>
            <ID/>
            <iconFontName>jdIonicons</iconFontName>
            <iconCode>62162</iconCode>
          </icon>
          <URL>94E9452D20864CF3FBC79CD2C4E76723.svg</URL>
        </control>
        <control controlID="68736600-597D-4032-8E74-111ECF6245D8" controlTypeID="Label" x="513" y="342" w="144" h="32" zOrder="19">
          <font family="%E5%BE%AE%E8%BD%AF%E9%9B%85%E9%BB%91" displayName="%E5%BE%AE%E8%BD%AF%E9%9B%85%E9%BB%91" postScript="" weightStyle="Regular" weight="400" isBold="False" isItalic="False"/>
          <text>028-998765</text>
          <textSize>24</textSize>
          <lineSpacing>32</lineSpacing>
          <useDefaultTextSize>False</useDefaultTextSize>
          <selectedIndex>-1</selectedIndex>
        </control>
        <control controlID="3826679C-B546-48CC-B669-F52D8D53415A" controlTypeID="QRCode" x="699" y="297" w="51" h="51" zOrder="20"/>
        <control controlID="6280AA8E-387E-4312-8028-7FCDC8E450B3" controlTypeID="Label" x="712" y="358" w="28" h="16" zOrder="21">
          <font family="%E5%BE%AE%E8%BD%AF%E9%9B%85%E9%BB%91" displayName="%E5%BE%AE%E8%BD%AF%E9%9B%85%E9%BB%91" postScript="" weightStyle="Regular" weight="400" isBold="False" isItalic="False"/>
          <text>%E5%BE%AE%E4%BF%A1</text>
          <textSize>12</textSize>
          <lineSpacing>16</lineSpacing>
          <selectedIndex>-1</selectedIndex>
        </control>
        <control controlID="34DE49F9-3F54-4448-83E5-77F6914C8FB6" controlTypeID="Label" x="33" y="304" w="114" h="24" zOrder="22">
          <font family="%E5%BE%AE%E8%BD%AF%E9%9B%85%E9%BB%91" displayName="%E5%BE%AE%E8%BD%AF%E9%9B%85%E9%BB%91" postScript="" weightStyle="Regular" weight="400" isBold="False" isItalic="False"/>
          <text>%E5%85%A8%E5%90%8D%E5%BD%93%E9%93%BA%E5%95%86%E5%9F%8E</text>
          <textSize>18</textSize>
          <lineSpacing>24</lineSpacing>
          <useDefaultTextSize>False</useDefaultTextSize>
          <selectedIndex>-1</selectedIndex>
        </control>
        <control controlID="1915153F-8D03-4C70-A145-BB39473037DF" controlTypeID="Label" x="156" y="333" w="46" h="19" zOrder="23">
          <font family="%E5%BE%AE%E8%BD%AF%E9%9B%85%E9%BB%91" displayName="%E5%BE%AE%E8%BD%AF%E9%9B%85%E9%BB%91" postScript="" weightStyle="Regular" weight="400" isBold="False" isItalic="False"/>
          <text>%E4%BC%97%E7%AD%B9%E7%BD%91</text>
          <lineSpacing>18</lineSpacing>
          <useDefaultTextSize>False</useDefaultTextSize>
          <selectedIndex>-1</selectedIndex>
        </control>
        <control controlID="1661F9CF-A416-4B3A-A930-0DBE4C08558B" controlTypeID="Label" x="243" y="333" w="61" h="19" zOrder="24">
          <font family="%E5%BE%AE%E8%BD%AF%E9%9B%85%E9%BB%91" displayName="%E5%BE%AE%E8%BD%AF%E9%9B%85%E9%BB%91" postScript="" weightStyle="Regular" weight="400" isBold="False" isItalic="False"/>
          <text>%E5%85%B3%E4%BA%8E%E6%88%91%E4%BB%AC</text>
          <lineSpacing>18</lineSpacing>
          <useDefaultTextSize>False</useDefaultTextSize>
          <selectedIndex>-1</selectedIndex>
        </control>
        <control controlID="8CB7D9DB-F12A-4114-88A1-94E90A26636A" controlTypeID="Shape" x="283" y="398" w="86" h="32" zOrder="25">
          <font family="%E5%BE%AE%E8%BD%AF%E9%9B%85%E9%BB%91" displayName="%E5%BE%AE%E8%BD%AF%E9%9B%85%E9%BB%91" postScript="" weightStyle="Regular" weight="400" isBold="False" isItalic="False"/>
          <text>%E8%AF%9A%E4%BF%A1%E7%BD%91%E7%AB%99</text>
          <lineSpacing>16</lineSpacing>
          <selectedIndex>-1</selectedIndex>
        </control>
        <control controlID="AE96DF6F-6F20-4D14-A1D5-E840E80C13D0" controlTypeID="Shape" x="390" y="398" w="86" h="32" zOrder="26">
          <font family="%E5%BE%AE%E8%BD%AF%E9%9B%85%E9%BB%91" displayName="%E5%BE%AE%E8%BD%AF%E9%9B%85%E9%BB%91" postScript="" weightStyle="Regular" weight="400" isBold="False" isItalic="False"/>
          <text>%E5%8F%AF%E4%BF%A1%E7%BD%91%E7%AB%99</text>
          <lineSpacing>16</lineSpacing>
          <selectedIndex>-1</selectedIndex>
        </control>
      </groupChildrenDescriptors>
    </control>
    <control controlID="25777D72-3C30-448F-8E72-62BB5FD48171" controlTypeID="BreadCrumbs" x="40" y="166" w="59" h="16" zOrder="15">
      <font family="%E5%BE%AE%E8%BD%AF%E9%9B%85%E9%BB%91" displayName="%E5%BE%AE%E8%BD%AF%E9%9B%85%E9%BB%91" postScript="" weightStyle="Regular" weight="400" isBold="False" isItalic="False"/>
      <text>%E9%A6%96%E9%A1%B5%2C%E7%83%AD%E9%97%A8</text>
      <lineSpacing>16</lineSpacing>
    </control>
  </controls>
  <param>
    <backgroundColor>4294967295</backgroundColor>
    <fontSize>12</fontSize>
    <fontFamily>%E5%BE%AE%E8%BD%AF%E9%9B%85%E9%BB%91</fontFamily>
    <guideLines/>
  </param>
</mockup>