﻿<mockup version="4.8" minAllowVersion="4.8" ID="87A4EA95-BB7C-4625-BF19-5905CDEA9677" platform="MtDesktop" defaultW="800" defaultH="600" measureW="800" measureH="2600" mobileScreenScale="0">
  <controls controlCount="183">
    <control controlID="EAC6B98C-FEBC-4C9A-BA5C-8222468FD996" controlTypeID="Shape" x="0" y="1641" w="800" h="441" zOrder="0">
      <color>4294111986</color>
      <font family="%E5%BE%AE%E8%BD%AF%E9%9B%85%E9%BB%91" displayName="%E5%BE%AE%E8%BD%AF%E9%9B%85%E9%BB%91" postScript="" weightStyle="Regular" weight="400" isBold="False" isItalic="False"/>
      <text>+</text>
      <lineSpacing>16</lineSpacing>
      <selectedIndex>-1</selectedIndex>
    </control>
    <control controlID="743DD3C5-0453-4673-A689-B021BC52BD60" controlTypeID="Shape" x="0" y="780" w="800" h="441" zOrder="1">
      <color>4294111986</color>
      <font family="%E5%BE%AE%E8%BD%AF%E9%9B%85%E9%BB%91" displayName="%E5%BE%AE%E8%BD%AF%E9%9B%85%E9%BB%91" postScript="" weightStyle="Regular" weight="400" isBold="False" isItalic="False"/>
      <text>+</text>
      <lineSpacing>16</lineSpacing>
      <selectedIndex>-1</selectedIndex>
    </control>
    <control controlID="04264A06-5EAC-43EA-A2B9-186AA3ED198A" controlTypeID="Shape" x="0" y="531" w="800" h="240" zOrder="2">
      <isCommentCom>True</isCommentCom>
      <font family="%E5%BE%AE%E8%BD%AF%E9%9B%85%E9%BB%91" displayName="%E5%BE%AE%E8%BD%AF%E9%9B%85%E9%BB%91" postScript="" weightStyle="Regular" weight="400" isBold="False" isItalic="False"/>
      <lineSpacing>16</lineSpacing>
      <selectedIndex>-1</selectedIndex>
    </control>
    <control controlID="0F9AF820-375F-4239-A293-D3748906A9DC" controlTypeID="Image" x="0" y="163" w="800" h="309" zOrder="3"/>
    <control controlID="ED0D288D-9AD2-4582-A45F-AEAB5957D6AE" controlTypeID="Label" x="29" y="10" w="136" h="16" zOrder="4">
      <font family="%E5%BE%AE%E8%BD%AF%E9%9B%85%E9%BB%91" displayName="%E5%BE%AE%E8%BD%AF%E9%9B%85%E9%BB%91" postScript="" weightStyle="Regular" weight="400" isBold="False" isItalic="False"/>
      <text>%E6%82%A8%E5%A5%BD%EF%BC%81%E6%AC%A2%E8%BF%8E%E6%9D%A5%E5%88%B0%E5%85%A8%E6%B0%91%E5%BD%93%E9%93%BA</text>
      <textSize>12</textSize>
      <lineSpacing>16</lineSpacing>
      <selectedIndex>-1</selectedIndex>
    </control>
    <control controlID="ADD7DC19-8E5C-4908-A7F2-5F930DBC58EC" controlTypeID="Shape" x="52" y="130" w="120" h="342" zOrder="5">
      <color>4294111986</color>
      <borderColor>4294111986</borderColor>
      <remarkText>%E5%8D%8A%E9%80%8F%E6%98%8E%E5%9B%BE%E5%B1%82%0D%0A</remarkText>
      <font family="%E5%BE%AE%E8%BD%AF%E9%9B%85%E9%BB%91" displayName="%E5%BE%AE%E8%BD%AF%E9%9B%85%E9%BB%91" postScript="" weightStyle="Regular" weight="400" isBold="False" isItalic="False"/>
      <lineSpacing>16</lineSpacing>
      <selectedIndex>-1</selectedIndex>
    </control>
    <control controlID="D9D36825-50C2-4F76-8B55-6CB29400B4B4" controlTypeID="Shape" x="0" y="130" w="800" h="34" zOrder="6">
      <color>4285229931</color>
      <borderColor>4287006342</borderColor>
      <font family="%E5%BE%AE%E8%BD%AF%E9%9B%85%E9%BB%91" displayName="%E5%BE%AE%E8%BD%AF%E9%9B%85%E9%BB%91" postScript="" weightStyle="Regular" weight="400" isBold="False" isItalic="False"/>
      <text>+</text>
      <lineSpacing>16</lineSpacing>
      <selectedIndex>-1</selectedIndex>
    </control>
    <control controlID="90F27727-DBC0-444D-92B8-1893233E63D3" controlTypeID="Label" x="72" y="135" w="78" h="24" zOrder="7">
      <font family="%E5%BE%AE%E8%BD%AF%E9%9B%85%E9%BB%91" displayName="%E5%BE%AE%E8%BD%AF%E9%9B%85%E9%BB%91" postScript="" weightStyle="Regular" weight="400" isBold="False" isItalic="False"/>
      <text>%E5%85%A8%E6%B0%91%E5%BD%93%E9%93%BA</text>
      <textSize>18</textSize>
      <lineSpacing>24</lineSpacing>
      <useDefaultTextSize>False</useDefaultTextSize>
      <selectedIndex>-1</selectedIndex>
    </control>
    <control controlID="04B6D100-AC7A-4D8D-ABC0-1867CF3F2CDD" controlTypeID="Label" x="243" y="134" w="42" h="24" zOrder="8">
      <font family="%E5%BE%AE%E8%BD%AF%E9%9B%85%E9%BB%91" displayName="%E5%BE%AE%E8%BD%AF%E9%9B%85%E9%BB%91" postScript="" weightStyle="Regular" weight="400" isBold="False" isItalic="False"/>
      <text>%E9%A6%96%E9%A1%B5</text>
      <textSize>18</textSize>
      <lineSpacing>24</lineSpacing>
      <useDefaultTextSize>False</useDefaultTextSize>
      <selectedIndex>-1</selectedIndex>
    </control>
    <control controlID="61D8A436-2712-4FE2-8329-1811193E0798" controlTypeID="Label" x="318" y="134" w="41" h="24" zOrder="9">
      <font family="%E5%BE%AE%E8%BD%AF%E9%9B%85%E9%BB%91" displayName="%E5%BE%AE%E8%BD%AF%E9%9B%85%E9%BB%91" postScript="" weightStyle="Regular" weight="400" isBold="False" isItalic="False"/>
      <text>%E7%83%AD%E9%97%A8</text>
      <textSize>18</textSize>
      <lineSpacing>24</lineSpacing>
      <useDefaultTextSize>False</useDefaultTextSize>
      <selectedIndex>-1</selectedIndex>
    </control>
    <control controlID="9F0DFABD-FBB3-4A85-A78C-FD79B1942BF0" controlTypeID="Label" x="391" y="134" w="42" h="24" zOrder="10">
      <font family="%E5%BE%AE%E8%BD%AF%E9%9B%85%E9%BB%91" displayName="%E5%BE%AE%E8%BD%AF%E9%9B%85%E9%BB%91" postScript="" weightStyle="Regular" weight="400" isBold="False" isItalic="False"/>
      <text>%E7%A7%AF%E5%88%86</text>
      <textSize>18</textSize>
      <lineSpacing>24</lineSpacing>
      <useDefaultTextSize>False</useDefaultTextSize>
      <selectedIndex>-1</selectedIndex>
    </control>
    <control controlID="46303F58-0571-434E-8293-0085E04476A9" controlTypeID="Line" x="53" y="163" w="119" h="2" zOrder="11">
      <font family="%E5%BE%AE%E8%BD%AF%E9%9B%85%E9%BB%91" displayName="%E5%BE%AE%E8%BD%AF%E9%9B%85%E9%BB%91" postScript="" weightStyle="Regular" weight="400" isBold="False" isItalic="False"/>
      <lineSpacing>16</lineSpacing>
      <selectedIndex>-1</selectedIndex>
      <controlPoint>(60,1)</controlPoint>
      <startPoint>(0,1)</startPoint>
      <endPoint>(119,1)</endPoint>
    </control>
    <control controlID="8F68F0A8-9B3A-402F-BA3A-42538941F8A6" controlTypeID="Line" x="54" y="210" w="114" h="1" zOrder="12">
      <font family="%E5%BE%AE%E8%BD%AF%E9%9B%85%E9%BB%91" displayName="%E5%BE%AE%E8%BD%AF%E9%9B%85%E9%BB%91" postScript="" weightStyle="Regular" weight="400" isBold="False" isItalic="False"/>
      <lineSpacing>16</lineSpacing>
      <selectedIndex>-1</selectedIndex>
      <controlPoint>(57,0)</controlPoint>
      <startPoint>(0,0)</startPoint>
      <endPoint>(114,0)</endPoint>
    </control>
    <control controlID="5CDA6AC3-7C70-48A0-949E-0093BE7DD26B" controlTypeID="Line" x="54" y="253" w="114" h="1" zOrder="13">
      <font family="%E5%BE%AE%E8%BD%AF%E9%9B%85%E9%BB%91" displayName="%E5%BE%AE%E8%BD%AF%E9%9B%85%E9%BB%91" postScript="" weightStyle="Regular" weight="400" isBold="False" isItalic="False"/>
      <lineSpacing>16</lineSpacing>
      <selectedIndex>-1</selectedIndex>
      <controlPoint>(57,0)</controlPoint>
      <startPoint>(0,0)</startPoint>
      <endPoint>(114,0)</endPoint>
    </control>
    <control controlID="20C85301-BBE1-450B-96F5-3C23BD2E1FE4" controlTypeID="Line" x="54" y="296" w="114" h="1" zOrder="14">
      <font family="%E5%BE%AE%E8%BD%AF%E9%9B%85%E9%BB%91" displayName="%E5%BE%AE%E8%BD%AF%E9%9B%85%E9%BB%91" postScript="" weightStyle="Regular" weight="400" isBold="False" isItalic="False"/>
      <lineSpacing>16</lineSpacing>
      <selectedIndex>-1</selectedIndex>
      <controlPoint>(57,0)</controlPoint>
      <startPoint>(0,0)</startPoint>
      <endPoint>(114,0)</endPoint>
    </control>
    <control controlID="8F63E79D-AC6A-48BC-ADFC-98647BBEDE82" controlTypeID="Line" x="54" y="339" w="114" h="1" zOrder="15">
      <font family="%E5%BE%AE%E8%BD%AF%E9%9B%85%E9%BB%91" displayName="%E5%BE%AE%E8%BD%AF%E9%9B%85%E9%BB%91" postScript="" weightStyle="Regular" weight="400" isBold="False" isItalic="False"/>
      <lineSpacing>16</lineSpacing>
      <selectedIndex>-1</selectedIndex>
      <controlPoint>(57,0)</controlPoint>
      <startPoint>(0,0)</startPoint>
      <endPoint>(114,0)</endPoint>
    </control>
    <control controlID="010816BA-2689-4430-BD4A-E3CA21F9CE77" controlTypeID="Line" x="54" y="382" w="114" h="1" zOrder="16">
      <font family="%E5%BE%AE%E8%BD%AF%E9%9B%85%E9%BB%91" displayName="%E5%BE%AE%E8%BD%AF%E9%9B%85%E9%BB%91" postScript="" weightStyle="Regular" weight="400" isBold="False" isItalic="False"/>
      <lineSpacing>16</lineSpacing>
      <selectedIndex>-1</selectedIndex>
      <controlPoint>(57,0)</controlPoint>
      <startPoint>(0,0)</startPoint>
      <endPoint>(114,0)</endPoint>
    </control>
    <control controlID="1DBFCF2C-6DDD-4001-9B29-A3E6B41E88A4" controlTypeID="Line" x="54" y="423" w="114" h="1" zOrder="17">
      <font family="%E5%BE%AE%E8%BD%AF%E9%9B%85%E9%BB%91" displayName="%E5%BE%AE%E8%BD%AF%E9%9B%85%E9%BB%91" postScript="" weightStyle="Regular" weight="400" isBold="False" isItalic="False"/>
      <lineSpacing>16</lineSpacing>
      <selectedIndex>-1</selectedIndex>
      <controlPoint>(57,0)</controlPoint>
      <startPoint>(0,0)</startPoint>
      <endPoint>(114,0)</endPoint>
    </control>
    <control controlID="08A99C6B-6F79-47BC-9FF5-FAC8C0645372" controlTypeID="PageControlEx" x="340" y="432" w="120" h="40" zOrder="18">
      <columnCount>3</columnCount>
      <selectedIndex>2</selectedIndex>
    </control>
    <control controlID="9C457CF7-F90A-4F1E-9B85-D21E03A9FAFC" controlTypeID="PageControlEx" x="331" y="729" w="120" h="40" zOrder="19">
      <columnCount>3</columnCount>
      <selectedIndex>2</selectedIndex>
    </control>
    <control controlID="511DFB2E-3E35-423A-AD0E-7492AB4B3620" controlTypeID="__group__" x="37" y="540" w="150" h="189" zOrder="20">
      <groupChildrenDescriptors>
        <control controlID="4D4BE8EC-4748-4B72-A487-AEE54B4F7C89" controlTypeID="Shape" x="0" y="0" w="150" h="189" zOrder="0">
          <font family="%E5%BE%AE%E8%BD%AF%E9%9B%85%E9%BB%91" displayName="%E5%BE%AE%E8%BD%AF%E9%9B%85%E9%BB%91" postScript="" weightStyle="Regular" weight="400" isBold="False" isItalic="False"/>
          <lineSpacing>16</lineSpacing>
          <selectedIndex>-1</selectedIndex>
        </control>
        <control controlID="6F8CCEC4-1D57-4252-AD68-FB6683083F26" controlTypeID="Image" x="0" y="0" w="150" h="150" zOrder="1"/>
        <control controlID="96E3FB2F-4E99-41E5-BA70-4AFDE1CC4B2A" controlTypeID="Label" x="4" y="169" w="44" h="16" zOrder="2">
          <font family="%E5%BE%AE%E8%BD%AF%E9%9B%85%E9%BB%91" displayName="%E5%BE%AE%E8%BD%AF%E9%9B%85%E9%BB%91" postScript="" weightStyle="Regular" weight="400" isBold="False" isItalic="False"/>
          <text>%EF%BF%A53000</text>
          <textSize>12</textSize>
          <lineSpacing>16</lineSpacing>
          <selectedIndex>-1</selectedIndex>
        </control>
        <control controlID="6E2EF212-0FCB-4677-A80C-4C2AB5B799FA" controlTypeID="Label" x="4" y="153" w="89" h="16" zOrder="3">
          <font family="%E5%BE%AE%E8%BD%AF%E9%9B%85%E9%BB%91" displayName="%E5%BE%AE%E8%BD%AF%E9%9B%85%E9%BB%91" postScript="" weightStyle="Regular" weight="400" isBold="False" isItalic="False"/>
          <text>%E5%90%8D%E7%A7%B0%EF%BC%9A1101001</text>
          <textSize>12</textSize>
          <lineSpacing>16</lineSpacing>
          <selectedIndex>-1</selectedIndex>
        </control>
      </groupChildrenDescriptors>
    </control>
    <control controlID="F7326C79-8B0D-456F-81B9-AFEE7BFB184F" controlTypeID="__group__" x="227" y="540" w="150" h="189" zOrder="21">
      <groupChildrenDescriptors>
        <control controlID="8BBAF0C8-E47E-4CC3-B64B-591683F72678" controlTypeID="Shape" x="0" y="0" w="150" h="189" zOrder="0">
          <font family="%E5%BE%AE%E8%BD%AF%E9%9B%85%E9%BB%91" displayName="%E5%BE%AE%E8%BD%AF%E9%9B%85%E9%BB%91" postScript="" weightStyle="Regular" weight="400" isBold="False" isItalic="False"/>
          <lineSpacing>16</lineSpacing>
          <selectedIndex>-1</selectedIndex>
        </control>
        <control controlID="79862B4E-8525-49CE-92E0-B00C9163E93F" controlTypeID="Image" x="0" y="0" w="150" h="150" zOrder="1"/>
        <control controlID="38939993-35D9-4B5C-A1CD-B4DB32189CB1" controlTypeID="Label" x="4" y="169" w="44" h="16" zOrder="2">
          <font family="%E5%BE%AE%E8%BD%AF%E9%9B%85%E9%BB%91" displayName="%E5%BE%AE%E8%BD%AF%E9%9B%85%E9%BB%91" postScript="" weightStyle="Regular" weight="400" isBold="False" isItalic="False"/>
          <text>%EF%BF%A53000</text>
          <textSize>12</textSize>
          <lineSpacing>16</lineSpacing>
          <selectedIndex>-1</selectedIndex>
        </control>
        <control controlID="59BEC5BA-E11E-4E06-B83A-4F1EFF64EDB2" controlTypeID="Label" x="4" y="153" w="89" h="16" zOrder="3">
          <font family="%E5%BE%AE%E8%BD%AF%E9%9B%85%E9%BB%91" displayName="%E5%BE%AE%E8%BD%AF%E9%9B%85%E9%BB%91" postScript="" weightStyle="Regular" weight="400" isBold="False" isItalic="False"/>
          <text>%E5%90%8D%E7%A7%B0%EF%BC%9A1101001</text>
          <textSize>12</textSize>
          <lineSpacing>16</lineSpacing>
          <selectedIndex>-1</selectedIndex>
        </control>
      </groupChildrenDescriptors>
    </control>
    <control controlID="985B39A3-5453-46A0-B4D6-962F49185D79" controlTypeID="__group__" x="227" y="816" w="150" h="189" zOrder="22">
      <groupChildrenDescriptors>
        <control controlID="823B0300-4E6D-4D5C-8978-4DCAEC9A978E" controlTypeID="Shape" x="0" y="0" w="150" h="189" zOrder="0">
          <font family="%E5%BE%AE%E8%BD%AF%E9%9B%85%E9%BB%91" displayName="%E5%BE%AE%E8%BD%AF%E9%9B%85%E9%BB%91" postScript="" weightStyle="Regular" weight="400" isBold="False" isItalic="False"/>
          <lineSpacing>16</lineSpacing>
          <selectedIndex>-1</selectedIndex>
        </control>
        <control controlID="651B1856-CBFC-4658-A6C4-D291D350C8A9" controlTypeID="Image" x="0" y="0" w="150" h="150" zOrder="1"/>
        <control controlID="7FB59224-E1AF-4935-A0E5-82D644C8C0D2" controlTypeID="Label" x="4" y="169" w="44" h="16" zOrder="2">
          <font family="%E5%BE%AE%E8%BD%AF%E9%9B%85%E9%BB%91" displayName="%E5%BE%AE%E8%BD%AF%E9%9B%85%E9%BB%91" postScript="" weightStyle="Regular" weight="400" isBold="False" isItalic="False"/>
          <text>%EF%BF%A53000</text>
          <textSize>12</textSize>
          <lineSpacing>16</lineSpacing>
          <selectedIndex>-1</selectedIndex>
        </control>
        <control controlID="F652393C-0527-4273-841D-74747D4AFFD5" controlTypeID="Label" x="4" y="153" w="89" h="16" zOrder="3">
          <font family="%E5%BE%AE%E8%BD%AF%E9%9B%85%E9%BB%91" displayName="%E5%BE%AE%E8%BD%AF%E9%9B%85%E9%BB%91" postScript="" weightStyle="Regular" weight="400" isBold="False" isItalic="False"/>
          <text>%E5%90%8D%E7%A7%B0%EF%BC%9A1101001</text>
          <textSize>12</textSize>
          <lineSpacing>16</lineSpacing>
          <selectedIndex>-1</selectedIndex>
        </control>
      </groupChildrenDescriptors>
    </control>
    <control controlID="650A8D70-09FD-4BAA-91DE-931C8D3B89B1" controlTypeID="__group__" x="219" y="1232" w="150" h="189" zOrder="23">
      <groupChildrenDescriptors>
        <control controlID="48DB1023-366E-4322-86BC-0745D2129924" controlTypeID="Shape" x="0" y="0" w="150" h="189" zOrder="0">
          <font family="%E5%BE%AE%E8%BD%AF%E9%9B%85%E9%BB%91" displayName="%E5%BE%AE%E8%BD%AF%E9%9B%85%E9%BB%91" postScript="" weightStyle="Regular" weight="400" isBold="False" isItalic="False"/>
          <lineSpacing>16</lineSpacing>
          <selectedIndex>-1</selectedIndex>
        </control>
        <control controlID="A38C4F37-7A34-44E6-BEF1-74169A38492F" controlTypeID="Image" x="0" y="0" w="150" h="150" zOrder="1"/>
        <control controlID="D019C3DD-20FA-435C-A048-9980C6ADEAF2" controlTypeID="Label" x="4" y="169" w="44" h="16" zOrder="2">
          <font family="%E5%BE%AE%E8%BD%AF%E9%9B%85%E9%BB%91" displayName="%E5%BE%AE%E8%BD%AF%E9%9B%85%E9%BB%91" postScript="" weightStyle="Regular" weight="400" isBold="False" isItalic="False"/>
          <text>%EF%BF%A53000</text>
          <textSize>12</textSize>
          <lineSpacing>16</lineSpacing>
          <selectedIndex>-1</selectedIndex>
        </control>
        <control controlID="8978A792-09FC-4A6C-81E9-D4DEADD28AAE" controlTypeID="Label" x="4" y="153" w="89" h="16" zOrder="3">
          <font family="%E5%BE%AE%E8%BD%AF%E9%9B%85%E9%BB%91" displayName="%E5%BE%AE%E8%BD%AF%E9%9B%85%E9%BB%91" postScript="" weightStyle="Regular" weight="400" isBold="False" isItalic="False"/>
          <text>%E5%90%8D%E7%A7%B0%EF%BC%9A1101001</text>
          <textSize>12</textSize>
          <lineSpacing>16</lineSpacing>
          <selectedIndex>-1</selectedIndex>
        </control>
      </groupChildrenDescriptors>
    </control>
    <control controlID="FA99C523-4F3F-421E-8AD7-95AB695354D6" controlTypeID="__group__" x="227" y="1652" w="150" h="189" zOrder="24">
      <groupChildrenDescriptors>
        <control controlID="8B10B335-4445-45A8-BF2A-9FB60DF37906" controlTypeID="Shape" x="0" y="0" w="150" h="189" zOrder="0">
          <font family="%E5%BE%AE%E8%BD%AF%E9%9B%85%E9%BB%91" displayName="%E5%BE%AE%E8%BD%AF%E9%9B%85%E9%BB%91" postScript="" weightStyle="Regular" weight="400" isBold="False" isItalic="False"/>
          <lineSpacing>16</lineSpacing>
          <selectedIndex>-1</selectedIndex>
        </control>
        <control controlID="035971C0-55D4-4646-A46A-4A8A28357D3C" controlTypeID="Image" x="0" y="0" w="150" h="150" zOrder="1"/>
        <control controlID="BB1A653A-2798-40D4-91F3-D9D2BC17F7D1" controlTypeID="Label" x="4" y="169" w="44" h="16" zOrder="2">
          <font family="%E5%BE%AE%E8%BD%AF%E9%9B%85%E9%BB%91" displayName="%E5%BE%AE%E8%BD%AF%E9%9B%85%E9%BB%91" postScript="" weightStyle="Regular" weight="400" isBold="False" isItalic="False"/>
          <text>%EF%BF%A53000</text>
          <textSize>12</textSize>
          <lineSpacing>16</lineSpacing>
          <selectedIndex>-1</selectedIndex>
        </control>
        <control controlID="4CD4604F-3F9D-44D9-B1BE-62C3504F3879" controlTypeID="Label" x="4" y="153" w="89" h="16" zOrder="3">
          <font family="%E5%BE%AE%E8%BD%AF%E9%9B%85%E9%BB%91" displayName="%E5%BE%AE%E8%BD%AF%E9%9B%85%E9%BB%91" postScript="" weightStyle="Regular" weight="400" isBold="False" isItalic="False"/>
          <text>%E5%90%8D%E7%A7%B0%EF%BC%9A1101001</text>
          <textSize>12</textSize>
          <lineSpacing>16</lineSpacing>
          <selectedIndex>-1</selectedIndex>
        </control>
      </groupChildrenDescriptors>
    </control>
    <control controlID="6B45C8F5-E8B6-43EC-9EF3-7DCB230C2149" controlTypeID="__group__" x="227" y="1017" w="150" h="189" zOrder="25">
      <groupChildrenDescriptors>
        <control controlID="E247AFE1-F358-47BF-8260-84E53432A951" controlTypeID="Shape" x="0" y="0" w="150" h="189" zOrder="0">
          <font family="%E5%BE%AE%E8%BD%AF%E9%9B%85%E9%BB%91" displayName="%E5%BE%AE%E8%BD%AF%E9%9B%85%E9%BB%91" postScript="" weightStyle="Regular" weight="400" isBold="False" isItalic="False"/>
          <lineSpacing>16</lineSpacing>
          <selectedIndex>-1</selectedIndex>
        </control>
        <control controlID="0527B53F-53E7-4F3C-A8D9-CE3298FE074B" controlTypeID="Image" x="0" y="0" w="150" h="150" zOrder="1"/>
        <control controlID="CE515EC5-0D59-4B88-A77A-CB522464AD5C" controlTypeID="Label" x="4" y="169" w="44" h="16" zOrder="2">
          <font family="%E5%BE%AE%E8%BD%AF%E9%9B%85%E9%BB%91" displayName="%E5%BE%AE%E8%BD%AF%E9%9B%85%E9%BB%91" postScript="" weightStyle="Regular" weight="400" isBold="False" isItalic="False"/>
          <text>%EF%BF%A53000</text>
          <textSize>12</textSize>
          <lineSpacing>16</lineSpacing>
          <selectedIndex>-1</selectedIndex>
        </control>
        <control controlID="372591FA-FE1F-46F3-91A9-4DF21F2F6E80" controlTypeID="Label" x="4" y="153" w="89" h="16" zOrder="3">
          <font family="%E5%BE%AE%E8%BD%AF%E9%9B%85%E9%BB%91" displayName="%E5%BE%AE%E8%BD%AF%E9%9B%85%E9%BB%91" postScript="" weightStyle="Regular" weight="400" isBold="False" isItalic="False"/>
          <text>%E5%90%8D%E7%A7%B0%EF%BC%9A1101001</text>
          <textSize>12</textSize>
          <lineSpacing>16</lineSpacing>
          <selectedIndex>-1</selectedIndex>
        </control>
      </groupChildrenDescriptors>
    </control>
    <control controlID="F5620C4D-D3E4-41B4-825D-4F36E14A7269" controlTypeID="__group__" x="219" y="1433" w="150" h="189" zOrder="26">
      <groupChildrenDescriptors>
        <control controlID="ABDB5470-A28E-4A38-AB2E-09CAB84D631F" controlTypeID="Shape" x="0" y="0" w="150" h="189" zOrder="0">
          <font family="%E5%BE%AE%E8%BD%AF%E9%9B%85%E9%BB%91" displayName="%E5%BE%AE%E8%BD%AF%E9%9B%85%E9%BB%91" postScript="" weightStyle="Regular" weight="400" isBold="False" isItalic="False"/>
          <lineSpacing>16</lineSpacing>
          <selectedIndex>-1</selectedIndex>
        </control>
        <control controlID="D5A3D63A-98B2-4B9B-9BD3-8AA0326D956F" controlTypeID="Image" x="0" y="0" w="150" h="150" zOrder="1"/>
        <control controlID="F4C222CE-AFF9-49B3-BC24-F67CE987572A" controlTypeID="Label" x="4" y="169" w="44" h="16" zOrder="2">
          <font family="%E5%BE%AE%E8%BD%AF%E9%9B%85%E9%BB%91" displayName="%E5%BE%AE%E8%BD%AF%E9%9B%85%E9%BB%91" postScript="" weightStyle="Regular" weight="400" isBold="False" isItalic="False"/>
          <text>%EF%BF%A53000</text>
          <textSize>12</textSize>
          <lineSpacing>16</lineSpacing>
          <selectedIndex>-1</selectedIndex>
        </control>
        <control controlID="D6B10052-A35A-4F94-B814-048359799162" controlTypeID="Label" x="4" y="153" w="89" h="16" zOrder="3">
          <font family="%E5%BE%AE%E8%BD%AF%E9%9B%85%E9%BB%91" displayName="%E5%BE%AE%E8%BD%AF%E9%9B%85%E9%BB%91" postScript="" weightStyle="Regular" weight="400" isBold="False" isItalic="False"/>
          <text>%E5%90%8D%E7%A7%B0%EF%BC%9A1101001</text>
          <textSize>12</textSize>
          <lineSpacing>16</lineSpacing>
          <selectedIndex>-1</selectedIndex>
        </control>
      </groupChildrenDescriptors>
    </control>
    <control controlID="CE7E2F69-B4CB-42EC-8E5F-C699007D8056" controlTypeID="__group__" x="227" y="1853" w="150" h="189" zOrder="27">
      <groupChildrenDescriptors>
        <control controlID="70F62C6B-9056-4CA1-9E0E-276E84FC3177" controlTypeID="Shape" x="0" y="0" w="150" h="189" zOrder="0">
          <font family="%E5%BE%AE%E8%BD%AF%E9%9B%85%E9%BB%91" displayName="%E5%BE%AE%E8%BD%AF%E9%9B%85%E9%BB%91" postScript="" weightStyle="Regular" weight="400" isBold="False" isItalic="False"/>
          <lineSpacing>16</lineSpacing>
          <selectedIndex>-1</selectedIndex>
        </control>
        <control controlID="CC62DA78-DEDA-4686-89FA-31EA4280D0F1" controlTypeID="Image" x="0" y="0" w="150" h="150" zOrder="1"/>
        <control controlID="8F2279D9-FEB5-4077-8157-C651175A50C8" controlTypeID="Label" x="4" y="169" w="44" h="16" zOrder="2">
          <font family="%E5%BE%AE%E8%BD%AF%E9%9B%85%E9%BB%91" displayName="%E5%BE%AE%E8%BD%AF%E9%9B%85%E9%BB%91" postScript="" weightStyle="Regular" weight="400" isBold="False" isItalic="False"/>
          <text>%EF%BF%A53000</text>
          <textSize>12</textSize>
          <lineSpacing>16</lineSpacing>
          <selectedIndex>-1</selectedIndex>
        </control>
        <control controlID="90CD2B3F-0075-4BCF-B0AD-240C497B2F5F" controlTypeID="Label" x="4" y="153" w="89" h="16" zOrder="3">
          <font family="%E5%BE%AE%E8%BD%AF%E9%9B%85%E9%BB%91" displayName="%E5%BE%AE%E8%BD%AF%E9%9B%85%E9%BB%91" postScript="" weightStyle="Regular" weight="400" isBold="False" isItalic="False"/>
          <text>%E5%90%8D%E7%A7%B0%EF%BC%9A1101001</text>
          <textSize>12</textSize>
          <lineSpacing>16</lineSpacing>
          <selectedIndex>-1</selectedIndex>
        </control>
      </groupChildrenDescriptors>
    </control>
    <control controlID="9AA82ECE-F0E6-42EB-BAB8-DEC133F5C271" controlTypeID="__group__" x="417" y="1017" w="150" h="189" zOrder="28">
      <groupChildrenDescriptors>
        <control controlID="14AE0A6E-270D-40E1-89A6-4C268A884715" controlTypeID="Shape" x="0" y="0" w="150" h="189" zOrder="0">
          <font family="%E5%BE%AE%E8%BD%AF%E9%9B%85%E9%BB%91" displayName="%E5%BE%AE%E8%BD%AF%E9%9B%85%E9%BB%91" postScript="" weightStyle="Regular" weight="400" isBold="False" isItalic="False"/>
          <lineSpacing>16</lineSpacing>
          <selectedIndex>-1</selectedIndex>
        </control>
        <control controlID="E1E8A602-A9A6-4DB3-B4C4-A68C24A9A6A1" controlTypeID="Image" x="0" y="0" w="150" h="150" zOrder="1"/>
        <control controlID="9A656E59-4D24-4A3B-98E7-B5792AE8F6A2" controlTypeID="Label" x="4" y="169" w="44" h="16" zOrder="2">
          <font family="%E5%BE%AE%E8%BD%AF%E9%9B%85%E9%BB%91" displayName="%E5%BE%AE%E8%BD%AF%E9%9B%85%E9%BB%91" postScript="" weightStyle="Regular" weight="400" isBold="False" isItalic="False"/>
          <text>%EF%BF%A53000</text>
          <textSize>12</textSize>
          <lineSpacing>16</lineSpacing>
          <selectedIndex>-1</selectedIndex>
        </control>
        <control controlID="C72C112C-C8E0-4DDE-B364-922F65697512" controlTypeID="Label" x="4" y="153" w="89" h="16" zOrder="3">
          <font family="%E5%BE%AE%E8%BD%AF%E9%9B%85%E9%BB%91" displayName="%E5%BE%AE%E8%BD%AF%E9%9B%85%E9%BB%91" postScript="" weightStyle="Regular" weight="400" isBold="False" isItalic="False"/>
          <text>%E5%90%8D%E7%A7%B0%EF%BC%9A1101001</text>
          <textSize>12</textSize>
          <lineSpacing>16</lineSpacing>
          <selectedIndex>-1</selectedIndex>
        </control>
      </groupChildrenDescriptors>
    </control>
    <control controlID="C6C98D13-B25A-43B8-847D-B3589C163824" controlTypeID="__group__" x="409" y="1433" w="150" h="189" zOrder="29">
      <groupChildrenDescriptors>
        <control controlID="72597F40-2E57-4F2E-8739-A1B30D841A5F" controlTypeID="Shape" x="0" y="0" w="150" h="189" zOrder="0">
          <font family="%E5%BE%AE%E8%BD%AF%E9%9B%85%E9%BB%91" displayName="%E5%BE%AE%E8%BD%AF%E9%9B%85%E9%BB%91" postScript="" weightStyle="Regular" weight="400" isBold="False" isItalic="False"/>
          <lineSpacing>16</lineSpacing>
          <selectedIndex>-1</selectedIndex>
        </control>
        <control controlID="46850EB3-A3E1-4405-A136-38C704A46FFB" controlTypeID="Image" x="0" y="0" w="150" h="150" zOrder="1"/>
        <control controlID="A131CBB1-BA4D-4D9A-B685-AEF6169CF30E" controlTypeID="Label" x="4" y="169" w="44" h="16" zOrder="2">
          <font family="%E5%BE%AE%E8%BD%AF%E9%9B%85%E9%BB%91" displayName="%E5%BE%AE%E8%BD%AF%E9%9B%85%E9%BB%91" postScript="" weightStyle="Regular" weight="400" isBold="False" isItalic="False"/>
          <text>%EF%BF%A53000</text>
          <textSize>12</textSize>
          <lineSpacing>16</lineSpacing>
          <selectedIndex>-1</selectedIndex>
        </control>
        <control controlID="FD62E875-724B-448A-B625-5CC5F81F8978" controlTypeID="Label" x="4" y="153" w="89" h="16" zOrder="3">
          <font family="%E5%BE%AE%E8%BD%AF%E9%9B%85%E9%BB%91" displayName="%E5%BE%AE%E8%BD%AF%E9%9B%85%E9%BB%91" postScript="" weightStyle="Regular" weight="400" isBold="False" isItalic="False"/>
          <text>%E5%90%8D%E7%A7%B0%EF%BC%9A1101001</text>
          <textSize>12</textSize>
          <lineSpacing>16</lineSpacing>
          <selectedIndex>-1</selectedIndex>
        </control>
      </groupChildrenDescriptors>
    </control>
    <control controlID="C09CB57E-6158-4FE0-905F-5821FE5C368E" controlTypeID="__group__" x="417" y="1853" w="150" h="189" zOrder="30">
      <groupChildrenDescriptors>
        <control controlID="3DC6991A-DF86-47E4-B800-93C9C8B91A28" controlTypeID="Shape" x="0" y="0" w="150" h="189" zOrder="0">
          <font family="%E5%BE%AE%E8%BD%AF%E9%9B%85%E9%BB%91" displayName="%E5%BE%AE%E8%BD%AF%E9%9B%85%E9%BB%91" postScript="" weightStyle="Regular" weight="400" isBold="False" isItalic="False"/>
          <lineSpacing>16</lineSpacing>
          <selectedIndex>-1</selectedIndex>
        </control>
        <control controlID="E9FF68A3-00E8-4236-A73C-3C078F33C87D" controlTypeID="Image" x="0" y="0" w="150" h="150" zOrder="1"/>
        <control controlID="72A8E211-8331-47A4-97C3-0604C95F4BEB" controlTypeID="Label" x="4" y="169" w="44" h="16" zOrder="2">
          <font family="%E5%BE%AE%E8%BD%AF%E9%9B%85%E9%BB%91" displayName="%E5%BE%AE%E8%BD%AF%E9%9B%85%E9%BB%91" postScript="" weightStyle="Regular" weight="400" isBold="False" isItalic="False"/>
          <text>%EF%BF%A53000</text>
          <textSize>12</textSize>
          <lineSpacing>16</lineSpacing>
          <selectedIndex>-1</selectedIndex>
        </control>
        <control controlID="847CC3C8-5BDB-4CB4-BAE3-0036105C8F73" controlTypeID="Label" x="4" y="153" w="89" h="16" zOrder="3">
          <font family="%E5%BE%AE%E8%BD%AF%E9%9B%85%E9%BB%91" displayName="%E5%BE%AE%E8%BD%AF%E9%9B%85%E9%BB%91" postScript="" weightStyle="Regular" weight="400" isBold="False" isItalic="False"/>
          <text>%E5%90%8D%E7%A7%B0%EF%BC%9A1101001</text>
          <textSize>12</textSize>
          <lineSpacing>16</lineSpacing>
          <selectedIndex>-1</selectedIndex>
        </control>
      </groupChildrenDescriptors>
    </control>
    <control controlID="67CC435F-7302-4618-8EDE-1E37E60570BF" controlTypeID="__group__" x="607" y="1017" w="150" h="189" zOrder="31">
      <groupChildrenDescriptors>
        <control controlID="B9BC45FE-9C2E-4C39-B752-4EFBF90CE721" controlTypeID="Shape" x="0" y="0" w="150" h="189" zOrder="0">
          <font family="%E5%BE%AE%E8%BD%AF%E9%9B%85%E9%BB%91" displayName="%E5%BE%AE%E8%BD%AF%E9%9B%85%E9%BB%91" postScript="" weightStyle="Regular" weight="400" isBold="False" isItalic="False"/>
          <lineSpacing>16</lineSpacing>
          <selectedIndex>-1</selectedIndex>
        </control>
        <control controlID="8C956D9A-A9F5-49B4-8500-88C4892415C2" controlTypeID="Image" x="0" y="0" w="150" h="150" zOrder="1"/>
        <control controlID="9961A19A-00AD-4D6C-B20D-AE36AB742F23" controlTypeID="Label" x="4" y="169" w="44" h="16" zOrder="2">
          <font family="%E5%BE%AE%E8%BD%AF%E9%9B%85%E9%BB%91" displayName="%E5%BE%AE%E8%BD%AF%E9%9B%85%E9%BB%91" postScript="" weightStyle="Regular" weight="400" isBold="False" isItalic="False"/>
          <text>%EF%BF%A53000</text>
          <textSize>12</textSize>
          <lineSpacing>16</lineSpacing>
          <selectedIndex>-1</selectedIndex>
        </control>
        <control controlID="91AC3DA0-B2AC-40D4-BA67-B51E5378ECDC" controlTypeID="Label" x="4" y="153" w="89" h="16" zOrder="3">
          <font family="%E5%BE%AE%E8%BD%AF%E9%9B%85%E9%BB%91" displayName="%E5%BE%AE%E8%BD%AF%E9%9B%85%E9%BB%91" postScript="" weightStyle="Regular" weight="400" isBold="False" isItalic="False"/>
          <text>%E5%90%8D%E7%A7%B0%EF%BC%9A1101001</text>
          <textSize>12</textSize>
          <lineSpacing>16</lineSpacing>
          <selectedIndex>-1</selectedIndex>
        </control>
      </groupChildrenDescriptors>
    </control>
    <control controlID="8B86CE72-2028-4AEF-ABDD-0FFCCC161B5B" controlTypeID="__group__" x="599" y="1433" w="150" h="189" zOrder="32">
      <groupChildrenDescriptors>
        <control controlID="886FAE8C-0DAD-4782-BAE9-25AFEB9F0672" controlTypeID="Shape" x="0" y="0" w="150" h="189" zOrder="0">
          <font family="%E5%BE%AE%E8%BD%AF%E9%9B%85%E9%BB%91" displayName="%E5%BE%AE%E8%BD%AF%E9%9B%85%E9%BB%91" postScript="" weightStyle="Regular" weight="400" isBold="False" isItalic="False"/>
          <lineSpacing>16</lineSpacing>
          <selectedIndex>-1</selectedIndex>
        </control>
        <control controlID="232DB2FE-99C1-4011-984D-E72F5046F37F" controlTypeID="Image" x="0" y="0" w="150" h="150" zOrder="1"/>
        <control controlID="FAA2CEAC-FAD6-424D-B68F-14CCB8B6E580" controlTypeID="Label" x="4" y="169" w="44" h="16" zOrder="2">
          <font family="%E5%BE%AE%E8%BD%AF%E9%9B%85%E9%BB%91" displayName="%E5%BE%AE%E8%BD%AF%E9%9B%85%E9%BB%91" postScript="" weightStyle="Regular" weight="400" isBold="False" isItalic="False"/>
          <text>%EF%BF%A53000</text>
          <textSize>12</textSize>
          <lineSpacing>16</lineSpacing>
          <selectedIndex>-1</selectedIndex>
        </control>
        <control controlID="6DC9CFEF-B0DC-453C-A74B-975E92E95DF1" controlTypeID="Label" x="4" y="153" w="89" h="16" zOrder="3">
          <font family="%E5%BE%AE%E8%BD%AF%E9%9B%85%E9%BB%91" displayName="%E5%BE%AE%E8%BD%AF%E9%9B%85%E9%BB%91" postScript="" weightStyle="Regular" weight="400" isBold="False" isItalic="False"/>
          <text>%E5%90%8D%E7%A7%B0%EF%BC%9A1101001</text>
          <textSize>12</textSize>
          <lineSpacing>16</lineSpacing>
          <selectedIndex>-1</selectedIndex>
        </control>
      </groupChildrenDescriptors>
    </control>
    <control controlID="A014BD73-177D-457E-A88D-3803E6CFB76A" controlTypeID="__group__" x="607" y="1853" w="150" h="189" zOrder="33">
      <groupChildrenDescriptors>
        <control controlID="C419568C-8C11-4CEC-B77B-CC6E1DC9A053" controlTypeID="Shape" x="0" y="0" w="150" h="189" zOrder="0">
          <font family="%E5%BE%AE%E8%BD%AF%E9%9B%85%E9%BB%91" displayName="%E5%BE%AE%E8%BD%AF%E9%9B%85%E9%BB%91" postScript="" weightStyle="Regular" weight="400" isBold="False" isItalic="False"/>
          <lineSpacing>16</lineSpacing>
          <selectedIndex>-1</selectedIndex>
        </control>
        <control controlID="9F2386F7-2D64-467D-B79E-33B6E920B01E" controlTypeID="Image" x="0" y="0" w="150" h="150" zOrder="1"/>
        <control controlID="C88D420A-1F7A-4354-BA03-CE138333140F" controlTypeID="Label" x="4" y="169" w="44" h="16" zOrder="2">
          <font family="%E5%BE%AE%E8%BD%AF%E9%9B%85%E9%BB%91" displayName="%E5%BE%AE%E8%BD%AF%E9%9B%85%E9%BB%91" postScript="" weightStyle="Regular" weight="400" isBold="False" isItalic="False"/>
          <text>%EF%BF%A53000</text>
          <textSize>12</textSize>
          <lineSpacing>16</lineSpacing>
          <selectedIndex>-1</selectedIndex>
        </control>
        <control controlID="5D78665E-A86C-4423-A94F-A61CA2CA1E64" controlTypeID="Label" x="4" y="153" w="89" h="16" zOrder="3">
          <font family="%E5%BE%AE%E8%BD%AF%E9%9B%85%E9%BB%91" displayName="%E5%BE%AE%E8%BD%AF%E9%9B%85%E9%BB%91" postScript="" weightStyle="Regular" weight="400" isBold="False" isItalic="False"/>
          <text>%E5%90%8D%E7%A7%B0%EF%BC%9A1101001</text>
          <textSize>12</textSize>
          <lineSpacing>16</lineSpacing>
          <selectedIndex>-1</selectedIndex>
        </control>
      </groupChildrenDescriptors>
    </control>
    <control controlID="8831D9D5-1F09-4F74-B5A5-1FDCE8163EEF" controlTypeID="__group__" x="417" y="816" w="150" h="189" zOrder="34">
      <groupChildrenDescriptors>
        <control controlID="4047DC1A-A200-45F1-B066-613AF7D934D7" controlTypeID="Shape" x="0" y="0" w="150" h="189" zOrder="0">
          <font family="%E5%BE%AE%E8%BD%AF%E9%9B%85%E9%BB%91" displayName="%E5%BE%AE%E8%BD%AF%E9%9B%85%E9%BB%91" postScript="" weightStyle="Regular" weight="400" isBold="False" isItalic="False"/>
          <lineSpacing>16</lineSpacing>
          <selectedIndex>-1</selectedIndex>
        </control>
        <control controlID="99635FDA-248F-4733-84BE-EAB7604E00DA" controlTypeID="Image" x="0" y="0" w="150" h="150" zOrder="1"/>
        <control controlID="92FF8A2D-5D40-482B-83EA-60E54E443BF5" controlTypeID="Label" x="4" y="169" w="44" h="16" zOrder="2">
          <font family="%E5%BE%AE%E8%BD%AF%E9%9B%85%E9%BB%91" displayName="%E5%BE%AE%E8%BD%AF%E9%9B%85%E9%BB%91" postScript="" weightStyle="Regular" weight="400" isBold="False" isItalic="False"/>
          <text>%EF%BF%A53000</text>
          <textSize>12</textSize>
          <lineSpacing>16</lineSpacing>
          <selectedIndex>-1</selectedIndex>
        </control>
        <control controlID="BA199E5F-329A-4C4E-B6BB-ADEB3A76F91D" controlTypeID="Label" x="4" y="153" w="89" h="16" zOrder="3">
          <font family="%E5%BE%AE%E8%BD%AF%E9%9B%85%E9%BB%91" displayName="%E5%BE%AE%E8%BD%AF%E9%9B%85%E9%BB%91" postScript="" weightStyle="Regular" weight="400" isBold="False" isItalic="False"/>
          <text>%E5%90%8D%E7%A7%B0%EF%BC%9A1101001</text>
          <textSize>12</textSize>
          <lineSpacing>16</lineSpacing>
          <selectedIndex>-1</selectedIndex>
        </control>
      </groupChildrenDescriptors>
    </control>
    <control controlID="29051B5C-C137-4B2F-878E-CCEC012601AF" controlTypeID="__group__" x="409" y="1232" w="150" h="189" zOrder="35">
      <groupChildrenDescriptors>
        <control controlID="B63EB524-10FF-495A-B3AC-D42E50713D4C" controlTypeID="Shape" x="0" y="0" w="150" h="189" zOrder="0">
          <font family="%E5%BE%AE%E8%BD%AF%E9%9B%85%E9%BB%91" displayName="%E5%BE%AE%E8%BD%AF%E9%9B%85%E9%BB%91" postScript="" weightStyle="Regular" weight="400" isBold="False" isItalic="False"/>
          <lineSpacing>16</lineSpacing>
          <selectedIndex>-1</selectedIndex>
        </control>
        <control controlID="FF8F7605-5603-445E-80B8-0CB0121A6B33" controlTypeID="Image" x="0" y="0" w="150" h="150" zOrder="1"/>
        <control controlID="504085E9-88C0-4238-BCA2-E9594C35F375" controlTypeID="Label" x="4" y="169" w="44" h="16" zOrder="2">
          <font family="%E5%BE%AE%E8%BD%AF%E9%9B%85%E9%BB%91" displayName="%E5%BE%AE%E8%BD%AF%E9%9B%85%E9%BB%91" postScript="" weightStyle="Regular" weight="400" isBold="False" isItalic="False"/>
          <text>%EF%BF%A53000</text>
          <textSize>12</textSize>
          <lineSpacing>16</lineSpacing>
          <selectedIndex>-1</selectedIndex>
        </control>
        <control controlID="CD83C05E-9E7F-41BE-B330-DB73D6DFEFF4" controlTypeID="Label" x="4" y="153" w="89" h="16" zOrder="3">
          <font family="%E5%BE%AE%E8%BD%AF%E9%9B%85%E9%BB%91" displayName="%E5%BE%AE%E8%BD%AF%E9%9B%85%E9%BB%91" postScript="" weightStyle="Regular" weight="400" isBold="False" isItalic="False"/>
          <text>%E5%90%8D%E7%A7%B0%EF%BC%9A1101001</text>
          <textSize>12</textSize>
          <lineSpacing>16</lineSpacing>
          <selectedIndex>-1</selectedIndex>
        </control>
      </groupChildrenDescriptors>
    </control>
    <control controlID="BFE7EC15-5084-43FA-9CD4-C28FDFB6D4A3" controlTypeID="__group__" x="417" y="1652" w="150" h="189" zOrder="36">
      <groupChildrenDescriptors>
        <control controlID="DECB407C-FB33-4601-BDFA-6E51EE5989DB" controlTypeID="Shape" x="0" y="0" w="150" h="189" zOrder="0">
          <font family="%E5%BE%AE%E8%BD%AF%E9%9B%85%E9%BB%91" displayName="%E5%BE%AE%E8%BD%AF%E9%9B%85%E9%BB%91" postScript="" weightStyle="Regular" weight="400" isBold="False" isItalic="False"/>
          <lineSpacing>16</lineSpacing>
          <selectedIndex>-1</selectedIndex>
        </control>
        <control controlID="6FD92608-54A0-4722-A5B0-B0A826A537B7" controlTypeID="Image" x="0" y="0" w="150" h="150" zOrder="1"/>
        <control controlID="F535D19D-9EA2-4EBD-90B6-AA817409332F" controlTypeID="Label" x="4" y="169" w="44" h="16" zOrder="2">
          <font family="%E5%BE%AE%E8%BD%AF%E9%9B%85%E9%BB%91" displayName="%E5%BE%AE%E8%BD%AF%E9%9B%85%E9%BB%91" postScript="" weightStyle="Regular" weight="400" isBold="False" isItalic="False"/>
          <text>%EF%BF%A53000</text>
          <textSize>12</textSize>
          <lineSpacing>16</lineSpacing>
          <selectedIndex>-1</selectedIndex>
        </control>
        <control controlID="D59B2B37-E406-4317-9437-0935651F8D23" controlTypeID="Label" x="4" y="153" w="89" h="16" zOrder="3">
          <font family="%E5%BE%AE%E8%BD%AF%E9%9B%85%E9%BB%91" displayName="%E5%BE%AE%E8%BD%AF%E9%9B%85%E9%BB%91" postScript="" weightStyle="Regular" weight="400" isBold="False" isItalic="False"/>
          <text>%E5%90%8D%E7%A7%B0%EF%BC%9A1101001</text>
          <textSize>12</textSize>
          <lineSpacing>16</lineSpacing>
          <selectedIndex>-1</selectedIndex>
        </control>
      </groupChildrenDescriptors>
    </control>
    <control controlID="E8E516E0-6D8A-4AF7-ADDA-E1B5AD14A691" controlTypeID="__group__" x="607" y="816" w="150" h="189" zOrder="37">
      <groupChildrenDescriptors>
        <control controlID="F4B88FA2-455D-4234-90B3-99DAE20336E5" controlTypeID="Shape" x="0" y="0" w="150" h="189" zOrder="0">
          <font family="%E5%BE%AE%E8%BD%AF%E9%9B%85%E9%BB%91" displayName="%E5%BE%AE%E8%BD%AF%E9%9B%85%E9%BB%91" postScript="" weightStyle="Regular" weight="400" isBold="False" isItalic="False"/>
          <lineSpacing>16</lineSpacing>
          <selectedIndex>-1</selectedIndex>
        </control>
        <control controlID="225A7A74-BBEE-47D3-8B5E-BC95A86EF6DF" controlTypeID="Image" x="0" y="0" w="150" h="150" zOrder="1"/>
        <control controlID="D792AA4E-0FC2-49D9-80C1-33C5E5548739" controlTypeID="Label" x="4" y="169" w="44" h="16" zOrder="2">
          <font family="%E5%BE%AE%E8%BD%AF%E9%9B%85%E9%BB%91" displayName="%E5%BE%AE%E8%BD%AF%E9%9B%85%E9%BB%91" postScript="" weightStyle="Regular" weight="400" isBold="False" isItalic="False"/>
          <text>%EF%BF%A53000</text>
          <textSize>12</textSize>
          <lineSpacing>16</lineSpacing>
          <selectedIndex>-1</selectedIndex>
        </control>
        <control controlID="3CFE3F07-B69F-4121-AF25-E711DA3F208B" controlTypeID="Label" x="4" y="153" w="89" h="16" zOrder="3">
          <font family="%E5%BE%AE%E8%BD%AF%E9%9B%85%E9%BB%91" displayName="%E5%BE%AE%E8%BD%AF%E9%9B%85%E9%BB%91" postScript="" weightStyle="Regular" weight="400" isBold="False" isItalic="False"/>
          <text>%E5%90%8D%E7%A7%B0%EF%BC%9A1101001</text>
          <textSize>12</textSize>
          <lineSpacing>16</lineSpacing>
          <selectedIndex>-1</selectedIndex>
        </control>
      </groupChildrenDescriptors>
    </control>
    <control controlID="D079E778-E23D-4800-A579-3FA3A6FE0F5D" controlTypeID="__group__" x="599" y="1232" w="150" h="189" zOrder="38">
      <groupChildrenDescriptors>
        <control controlID="D26FDDFF-B86D-4330-8429-A0BA3F54F737" controlTypeID="Shape" x="0" y="0" w="150" h="189" zOrder="0">
          <font family="%E5%BE%AE%E8%BD%AF%E9%9B%85%E9%BB%91" displayName="%E5%BE%AE%E8%BD%AF%E9%9B%85%E9%BB%91" postScript="" weightStyle="Regular" weight="400" isBold="False" isItalic="False"/>
          <lineSpacing>16</lineSpacing>
          <selectedIndex>-1</selectedIndex>
        </control>
        <control controlID="90412DEC-553C-4F8C-8D9C-7A6CA2A26388" controlTypeID="Image" x="0" y="0" w="150" h="150" zOrder="1"/>
        <control controlID="7EE32524-75F4-4216-8B75-3AE864F714C9" controlTypeID="Label" x="4" y="169" w="44" h="16" zOrder="2">
          <font family="%E5%BE%AE%E8%BD%AF%E9%9B%85%E9%BB%91" displayName="%E5%BE%AE%E8%BD%AF%E9%9B%85%E9%BB%91" postScript="" weightStyle="Regular" weight="400" isBold="False" isItalic="False"/>
          <text>%EF%BF%A53000</text>
          <textSize>12</textSize>
          <lineSpacing>16</lineSpacing>
          <selectedIndex>-1</selectedIndex>
        </control>
        <control controlID="79BFDF74-7698-4849-99CA-3D18F71746A1" controlTypeID="Label" x="4" y="153" w="89" h="16" zOrder="3">
          <font family="%E5%BE%AE%E8%BD%AF%E9%9B%85%E9%BB%91" displayName="%E5%BE%AE%E8%BD%AF%E9%9B%85%E9%BB%91" postScript="" weightStyle="Regular" weight="400" isBold="False" isItalic="False"/>
          <text>%E5%90%8D%E7%A7%B0%EF%BC%9A1101001</text>
          <textSize>12</textSize>
          <lineSpacing>16</lineSpacing>
          <selectedIndex>-1</selectedIndex>
        </control>
      </groupChildrenDescriptors>
    </control>
    <control controlID="59387AC0-1AD4-45B0-A373-35CC6C73A7D0" controlTypeID="__group__" x="607" y="1652" w="150" h="189" zOrder="39">
      <groupChildrenDescriptors>
        <control controlID="44145606-B901-431A-9875-54E44C3E74B3" controlTypeID="Shape" x="0" y="0" w="150" h="189" zOrder="0">
          <font family="%E5%BE%AE%E8%BD%AF%E9%9B%85%E9%BB%91" displayName="%E5%BE%AE%E8%BD%AF%E9%9B%85%E9%BB%91" postScript="" weightStyle="Regular" weight="400" isBold="False" isItalic="False"/>
          <lineSpacing>16</lineSpacing>
          <selectedIndex>-1</selectedIndex>
        </control>
        <control controlID="4F610D2A-2002-454E-8177-8FAF85932359" controlTypeID="Image" x="0" y="0" w="150" h="150" zOrder="1"/>
        <control controlID="2F2B4FDE-59C8-406F-815A-AD797488B81E" controlTypeID="Label" x="4" y="169" w="44" h="16" zOrder="2">
          <font family="%E5%BE%AE%E8%BD%AF%E9%9B%85%E9%BB%91" displayName="%E5%BE%AE%E8%BD%AF%E9%9B%85%E9%BB%91" postScript="" weightStyle="Regular" weight="400" isBold="False" isItalic="False"/>
          <text>%EF%BF%A53000</text>
          <textSize>12</textSize>
          <lineSpacing>16</lineSpacing>
          <selectedIndex>-1</selectedIndex>
        </control>
        <control controlID="5483F5A2-4A97-4F78-B16B-768D381CAF17" controlTypeID="Label" x="4" y="153" w="89" h="16" zOrder="3">
          <font family="%E5%BE%AE%E8%BD%AF%E9%9B%85%E9%BB%91" displayName="%E5%BE%AE%E8%BD%AF%E9%9B%85%E9%BB%91" postScript="" weightStyle="Regular" weight="400" isBold="False" isItalic="False"/>
          <text>%E5%90%8D%E7%A7%B0%EF%BC%9A1101001</text>
          <textSize>12</textSize>
          <lineSpacing>16</lineSpacing>
          <selectedIndex>-1</selectedIndex>
        </control>
      </groupChildrenDescriptors>
    </control>
    <control controlID="4C96B975-C8BF-47C4-BAC7-67B38A3D879A" controlTypeID="__group__" x="417" y="540" w="150" h="189" zOrder="40">
      <groupChildrenDescriptors>
        <control controlID="AB8EF5CD-0C23-48C9-95CC-808BC51C017B" controlTypeID="Shape" x="0" y="0" w="150" h="189" zOrder="0">
          <font family="%E5%BE%AE%E8%BD%AF%E9%9B%85%E9%BB%91" displayName="%E5%BE%AE%E8%BD%AF%E9%9B%85%E9%BB%91" postScript="" weightStyle="Regular" weight="400" isBold="False" isItalic="False"/>
          <lineSpacing>16</lineSpacing>
          <selectedIndex>-1</selectedIndex>
        </control>
        <control controlID="59E1EA81-D2D7-4D8F-ABB2-B416CF4F8F3B" controlTypeID="Image" x="0" y="0" w="150" h="150" zOrder="1"/>
        <control controlID="08A92D60-D067-4804-9993-0B62FB5E3A00" controlTypeID="Label" x="4" y="169" w="44" h="16" zOrder="2">
          <font family="%E5%BE%AE%E8%BD%AF%E9%9B%85%E9%BB%91" displayName="%E5%BE%AE%E8%BD%AF%E9%9B%85%E9%BB%91" postScript="" weightStyle="Regular" weight="400" isBold="False" isItalic="False"/>
          <text>%EF%BF%A53000</text>
          <textSize>12</textSize>
          <lineSpacing>16</lineSpacing>
          <selectedIndex>-1</selectedIndex>
        </control>
        <control controlID="5895B6ED-3D20-4D86-B62B-49AAD1AD7790" controlTypeID="Label" x="4" y="153" w="89" h="16" zOrder="3">
          <font family="%E5%BE%AE%E8%BD%AF%E9%9B%85%E9%BB%91" displayName="%E5%BE%AE%E8%BD%AF%E9%9B%85%E9%BB%91" postScript="" weightStyle="Regular" weight="400" isBold="False" isItalic="False"/>
          <text>%E5%90%8D%E7%A7%B0%EF%BC%9A1101001</text>
          <textSize>12</textSize>
          <lineSpacing>16</lineSpacing>
          <selectedIndex>-1</selectedIndex>
        </control>
      </groupChildrenDescriptors>
    </control>
    <control controlID="DB4B156D-CBD6-4373-9CFA-39D8534B356F" controlTypeID="__group__" x="607" y="540" w="150" h="189" zOrder="41">
      <groupChildrenDescriptors>
        <control controlID="20964360-0E09-4919-8C46-373D59CFAC46" controlTypeID="Shape" x="0" y="0" w="150" h="189" zOrder="0">
          <font family="%E5%BE%AE%E8%BD%AF%E9%9B%85%E9%BB%91" displayName="%E5%BE%AE%E8%BD%AF%E9%9B%85%E9%BB%91" postScript="" weightStyle="Regular" weight="400" isBold="False" isItalic="False"/>
          <lineSpacing>16</lineSpacing>
          <selectedIndex>-1</selectedIndex>
        </control>
        <control controlID="A87EAA90-5518-4A1B-B7B6-4C09AE0E7ADD" controlTypeID="Image" x="0" y="0" w="150" h="150" zOrder="1"/>
        <control controlID="5F433BAD-D5D8-4DF2-A16C-200CD44D8707" controlTypeID="Label" x="4" y="169" w="44" h="16" zOrder="2">
          <font family="%E5%BE%AE%E8%BD%AF%E9%9B%85%E9%BB%91" displayName="%E5%BE%AE%E8%BD%AF%E9%9B%85%E9%BB%91" postScript="" weightStyle="Regular" weight="400" isBold="False" isItalic="False"/>
          <text>%EF%BF%A53000</text>
          <textSize>12</textSize>
          <lineSpacing>16</lineSpacing>
          <selectedIndex>-1</selectedIndex>
        </control>
        <control controlID="057CBF70-8F5E-49D9-8A79-03E80DA6CF86" controlTypeID="Label" x="4" y="153" w="89" h="16" zOrder="3">
          <font family="%E5%BE%AE%E8%BD%AF%E9%9B%85%E9%BB%91" displayName="%E5%BE%AE%E8%BD%AF%E9%9B%85%E9%BB%91" postScript="" weightStyle="Regular" weight="400" isBold="False" isItalic="False"/>
          <text>%E5%90%8D%E7%A7%B0%EF%BC%9A1101001</text>
          <textSize>12</textSize>
          <lineSpacing>16</lineSpacing>
          <selectedIndex>-1</selectedIndex>
        </control>
      </groupChildrenDescriptors>
    </control>
    <control controlID="05362138-8EEA-4A02-8B6F-759B171B87E2" controlTypeID="__group__" x="37" y="816" w="168" h="390" zOrder="42">
      <groupChildrenDescriptors>
        <control controlID="3A1DD068-958C-4676-AF47-D3DE282D5315" controlTypeID="Shape" x="0" y="0" w="168" h="390" zOrder="0">
          <font family="%E5%BE%AE%E8%BD%AF%E9%9B%85%E9%BB%91" displayName="%E5%BE%AE%E8%BD%AF%E9%9B%85%E9%BB%91" postScript="" weightStyle="Regular" weight="400" isBold="False" isItalic="False"/>
          <lineSpacing>16</lineSpacing>
          <selectedIndex>-1</selectedIndex>
        </control>
        <control controlID="943CDEF1-841B-47C0-889C-2030B74F7F47" controlTypeID="Image" x="0" y="0" w="168" h="271" zOrder="1"/>
        <control controlID="CE302290-0F6D-4AB6-BD1C-77FB4B88AB87" controlTypeID="Label" x="44" y="301" w="66" h="37" zOrder="2">
          <font family="%E5%BE%AE%E8%BD%AF%E9%9B%85%E9%BB%91" displayName="%E5%BE%AE%E8%BD%AF%E9%9B%85%E9%BB%91" postScript="" weightStyle="Regular" weight="400" isBold="False" isItalic="False"/>
          <text>%E6%9C%80%E6%96%B0</text>
          <textSize>28</textSize>
          <lineSpacing>37</lineSpacing>
          <useDefaultTextSize>False</useDefaultTextSize>
          <selectedIndex>-1</selectedIndex>
        </control>
      </groupChildrenDescriptors>
    </control>
    <control controlID="45C51BFA-D4D1-4CA0-A6D7-0C79789E9BC1" controlTypeID="Shape" x="29" y="1232" w="168" h="390" zOrder="43">
      <font family="%E5%BE%AE%E8%BD%AF%E9%9B%85%E9%BB%91" displayName="%E5%BE%AE%E8%BD%AF%E9%9B%85%E9%BB%91" postScript="" weightStyle="Regular" weight="400" isBold="False" isItalic="False"/>
      <lineSpacing>16</lineSpacing>
      <selectedIndex>-1</selectedIndex>
    </control>
    <control controlID="997B7573-AE79-4E83-BB16-0F7DE51ADAC0" controlTypeID="Shape" x="39" y="1652" w="168" h="390" zOrder="44">
      <font family="%E5%BE%AE%E8%BD%AF%E9%9B%85%E9%BB%91" displayName="%E5%BE%AE%E8%BD%AF%E9%9B%85%E9%BB%91" postScript="" weightStyle="Regular" weight="400" isBold="False" isItalic="False"/>
      <lineSpacing>16</lineSpacing>
      <selectedIndex>-1</selectedIndex>
    </control>
    <control controlID="0C4447BA-496A-4CAE-863D-41C2FCEEFAAC" controlTypeID="Image" x="29" y="1232" w="168" h="271" zOrder="45"/>
    <control controlID="38BD8719-7786-4326-B6E8-FF6F52CE0FFC" controlTypeID="Image" x="39" y="1652" w="168" h="271" zOrder="46"/>
    <control controlID="E3CB76FF-EF77-4AD3-A9EE-04BF0FDDBA0E" controlTypeID="Label" x="81" y="1500" w="66" h="37" zOrder="47">
      <font family="%E5%BE%AE%E8%BD%AF%E9%9B%85%E9%BB%91" displayName="%E5%BE%AE%E8%BD%AF%E9%9B%85%E9%BB%91" postScript="" weightStyle="Regular" weight="400" isBold="False" isItalic="False"/>
      <text>%E7%8E%89%E7%9F%B3</text>
      <textSize>28</textSize>
      <lineSpacing>37</lineSpacing>
      <useDefaultTextSize>False</useDefaultTextSize>
      <selectedIndex>-1</selectedIndex>
    </control>
    <control controlID="13E1AB79-38A4-467B-A99C-783AF225BB11" controlTypeID="Label" x="81" y="1911" w="121" h="37" zOrder="48">
      <font family="%E5%BE%AE%E8%BD%AF%E9%9B%85%E9%BB%91" displayName="%E5%BE%AE%E8%BD%AF%E9%9B%85%E9%BB%91" postScript="" weightStyle="Regular" weight="400" isBold="False" isItalic="False"/>
      <text>%E7%94%B5%E5%AD%90%E4%BA%A7%E5%93%81</text>
      <textSize>28</textSize>
      <lineSpacing>37</lineSpacing>
      <useDefaultTextSize>False</useDefaultTextSize>
      <selectedIndex>-1</selectedIndex>
    </control>
    <control controlID="E628417A-4748-4DEC-9F10-0761201281D0" controlTypeID="Master" x="0" y="2113" w="800" h="487" zOrder="49" masterID="8684CB1E-D6BF-4730-9F20-ED6DFE64752E">
      <groupChildrenDescriptors>
        <control controlID="19C78AE8-B978-478E-8BD0-CB0C604B41CD" controlTypeID="Line" x="4" y="166" w="792" h="2" zOrder="0">
          <font family="%E5%BE%AE%E8%BD%AF%E9%9B%85%E9%BB%91" displayName="%E5%BE%AE%E8%BD%AF%E9%9B%85%E9%BB%91" postScript="" weightStyle="Regular" weight="400" isBold="False" isItalic="False"/>
          <lineSpacing>16</lineSpacing>
          <selectedIndex>-1</selectedIndex>
          <controlPoint>(396,1)</controlPoint>
          <startPoint>(0,1)</startPoint>
          <endPoint>(792,1)</endPoint>
        </control>
        <control controlID="C96AAC64-C210-4DE4-A5A7-8E098E0A471D" controlTypeID="Shape" x="0" y="236" w="800" h="210" zOrder="1">
          <color>4294111986</color>
          <font family="%E5%BE%AE%E8%BD%AF%E9%9B%85%E9%BB%91" displayName="%E5%BE%AE%E8%BD%AF%E9%9B%85%E9%BB%91" postScript="" weightStyle="Regular" weight="400" isBold="False" isItalic="False"/>
          <lineSpacing>16</lineSpacing>
          <selectedIndex>-1</selectedIndex>
        </control>
        <control controlID="898DC447-E75F-473F-9386-B32BC9AF7678" controlTypeID="Shape" x="0" y="446" w="800" h="41" zOrder="2">
          <color>4281742902</color>
          <font family="%E5%BE%AE%E8%BD%AF%E9%9B%85%E9%BB%91" displayName="%E5%BE%AE%E8%BD%AF%E9%9B%85%E9%BB%91" postScript="" weightStyle="Regular" weight="400" isBold="False" isItalic="False"/>
          <text>%E5%A4%87%E6%A1%88%E5%8F%B7%EF%BC%9A009001010101</text>
          <lineSpacing>16</lineSpacing>
          <selectedIndex>-1</selectedIndex>
        </control>
        <control controlID="4D6BE7F4-B82E-4341-AFCE-EE4081B58017" controlTypeID="Label" x="356" y="0" w="70" h="22" zOrder="3">
          <font family="%E5%BE%AE%E8%BD%AF%E9%9B%85%E9%BB%91" displayName="%E5%BE%AE%E8%BD%AF%E9%9B%85%E9%BB%91" postScript="" weightStyle="Regular" weight="400" isBold="False" isItalic="False"/>
          <text>%E5%85%A8%E6%B0%91%E5%BD%93%E9%93%BA</text>
          <textSize>16</textSize>
          <lineSpacing>21</lineSpacing>
          <useDefaultTextSize>False</useDefaultTextSize>
          <selectedIndex>-1</selectedIndex>
        </control>
        <control controlID="907664A4-22D1-4E42-A0AE-C7606F9C864A" controlTypeID="Line" x="33" y="10" w="310" h="2" zOrder="4">
          <font family="%E5%BE%AE%E8%BD%AF%E9%9B%85%E9%BB%91" displayName="%E5%BE%AE%E8%BD%AF%E9%9B%85%E9%BB%91" postScript="" weightStyle="Regular" weight="400" isBold="False" isItalic="False"/>
          <lineSpacing>16</lineSpacing>
          <selectedIndex>-1</selectedIndex>
          <controlPoint>(156,1)</controlPoint>
          <startPoint>(1,1)</startPoint>
          <endPoint>(310,1)</endPoint>
        </control>
        <control controlID="590A24D4-D6F4-4D67-9F32-B3EEC6B06D1D" controlTypeID="Line" x="436" y="10" w="314" h="2" zOrder="5">
          <font family="%E5%BE%AE%E8%BD%AF%E9%9B%85%E9%BB%91" displayName="%E5%BE%AE%E8%BD%AF%E9%9B%85%E9%BB%91" postScript="" weightStyle="Regular" weight="400" isBold="False" isItalic="False"/>
          <lineSpacing>16</lineSpacing>
          <selectedIndex>-1</selectedIndex>
          <controlPoint>(158,1)</controlPoint>
          <startPoint>(1,1)</startPoint>
          <endPoint>(314,1)</endPoint>
        </control>
        <control controlID="5A2DC7E2-F84B-4970-BB78-592A99AC5E44" controlTypeID="Circle" x="53" y="75" w="43" h="43" zOrder="6">
          <color>4291611852</color>
          <font family="%E5%BE%AE%E8%BD%AF%E9%9B%85%E9%BB%91" displayName="%E5%BE%AE%E8%BD%AF%E9%9B%85%E9%BB%91" postScript="" weightStyle="Regular" weight="400" isBold="False" isItalic="False"/>
          <text>%E4%BC%98</text>
          <textSize>16</textSize>
          <lineSpacing>21</lineSpacing>
          <useDefaultTextSize>False</useDefaultTextSize>
          <selectedIndex>-1</selectedIndex>
          <shapeBorderType>SbEllipse</shapeBorderType>
        </control>
        <control controlID="AA620D31-0923-44A5-B2E5-55D4EE7E759F" controlTypeID="Circle" x="305" y="75" w="43" h="43" zOrder="7">
          <color>4291611852</color>
          <font family="%E5%BE%AE%E8%BD%AF%E9%9B%85%E9%BB%91" displayName="%E5%BE%AE%E8%BD%AF%E9%9B%85%E9%BB%91" postScript="" weightStyle="Regular" weight="400" isBold="False" isItalic="False"/>
          <text>%E4%BF%9D</text>
          <textSize>16</textSize>
          <lineSpacing>21</lineSpacing>
          <useDefaultTextSize>False</useDefaultTextSize>
          <selectedIndex>-1</selectedIndex>
          <shapeBorderType>SbEllipse</shapeBorderType>
        </control>
        <control controlID="ECBAE5DA-A4BD-4BE3-92C2-A144A9EC603A" controlTypeID="Circle" x="578" y="75" w="43" h="43" zOrder="8">
          <color>4291611852</color>
          <font family="%E5%BE%AE%E8%BD%AF%E9%9B%85%E9%BB%91" displayName="%E5%BE%AE%E8%BD%AF%E9%9B%85%E9%BB%91" postScript="" weightStyle="Regular" weight="400" isBold="False" isItalic="False"/>
          <text>%E8%AF%9A%E4%BF%A1</text>
          <textSize>16</textSize>
          <lineSpacing>21</lineSpacing>
          <useDefaultTextSize>False</useDefaultTextSize>
          <selectedIndex>-1</selectedIndex>
          <shapeBorderType>SbEllipse</shapeBorderType>
        </control>
        <control controlID="9CB91BD9-5FCB-4302-97DA-65BFDB88A671" controlTypeID="Label" x="106" y="76" w="52" h="16" zOrder="9">
          <font family="%E5%BE%AE%E8%BD%AF%E9%9B%85%E9%BB%91" displayName="%E5%BE%AE%E8%BD%AF%E9%9B%85%E9%BB%91" postScript="" weightStyle="Regular" weight="400" isBold="False" isItalic="False"/>
          <text>%E5%93%81%E8%B4%A8%E4%BF%9D%E8%AF%81</text>
          <textSize>12</textSize>
          <lineSpacing>16</lineSpacing>
          <useDefaultTextSize>False</useDefaultTextSize>
          <selectedIndex>-1</selectedIndex>
        </control>
        <control controlID="59249897-A5B0-4526-AE70-897EA718B330" controlTypeID="Label" x="358" y="76" w="52" h="16" zOrder="10">
          <font family="%E5%BE%AE%E8%BD%AF%E9%9B%85%E9%BB%91" displayName="%E5%BE%AE%E8%BD%AF%E9%9B%85%E9%BB%91" postScript="" weightStyle="Regular" weight="400" isBold="False" isItalic="False"/>
          <text>%E4%BA%A4%E6%98%93%E4%BF%9D%E8%AF%81</text>
          <textSize>12</textSize>
          <lineSpacing>16</lineSpacing>
          <useDefaultTextSize>False</useDefaultTextSize>
          <selectedIndex>-1</selectedIndex>
        </control>
        <control controlID="D6DBBC9E-F26E-423C-8597-371F54FD8A21" controlTypeID="Label" x="631" y="76" w="52" h="16" zOrder="11">
          <font family="%E5%BE%AE%E8%BD%AF%E9%9B%85%E9%BB%91" displayName="%E5%BE%AE%E8%BD%AF%E9%9B%85%E9%BB%91" postScript="" weightStyle="Regular" weight="400" isBold="False" isItalic="False"/>
          <text>%E8%AF%9A%E4%BF%A1%E4%BF%9D%E8%AF%81</text>
          <textSize>12</textSize>
          <lineSpacing>16</lineSpacing>
          <useDefaultTextSize>False</useDefaultTextSize>
          <selectedIndex>-1</selectedIndex>
        </control>
        <control controlID="3B90E59F-CB98-4471-9A5C-2B581D923F31" controlTypeID="Label" x="106" y="97" w="96" h="15" zOrder="12">
          <font family="%E5%BE%AE%E8%BD%AF%E9%9B%85%E9%BB%91" displayName="%E5%BE%AE%E8%BD%AF%E9%9B%85%E9%BB%91" postScript="" weightStyle="Regular" weight="400" isBold="False" isItalic="False"/>
          <text>%E5%93%81%E8%B4%A8%E6%8A%A4%E8%88%AA+%E8%B4%AD%E7%89%A9%E6%97%A0%E5%BF%A7</text>
          <textSize>11</textSize>
          <lineSpacing>15</lineSpacing>
          <useDefaultTextSize>False</useDefaultTextSize>
          <selectedIndex>-1</selectedIndex>
        </control>
        <control controlID="6A5E627D-BA40-440B-8187-A6ED120DED05" controlTypeID="Label" x="358" y="97" w="118" h="15" zOrder="13">
          <font family="%E5%BE%AE%E8%BD%AF%E9%9B%85%E9%BB%91" displayName="%E5%BE%AE%E8%BD%AF%E9%9B%85%E9%BB%91" postScript="" weightStyle="Regular" weight="400" isBold="False" isItalic="False"/>
          <text>%E7%BA%BF%E4%B8%8B%E4%BA%A4%E6%98%93+%E6%9C%80%E5%AE%89%E5%85%A8%E7%9A%84%E4%BF%9D%E9%9A%9C</text>
          <textSize>11</textSize>
          <lineSpacing>15</lineSpacing>
          <useDefaultTextSize>False</useDefaultTextSize>
          <selectedIndex>-1</selectedIndex>
        </control>
        <control controlID="B05E4A83-54FA-4E88-8710-D86AB9A06762" controlTypeID="Label" x="631" y="97" w="96" h="15" zOrder="14">
          <font family="%E5%BE%AE%E8%BD%AF%E9%9B%85%E9%BB%91" displayName="%E5%BE%AE%E8%BD%AF%E9%9B%85%E9%BB%91" postScript="" weightStyle="Regular" weight="400" isBold="False" isItalic="False"/>
          <text>%E8%AF%9A%E4%BF%A1%E5%95%86%E9%93%BA+%E8%AF%9A%E6%84%8F%E5%BE%85%E4%BA%BA</text>
          <textSize>11</textSize>
          <lineSpacing>15</lineSpacing>
          <useDefaultTextSize>False</useDefaultTextSize>
          <selectedIndex>-1</selectedIndex>
        </control>
        <control controlID="09AF32B4-65A9-4BF7-85E6-A6D43DED2F3A" controlTypeID="Line" x="243" y="80" w="2" h="24" zOrder="15">
          <font family="%E5%BE%AE%E8%BD%AF%E9%9B%85%E9%BB%91" displayName="%E5%BE%AE%E8%BD%AF%E9%9B%85%E9%BB%91" postScript="" weightStyle="Regular" weight="400" isBold="False" isItalic="False"/>
          <lineSpacing>16</lineSpacing>
          <selectedIndex>-1</selectedIndex>
          <controlPoint>(1,12)</controlPoint>
          <startPoint>(1,0)</startPoint>
          <endPoint>(1,24)</endPoint>
        </control>
        <control controlID="35F663CB-1660-4A08-82AE-869203AF44AB" controlTypeID="Line" x="525" y="80" w="2" h="24" zOrder="16">
          <font family="%E5%BE%AE%E8%BD%AF%E9%9B%85%E9%BB%91" displayName="%E5%BE%AE%E8%BD%AF%E9%9B%85%E9%BB%91" postScript="" weightStyle="Regular" weight="400" isBold="False" isItalic="False"/>
          <lineSpacing>16</lineSpacing>
          <selectedIndex>-1</selectedIndex>
          <controlPoint>(1,12)</controlPoint>
          <startPoint>(1,0)</startPoint>
          <endPoint>(1,24)</endPoint>
        </control>
        <control controlID="4B96532C-53F3-4778-A6C9-3DF1BD0B611E" controlTypeID="Label" x="513" y="305" w="102" h="22" zOrder="17">
          <font family="%E5%BE%AE%E8%BD%AF%E9%9B%85%E9%BB%91" displayName="%E5%BE%AE%E8%BD%AF%E9%9B%85%E9%BB%91" postScript="" weightStyle="Regular" weight="400" isBold="False" isItalic="False"/>
          <text>%E6%9C%8D%E5%8A%A1%E5%92%A8%E8%AF%A2%E7%83%AD%E7%BA%BF</text>
          <textSize>16</textSize>
          <lineSpacing>21</lineSpacing>
          <useDefaultTextSize>False</useDefaultTextSize>
          <selectedIndex>-1</selectedIndex>
        </control>
        <control controlID="241B20CE-567B-414B-BFE4-1B78E87815D0" controlTypeID="Icon" x="467" y="304" w="29" h="29" zOrder="18">
          <icon>
            <ID/>
            <iconFontName>jdIonicons</iconFontName>
            <iconCode>62162</iconCode>
          </icon>
          <URL>94E9452D20864CF3FBC79CD2C4E76723.svg</URL>
        </control>
        <control controlID="E19DC3F7-410D-476B-9DCD-0548B57746D3" controlTypeID="Label" x="513" y="342" w="144" h="32" zOrder="19">
          <font family="%E5%BE%AE%E8%BD%AF%E9%9B%85%E9%BB%91" displayName="%E5%BE%AE%E8%BD%AF%E9%9B%85%E9%BB%91" postScript="" weightStyle="Regular" weight="400" isBold="False" isItalic="False"/>
          <text>028-998765</text>
          <textSize>24</textSize>
          <lineSpacing>32</lineSpacing>
          <useDefaultTextSize>False</useDefaultTextSize>
          <selectedIndex>-1</selectedIndex>
        </control>
        <control controlID="0B93F4B9-C7D9-4D01-ACBC-EDA4230A2BCC" controlTypeID="QRCode" x="699" y="297" w="51" h="51" zOrder="20"/>
        <control controlID="62148B3B-C020-4090-B2AA-FE5F302A67BB" controlTypeID="Label" x="712" y="358" w="28" h="16" zOrder="21">
          <font family="%E5%BE%AE%E8%BD%AF%E9%9B%85%E9%BB%91" displayName="%E5%BE%AE%E8%BD%AF%E9%9B%85%E9%BB%91" postScript="" weightStyle="Regular" weight="400" isBold="False" isItalic="False"/>
          <text>%E5%BE%AE%E4%BF%A1</text>
          <textSize>12</textSize>
          <lineSpacing>16</lineSpacing>
          <selectedIndex>-1</selectedIndex>
        </control>
        <control controlID="3AC065EC-8CEB-4D3F-8710-57D2021E8634" controlTypeID="Label" x="33" y="304" w="114" h="24" zOrder="22">
          <font family="%E5%BE%AE%E8%BD%AF%E9%9B%85%E9%BB%91" displayName="%E5%BE%AE%E8%BD%AF%E9%9B%85%E9%BB%91" postScript="" weightStyle="Regular" weight="400" isBold="False" isItalic="False"/>
          <text>%E5%85%A8%E5%90%8D%E5%BD%93%E9%93%BA%E5%95%86%E5%9F%8E</text>
          <textSize>18</textSize>
          <lineSpacing>24</lineSpacing>
          <useDefaultTextSize>False</useDefaultTextSize>
          <selectedIndex>-1</selectedIndex>
        </control>
        <control controlID="2732C6B2-CFA9-4EE8-89E6-F3882CBB6A4D" controlTypeID="Label" x="156" y="333" w="46" h="19" zOrder="23">
          <font family="%E5%BE%AE%E8%BD%AF%E9%9B%85%E9%BB%91" displayName="%E5%BE%AE%E8%BD%AF%E9%9B%85%E9%BB%91" postScript="" weightStyle="Regular" weight="400" isBold="False" isItalic="False"/>
          <text>%E4%BC%97%E7%AD%B9%E7%BD%91</text>
          <lineSpacing>18</lineSpacing>
          <useDefaultTextSize>False</useDefaultTextSize>
          <selectedIndex>-1</selectedIndex>
        </control>
        <control controlID="D1628DAD-8A6A-4AB9-9BF8-C32BEFEA5613" controlTypeID="Label" x="243" y="333" w="61" h="19" zOrder="24">
          <font family="%E5%BE%AE%E8%BD%AF%E9%9B%85%E9%BB%91" displayName="%E5%BE%AE%E8%BD%AF%E9%9B%85%E9%BB%91" postScript="" weightStyle="Regular" weight="400" isBold="False" isItalic="False"/>
          <text>%E5%85%B3%E4%BA%8E%E6%88%91%E4%BB%AC</text>
          <lineSpacing>18</lineSpacing>
          <useDefaultTextSize>False</useDefaultTextSize>
          <selectedIndex>-1</selectedIndex>
        </control>
        <control controlID="7FA3D48F-FF9B-40DA-8BDD-5EA0E81BA36C" controlTypeID="Shape" x="283" y="398" w="86" h="32" zOrder="25">
          <font family="%E5%BE%AE%E8%BD%AF%E9%9B%85%E9%BB%91" displayName="%E5%BE%AE%E8%BD%AF%E9%9B%85%E9%BB%91" postScript="" weightStyle="Regular" weight="400" isBold="False" isItalic="False"/>
          <text>%E8%AF%9A%E4%BF%A1%E7%BD%91%E7%AB%99</text>
          <lineSpacing>16</lineSpacing>
          <selectedIndex>-1</selectedIndex>
        </control>
        <control controlID="6EB0B0BA-EDC4-4CCD-A317-4933A751D0E3" controlTypeID="Shape" x="390" y="398" w="86" h="32" zOrder="26">
          <font family="%E5%BE%AE%E8%BD%AF%E9%9B%85%E9%BB%91" displayName="%E5%BE%AE%E8%BD%AF%E9%9B%85%E9%BB%91" postScript="" weightStyle="Regular" weight="400" isBold="False" isItalic="False"/>
          <text>%E5%8F%AF%E4%BF%A1%E7%BD%91%E7%AB%99</text>
          <lineSpacing>16</lineSpacing>
          <selectedIndex>-1</selectedIndex>
        </control>
      </groupChildrenDescriptors>
    </control>
    <control controlID="A682DB35-BDB2-4105-BF0E-AFEB8BF6A7A0" controlTypeID="Shape" x="0" y="0" w="800" h="37" zOrder="50">
      <color>4291611852</color>
      <font family="%E5%BE%AE%E8%BD%AF%E9%9B%85%E9%BB%91" displayName="%E5%BE%AE%E8%BD%AF%E9%9B%85%E9%BB%91" postScript="" weightStyle="Regular" weight="400" isBold="False" isItalic="False"/>
      <lineSpacing>16</lineSpacing>
      <selectedIndex>-1</selectedIndex>
    </control>
    <control controlID="A1BEF86B-DA19-4312-944E-0F90A2F6D870" controlTypeID="Shape" x="702" y="20" w="71" h="36" zOrder="51">
      <font family="%E5%BE%AE%E8%BD%AF%E9%9B%85%E9%BB%91" displayName="%E5%BE%AE%E8%BD%AF%E9%9B%85%E9%BB%91" postScript="" weightStyle="Regular" weight="400" isBold="False" isItalic="False"/>
      <text>%E7%99%BB%E5%BD%95</text>
      <lineSpacing>16</lineSpacing>
      <selectedIndex>-1</selectedIndex>
    </control>
    <control controlID="2B22FC39-FCCE-4981-BAB5-B811D15855B4" controlTypeID="Shape" x="29" y="47" w="158" h="73" zOrder="52">
      <font family="%E5%BE%AE%E8%BD%AF%E9%9B%85%E9%BB%91" displayName="%E5%BE%AE%E8%BD%AF%E9%9B%85%E9%BB%91" postScript="" weightStyle="Regular" weight="400" isBold="False" isItalic="False"/>
      <text>LOGO</text>
      <lineSpacing>16</lineSpacing>
      <selectedIndex>-1</selectedIndex>
    </control>
    <control controlID="7DE8A210-4EC3-495B-9FE5-6F3558035B68" controlTypeID="__group__" x="400" y="78" w="300" h="32" zOrder="53">
      <groupChildrenDescriptors>
        <control controlID="594521D3-FBBE-41E0-AFEE-E7E9CB80F2D1" controlTypeID="Shape" x="0" y="0" w="238" h="32" zOrder="0">
          <font family="%E5%BE%AE%E8%BD%AF%E9%9B%85%E9%BB%91" displayName="%E5%BE%AE%E8%BD%AF%E9%9B%85%E9%BB%91" postScript="" weightStyle="Regular" weight="400" isBold="False" isItalic="False"/>
          <lineSpacing>16</lineSpacing>
          <selectedIndex>-1</selectedIndex>
        </control>
        <control controlID="E0E1B9E6-DED5-4129-B147-23949D6FD0F0" controlTypeID="Shape" x="237" y="0" w="63" h="32" zOrder="1">
          <color>4291611852</color>
          <font family="%E5%BE%AE%E8%BD%AF%E9%9B%85%E9%BB%91" displayName="%E5%BE%AE%E8%BD%AF%E9%9B%85%E9%BB%91" postScript="" weightStyle="Regular" weight="400" isBold="False" isItalic="False"/>
          <text>%E6%90%9C%E7%B4%A2</text>
          <lineSpacing>16</lineSpacing>
          <selectedIndex>-1</selectedIndex>
        </control>
      </groupChildrenDescriptors>
    </control>
    <control controlID="EB9C1B89-478C-402E-8427-1A336688F4C6" controlTypeID="Label" x="29" y="10" w="107" h="16" zOrder="54">
      <font family="%E5%BE%AE%E8%BD%AF%E9%9B%85%E9%BB%91" displayName="%E5%BE%AE%E8%BD%AF%E9%9B%85%E9%BB%91" postScript="" weightStyle="Regular" weight="400" isBold="False" isItalic="False"/>
      <text>%E6%AC%A2%E8%BF%8E%E6%9D%A5%E5%88%B0%E5%85%A8%E6%B0%91%E5%BD%93%E9%93%BA%EF%BC%81</text>
      <textSize>12</textSize>
      <lineSpacing>16</lineSpacing>
      <selectedIndex>-1</selectedIndex>
    </control>
    <control controlID="9F97C7EB-097A-4121-8D26-216C81059F40" controlTypeID="Label" x="72" y="175" w="71" h="16" zOrder="55">
      <font family="%E5%BE%AE%E8%BD%AF%E9%9B%85%E9%BB%91" displayName="%E5%BE%AE%E8%BD%AF%E9%9B%85%E9%BB%91" postScript="" weightStyle="Regular" weight="400" isBold="False" isItalic="False"/>
      <text>%E9%95%BF%E5%AE%89%E8%A1%97%E5%BD%93%E9%93%BA1</text>
      <textSize>12</textSize>
      <lineSpacing>16</lineSpacing>
      <selectedIndex>-1</selectedIndex>
    </control>
    <control controlID="688D3921-7FED-40E7-822E-2BEEBA129B90" controlTypeID="Label" x="72" y="221" w="71" h="16" zOrder="56">
      <font family="%E5%BE%AE%E8%BD%AF%E9%9B%85%E9%BB%91" displayName="%E5%BE%AE%E8%BD%AF%E9%9B%85%E9%BB%91" postScript="" weightStyle="Regular" weight="400" isBold="False" isItalic="False"/>
      <text>%E9%95%BF%E5%AE%89%E8%A1%97%E5%BD%93%E9%93%BA2</text>
      <textSize>12</textSize>
      <lineSpacing>16</lineSpacing>
      <selectedIndex>-1</selectedIndex>
    </control>
    <control controlID="B31C28CE-236A-46AF-BD76-88795385F3F7" controlTypeID="Label" x="72" y="270" w="71" h="16" zOrder="57">
      <font family="%E5%BE%AE%E8%BD%AF%E9%9B%85%E9%BB%91" displayName="%E5%BE%AE%E8%BD%AF%E9%9B%85%E9%BB%91" postScript="" weightStyle="Regular" weight="400" isBold="False" isItalic="False"/>
      <text>%E9%95%BF%E5%AE%89%E8%A1%97%E5%BD%93%E9%93%BA3</text>
      <textSize>12</textSize>
      <lineSpacing>16</lineSpacing>
      <selectedIndex>-1</selectedIndex>
    </control>
    <control controlID="E9BD4CC7-D615-4B69-A5CC-0680706FCFE0" controlTypeID="Label" x="72" y="313" w="71" h="16" zOrder="58">
      <font family="%E5%BE%AE%E8%BD%AF%E9%9B%85%E9%BB%91" displayName="%E5%BE%AE%E8%BD%AF%E9%9B%85%E9%BB%91" postScript="" weightStyle="Regular" weight="400" isBold="False" isItalic="False"/>
      <text>%E9%95%BF%E5%AE%89%E8%A1%97%E5%BD%93%E9%93%BA4</text>
      <textSize>12</textSize>
      <lineSpacing>16</lineSpacing>
      <selectedIndex>-1</selectedIndex>
    </control>
    <control controlID="0B81382A-9DC7-45B6-9E9B-6BB2420D0957" controlTypeID="Label" x="72" y="350" w="71" h="16" zOrder="59">
      <font family="%E5%BE%AE%E8%BD%AF%E9%9B%85%E9%BB%91" displayName="%E5%BE%AE%E8%BD%AF%E9%9B%85%E9%BB%91" postScript="" weightStyle="Regular" weight="400" isBold="False" isItalic="False"/>
      <text>%E9%95%BF%E5%AE%89%E8%A1%97%E5%BD%93%E9%93%BA5</text>
      <textSize>12</textSize>
      <lineSpacing>16</lineSpacing>
      <selectedIndex>-1</selectedIndex>
    </control>
    <control controlID="93E7EB22-9086-4116-A67F-6738649E4813" controlTypeID="Label" x="72" y="429" w="71" h="16" zOrder="60">
      <font family="%E5%BE%AE%E8%BD%AF%E9%9B%85%E9%BB%91" displayName="%E5%BE%AE%E8%BD%AF%E9%9B%85%E9%BB%91" postScript="" weightStyle="Regular" weight="400" isBold="False" isItalic="False"/>
      <text>%E9%95%BF%E5%AE%89%E8%A1%97%E5%BD%93%E9%93%BA7</text>
      <textSize>12</textSize>
      <lineSpacing>16</lineSpacing>
      <selectedIndex>-1</selectedIndex>
    </control>
    <control controlID="724BE5D9-F4D2-4D8A-85E7-4EA930FBC311" controlTypeID="Label" x="72" y="385" w="71" h="16" zOrder="61">
      <font family="%E5%BE%AE%E8%BD%AF%E9%9B%85%E9%BB%91" displayName="%E5%BE%AE%E8%BD%AF%E9%9B%85%E9%BB%91" postScript="" weightStyle="Regular" weight="400" isBold="False" isItalic="False"/>
      <text>%E9%95%BF%E5%AE%89%E8%A1%97%E5%BD%93%E9%93%BA6</text>
      <textSize>12</textSize>
      <lineSpacing>16</lineSpacing>
      <selectedIndex>-1</selectedIndex>
    </control>
    <control controlID="BE5CA610-ECC5-41CB-91E8-65EAA7489073" controlTypeID="Label" x="39" y="490" w="41" h="24" zOrder="62">
      <font family="%E5%BE%AE%E8%BD%AF%E9%9B%85%E9%BB%91" displayName="%E5%BE%AE%E8%BD%AF%E9%9B%85%E9%BB%91+Bold" postScript="" weightStyle="Bold" weight="700" isBold="True" isItalic="False"/>
      <text>%E7%83%AD%E9%97%A8</text>
      <textColor>4288256409</textColor>
      <textSize>18</textSize>
      <lineSpacing>24</lineSpacing>
      <textStyles>[fsBold]</textStyles>
      <useDefaultTextSize>False</useDefaultTextSize>
    </control>
  </controls>
  <param>
    <backgroundColor>4294967295</backgroundColor>
    <fontSize>12</fontSize>
    <fontFamily>%E5%BE%AE%E8%BD%AF%E9%9B%85%E9%BB%91</fontFamily>
    <guideLines/>
  </param>
</mockup>