﻿<mockup version="4.8" minAllowVersion="4.8" ID="87A4EA95-BB7C-4625-BF19-5905CDEA9677" platform="MtDesktop" defaultW="800" defaultH="600" measureW="800" measureH="2600" mobileScreenScale="0">
  <controls controlCount="156">
    <control controlID="0F9AF820-375F-4239-A293-D3748906A9DC" controlTypeID="Image" x="0" y="163" w="800" h="309" zOrder="0"/>
    <control controlID="ED0D288D-9AD2-4582-A45F-AEAB5957D6AE" controlTypeID="Label" x="29" y="10" w="136" h="16" zOrder="1">
      <font family="%E5%BE%AE%E8%BD%AF%E9%9B%85%E9%BB%91" displayName="%E5%BE%AE%E8%BD%AF%E9%9B%85%E9%BB%91" postScript="" weightStyle="Regular" weight="400" isBold="False" isItalic="False"/>
      <text>%E6%82%A8%E5%A5%BD%EF%BC%81%E6%AC%A2%E8%BF%8E%E6%9D%A5%E5%88%B0%E5%85%A8%E6%B0%91%E5%BD%93%E9%93%BA</text>
      <textSize>12</textSize>
      <lineSpacing>16</lineSpacing>
      <selectedIndex>-1</selectedIndex>
    </control>
    <control controlID="ADD7DC19-8E5C-4908-A7F2-5F930DBC58EC" controlTypeID="Shape" x="52" y="163" w="116" h="295" zOrder="2">
      <color>4292335575</color>
      <borderColor>4294111986</borderColor>
      <remarkText>%E5%8D%8A%E9%80%8F%E6%98%8E%E5%9B%BE%E5%B1%82%0D%0A</remarkText>
      <font family="%E5%BE%AE%E8%BD%AF%E9%9B%85%E9%BB%91" displayName="%E5%BE%AE%E8%BD%AF%E9%9B%85%E9%BB%91" postScript="" weightStyle="Regular" weight="400" isBold="False" isItalic="False"/>
      <lineSpacing>16</lineSpacing>
      <selectedIndex>-1</selectedIndex>
    </control>
    <control controlID="90F27727-DBC0-444D-92B8-1893233E63D3" controlTypeID="Label" x="70" y="136" w="70" h="22" zOrder="3">
      <font family="%E5%BE%AE%E8%BD%AF%E9%9B%85%E9%BB%91" displayName="%E5%BE%AE%E8%BD%AF%E9%9B%85%E9%BB%91" postScript="" weightStyle="Regular" weight="400" isBold="False" isItalic="False"/>
      <text>%E5%85%A8%E6%B0%91%E5%BD%93%E9%93%BA</text>
      <textColor>4294967295</textColor>
      <textSize>16</textSize>
      <lineSpacing>21</lineSpacing>
      <useDefaultTextSize>False</useDefaultTextSize>
      <selectedIndex>-1</selectedIndex>
    </control>
    <control controlID="46303F58-0571-434E-8293-0085E04476A9" controlTypeID="Line" x="53" y="163" w="119" h="2" zOrder="4">
      <font family="%E5%BE%AE%E8%BD%AF%E9%9B%85%E9%BB%91" displayName="%E5%BE%AE%E8%BD%AF%E9%9B%85%E9%BB%91" postScript="" weightStyle="Regular" weight="400" isBold="False" isItalic="False"/>
      <lineSpacing>16</lineSpacing>
      <selectedIndex>-1</selectedIndex>
      <controlPoint>(60,1)</controlPoint>
      <startPoint>(0,1)</startPoint>
      <endPoint>(119,1)</endPoint>
    </control>
    <control controlID="8F68F0A8-9B3A-402F-BA3A-42538941F8A6" controlTypeID="Line" x="54" y="210" w="114" h="1" zOrder="5">
      <font family="%E5%BE%AE%E8%BD%AF%E9%9B%85%E9%BB%91" displayName="%E5%BE%AE%E8%BD%AF%E9%9B%85%E9%BB%91" postScript="" weightStyle="Regular" weight="400" isBold="False" isItalic="False"/>
      <lineSpacing>16</lineSpacing>
      <selectedIndex>-1</selectedIndex>
      <controlPoint>(57,0)</controlPoint>
      <startPoint>(0,0)</startPoint>
      <endPoint>(114,0)</endPoint>
    </control>
    <control controlID="5CDA6AC3-7C70-48A0-949E-0093BE7DD26B" controlTypeID="Line" x="54" y="253" w="114" h="1" zOrder="6">
      <font family="%E5%BE%AE%E8%BD%AF%E9%9B%85%E9%BB%91" displayName="%E5%BE%AE%E8%BD%AF%E9%9B%85%E9%BB%91" postScript="" weightStyle="Regular" weight="400" isBold="False" isItalic="False"/>
      <lineSpacing>16</lineSpacing>
      <selectedIndex>-1</selectedIndex>
      <controlPoint>(57,0)</controlPoint>
      <startPoint>(0,0)</startPoint>
      <endPoint>(114,0)</endPoint>
    </control>
    <control controlID="20C85301-BBE1-450B-96F5-3C23BD2E1FE4" controlTypeID="Line" x="54" y="296" w="114" h="1" zOrder="7">
      <font family="%E5%BE%AE%E8%BD%AF%E9%9B%85%E9%BB%91" displayName="%E5%BE%AE%E8%BD%AF%E9%9B%85%E9%BB%91" postScript="" weightStyle="Regular" weight="400" isBold="False" isItalic="False"/>
      <lineSpacing>16</lineSpacing>
      <selectedIndex>-1</selectedIndex>
      <controlPoint>(57,0)</controlPoint>
      <startPoint>(0,0)</startPoint>
      <endPoint>(114,0)</endPoint>
    </control>
    <control controlID="8F63E79D-AC6A-48BC-ADFC-98647BBEDE82" controlTypeID="Line" x="54" y="339" w="114" h="1" zOrder="8">
      <font family="%E5%BE%AE%E8%BD%AF%E9%9B%85%E9%BB%91" displayName="%E5%BE%AE%E8%BD%AF%E9%9B%85%E9%BB%91" postScript="" weightStyle="Regular" weight="400" isBold="False" isItalic="False"/>
      <lineSpacing>16</lineSpacing>
      <selectedIndex>-1</selectedIndex>
      <controlPoint>(57,0)</controlPoint>
      <startPoint>(0,0)</startPoint>
      <endPoint>(114,0)</endPoint>
    </control>
    <control controlID="010816BA-2689-4430-BD4A-E3CA21F9CE77" controlTypeID="Line" x="54" y="382" w="114" h="1" zOrder="9">
      <font family="%E5%BE%AE%E8%BD%AF%E9%9B%85%E9%BB%91" displayName="%E5%BE%AE%E8%BD%AF%E9%9B%85%E9%BB%91" postScript="" weightStyle="Regular" weight="400" isBold="False" isItalic="False"/>
      <lineSpacing>16</lineSpacing>
      <selectedIndex>-1</selectedIndex>
      <controlPoint>(57,0)</controlPoint>
      <startPoint>(0,0)</startPoint>
      <endPoint>(114,0)</endPoint>
    </control>
    <control controlID="1DBFCF2C-6DDD-4001-9B29-A3E6B41E88A4" controlTypeID="Line" x="54" y="423" w="114" h="1" zOrder="10">
      <font family="%E5%BE%AE%E8%BD%AF%E9%9B%85%E9%BB%91" displayName="%E5%BE%AE%E8%BD%AF%E9%9B%85%E9%BB%91" postScript="" weightStyle="Regular" weight="400" isBold="False" isItalic="False"/>
      <lineSpacing>16</lineSpacing>
      <selectedIndex>-1</selectedIndex>
      <controlPoint>(57,0)</controlPoint>
      <startPoint>(0,0)</startPoint>
      <endPoint>(114,0)</endPoint>
    </control>
    <control controlID="08A99C6B-6F79-47BC-9FF5-FAC8C0645372" controlTypeID="PageControlEx" x="340" y="432" w="120" h="40" zOrder="11">
      <columnCount>3</columnCount>
      <selectedIndex>2</selectedIndex>
    </control>
    <control controlID="94146AE0-E56F-47AD-919A-1236B61850BD" controlTypeID="Shape" x="219" y="540" w="150" h="189" zOrder="12">
      <remarkText>%E5%B0%BA%E5%AF%B8%EF%BC%9A236*302</remarkText>
      <font family="%E5%BE%AE%E8%BD%AF%E9%9B%85%E9%BB%91" displayName="%E5%BE%AE%E8%BD%AF%E9%9B%85%E9%BB%91" postScript="" weightStyle="Regular" weight="400" isBold="False" isItalic="False"/>
      <lineSpacing>16</lineSpacing>
      <selectedIndex>-1</selectedIndex>
    </control>
    <control controlID="74FF02A6-CF33-4263-8F3C-713A2CFD14A7" controlTypeID="Shape" x="216" y="799" w="150" h="189" zOrder="13">
      <remarkText>%E5%B0%BA%E5%AF%B8%EF%BC%9A236*302</remarkText>
      <font family="%E5%BE%AE%E8%BD%AF%E9%9B%85%E9%BB%91" displayName="%E5%BE%AE%E8%BD%AF%E9%9B%85%E9%BB%91" postScript="" weightStyle="Regular" weight="400" isBold="False" isItalic="False"/>
      <lineSpacing>16</lineSpacing>
      <selectedIndex>-1</selectedIndex>
    </control>
    <control controlID="3A000727-0930-40E4-AE53-8079F081FF4F" controlTypeID="Shape" x="217" y="1006" w="150" h="189" zOrder="14">
      <remarkText>%E5%B0%BA%E5%AF%B8%EF%BC%9A236*302</remarkText>
      <font family="%E5%BE%AE%E8%BD%AF%E9%9B%85%E9%BB%91" displayName="%E5%BE%AE%E8%BD%AF%E9%9B%85%E9%BB%91" postScript="" weightStyle="Regular" weight="400" isBold="False" isItalic="False"/>
      <lineSpacing>16</lineSpacing>
      <selectedIndex>-1</selectedIndex>
    </control>
    <control controlID="17C1FDFB-399A-42E7-AD5E-2B7E6A82D382" controlTypeID="Shape" x="409" y="540" w="150" h="189" zOrder="15">
      <remarkText>%E5%B0%BA%E5%AF%B8%EF%BC%9A236*302</remarkText>
      <font family="%E5%BE%AE%E8%BD%AF%E9%9B%85%E9%BB%91" displayName="%E5%BE%AE%E8%BD%AF%E9%9B%85%E9%BB%91" postScript="" weightStyle="Regular" weight="400" isBold="False" isItalic="False"/>
      <lineSpacing>16</lineSpacing>
      <selectedIndex>-1</selectedIndex>
    </control>
    <control controlID="4D3F0049-3C84-4B23-BC62-4DAD0DDF06BC" controlTypeID="Shape" x="406" y="799" w="150" h="189" zOrder="16">
      <remarkText>%E5%B0%BA%E5%AF%B8%EF%BC%9A236*302</remarkText>
      <font family="%E5%BE%AE%E8%BD%AF%E9%9B%85%E9%BB%91" displayName="%E5%BE%AE%E8%BD%AF%E9%9B%85%E9%BB%91" postScript="" weightStyle="Regular" weight="400" isBold="False" isItalic="False"/>
      <lineSpacing>16</lineSpacing>
      <selectedIndex>-1</selectedIndex>
    </control>
    <control controlID="FCC970B4-D7FA-4676-9703-0870F31CC4AA" controlTypeID="Shape" x="407" y="1006" w="150" h="189" zOrder="17">
      <remarkText>%E5%B0%BA%E5%AF%B8%EF%BC%9A236*302</remarkText>
      <font family="%E5%BE%AE%E8%BD%AF%E9%9B%85%E9%BB%91" displayName="%E5%BE%AE%E8%BD%AF%E9%9B%85%E9%BB%91" postScript="" weightStyle="Regular" weight="400" isBold="False" isItalic="False"/>
      <lineSpacing>16</lineSpacing>
      <selectedIndex>-1</selectedIndex>
    </control>
    <control controlID="6F1B7D46-78A9-41CB-B9FC-8512A7AFA608" controlTypeID="Shape" x="607" y="540" w="150" h="189" zOrder="18">
      <remarkText>%E5%B0%BA%E5%AF%B8%EF%BC%9A236*302</remarkText>
      <font family="%E5%BE%AE%E8%BD%AF%E9%9B%85%E9%BB%91" displayName="%E5%BE%AE%E8%BD%AF%E9%9B%85%E9%BB%91" postScript="" weightStyle="Regular" weight="400" isBold="False" isItalic="False"/>
      <lineSpacing>16</lineSpacing>
      <selectedIndex>-1</selectedIndex>
    </control>
    <control controlID="AD1912E4-1B34-4A09-9ACB-7AFDF95160DE" controlTypeID="Shape" x="604" y="799" w="150" h="189" zOrder="19">
      <remarkText>%E5%B0%BA%E5%AF%B8%EF%BC%9A236*302</remarkText>
      <font family="%E5%BE%AE%E8%BD%AF%E9%9B%85%E9%BB%91" displayName="%E5%BE%AE%E8%BD%AF%E9%9B%85%E9%BB%91" postScript="" weightStyle="Regular" weight="400" isBold="False" isItalic="False"/>
      <lineSpacing>16</lineSpacing>
      <selectedIndex>-1</selectedIndex>
    </control>
    <control controlID="F0EA0A34-8EA7-41E0-BF2E-258D1D6337FB" controlTypeID="Shape" x="605" y="1006" w="150" h="189" zOrder="20">
      <remarkText>%E5%B0%BA%E5%AF%B8%EF%BC%9A236*302</remarkText>
      <font family="%E5%BE%AE%E8%BD%AF%E9%9B%85%E9%BB%91" displayName="%E5%BE%AE%E8%BD%AF%E9%9B%85%E9%BB%91" postScript="" weightStyle="Regular" weight="400" isBold="False" isItalic="False"/>
      <lineSpacing>16</lineSpacing>
      <selectedIndex>-1</selectedIndex>
    </control>
    <control controlID="D15533DB-E97E-48DD-BFAA-263355764799" controlTypeID="Label" x="268" y="706" w="52" h="19" zOrder="21">
      <font family="%E5%BE%AE%E8%BD%AF%E9%9B%85%E9%BB%91" displayName="%E5%BE%AE%E8%BD%AF%E9%9B%85%E9%BB%91" postScript="" weightStyle="Regular" weight="400" isBold="False" isItalic="False"/>
      <text>%EF%BF%A53000</text>
      <textColor>4294901811</textColor>
      <lineSpacing>18</lineSpacing>
      <useDefaultTextSize>False</useDefaultTextSize>
      <selectedIndex>-1</selectedIndex>
    </control>
    <control controlID="0753993F-FB3C-4D8A-A6EC-0AEDA855A35C" controlTypeID="Label" x="265" y="965" w="52" h="19" zOrder="22">
      <font family="%E5%BE%AE%E8%BD%AF%E9%9B%85%E9%BB%91" displayName="%E5%BE%AE%E8%BD%AF%E9%9B%85%E9%BB%91" postScript="" weightStyle="Regular" weight="400" isBold="False" isItalic="False"/>
      <text>%EF%BF%A53000</text>
      <textColor>4294901811</textColor>
      <lineSpacing>18</lineSpacing>
      <useDefaultTextSize>False</useDefaultTextSize>
      <selectedIndex>-1</selectedIndex>
    </control>
    <control controlID="61452747-E6B3-4C8B-922D-07BB890F6387" controlTypeID="Label" x="266" y="1172" w="52" h="19" zOrder="23">
      <font family="%E5%BE%AE%E8%BD%AF%E9%9B%85%E9%BB%91" displayName="%E5%BE%AE%E8%BD%AF%E9%9B%85%E9%BB%91" postScript="" weightStyle="Regular" weight="400" isBold="False" isItalic="False"/>
      <text>%EF%BF%A53000</text>
      <textColor>4294901811</textColor>
      <lineSpacing>18</lineSpacing>
      <useDefaultTextSize>False</useDefaultTextSize>
      <selectedIndex>-1</selectedIndex>
    </control>
    <control controlID="ECA0912F-E2AC-4844-9C48-104C5921DB81" controlTypeID="Label" x="458" y="706" w="52" h="19" zOrder="24">
      <font family="%E5%BE%AE%E8%BD%AF%E9%9B%85%E9%BB%91" displayName="%E5%BE%AE%E8%BD%AF%E9%9B%85%E9%BB%91" postScript="" weightStyle="Regular" weight="400" isBold="False" isItalic="False"/>
      <text>%EF%BF%A53000</text>
      <textColor>4294901811</textColor>
      <lineSpacing>18</lineSpacing>
      <useDefaultTextSize>False</useDefaultTextSize>
      <selectedIndex>-1</selectedIndex>
    </control>
    <control controlID="A6AC8F98-FE73-461E-8888-D581852C31B2" controlTypeID="Label" x="455" y="965" w="52" h="19" zOrder="25">
      <font family="%E5%BE%AE%E8%BD%AF%E9%9B%85%E9%BB%91" displayName="%E5%BE%AE%E8%BD%AF%E9%9B%85%E9%BB%91" postScript="" weightStyle="Regular" weight="400" isBold="False" isItalic="False"/>
      <text>%EF%BF%A53000</text>
      <textColor>4294901811</textColor>
      <lineSpacing>18</lineSpacing>
      <useDefaultTextSize>False</useDefaultTextSize>
      <selectedIndex>-1</selectedIndex>
    </control>
    <control controlID="2AF02A8D-9979-4490-8782-56ADCEA317A7" controlTypeID="Label" x="456" y="1172" w="52" h="19" zOrder="26">
      <font family="%E5%BE%AE%E8%BD%AF%E9%9B%85%E9%BB%91" displayName="%E5%BE%AE%E8%BD%AF%E9%9B%85%E9%BB%91" postScript="" weightStyle="Regular" weight="400" isBold="False" isItalic="False"/>
      <text>%EF%BF%A53000</text>
      <textColor>4294901811</textColor>
      <lineSpacing>18</lineSpacing>
      <useDefaultTextSize>False</useDefaultTextSize>
      <selectedIndex>-1</selectedIndex>
    </control>
    <control controlID="A9E4263C-4EE7-4A19-AE0E-DDE67C215A11" controlTypeID="Label" x="648" y="710" w="52" h="19" zOrder="27">
      <font family="%E5%BE%AE%E8%BD%AF%E9%9B%85%E9%BB%91" displayName="%E5%BE%AE%E8%BD%AF%E9%9B%85%E9%BB%91" postScript="" weightStyle="Regular" weight="400" isBold="False" isItalic="False"/>
      <text>%EF%BF%A53000</text>
      <textColor>4294901811</textColor>
      <lineSpacing>18</lineSpacing>
      <useDefaultTextSize>False</useDefaultTextSize>
      <selectedIndex>-1</selectedIndex>
    </control>
    <control controlID="79EA2D58-6E3F-4395-81A4-F93B732BAB44" controlTypeID="Label" x="645" y="969" w="52" h="19" zOrder="28">
      <font family="%E5%BE%AE%E8%BD%AF%E9%9B%85%E9%BB%91" displayName="%E5%BE%AE%E8%BD%AF%E9%9B%85%E9%BB%91" postScript="" weightStyle="Regular" weight="400" isBold="False" isItalic="False"/>
      <text>%EF%BF%A53000</text>
      <textColor>4294901811</textColor>
      <lineSpacing>18</lineSpacing>
      <useDefaultTextSize>False</useDefaultTextSize>
      <selectedIndex>-1</selectedIndex>
    </control>
    <control controlID="163794C2-E221-46DF-B0E6-C9367CAB5EFB" controlTypeID="Label" x="646" y="1176" w="52" h="19" zOrder="29">
      <font family="%E5%BE%AE%E8%BD%AF%E9%9B%85%E9%BB%91" displayName="%E5%BE%AE%E8%BD%AF%E9%9B%85%E9%BB%91" postScript="" weightStyle="Regular" weight="400" isBold="False" isItalic="False"/>
      <text>%EF%BF%A53000</text>
      <textColor>4294901811</textColor>
      <lineSpacing>18</lineSpacing>
      <useDefaultTextSize>False</useDefaultTextSize>
      <selectedIndex>-1</selectedIndex>
    </control>
    <control controlID="69B3099B-8C99-4B58-9D91-5067CC0C8747" controlTypeID="Label" x="251" y="688" w="89" h="16" zOrder="30">
      <font family="%E5%BE%AE%E8%BD%AF%E9%9B%85%E9%BB%91" displayName="%E5%BE%AE%E8%BD%AF%E9%9B%85%E9%BB%91" postScript="" weightStyle="Regular" weight="400" isBold="False" isItalic="False"/>
      <text>%E5%90%8D%E7%A7%B0%EF%BC%9A1101001</text>
      <textSize>12</textSize>
      <lineSpacing>16</lineSpacing>
      <selectedIndex>-1</selectedIndex>
    </control>
    <control controlID="757E11A6-A460-49E4-A856-28D66D1AA0CA" controlTypeID="Label" x="248" y="947" w="89" h="16" zOrder="31">
      <font family="%E5%BE%AE%E8%BD%AF%E9%9B%85%E9%BB%91" displayName="%E5%BE%AE%E8%BD%AF%E9%9B%85%E9%BB%91" postScript="" weightStyle="Regular" weight="400" isBold="False" isItalic="False"/>
      <text>%E5%90%8D%E7%A7%B0%EF%BC%9A1101001</text>
      <textSize>12</textSize>
      <lineSpacing>16</lineSpacing>
      <selectedIndex>-1</selectedIndex>
    </control>
    <control controlID="0A6720A8-39F7-4D67-8268-426078FB4B0B" controlTypeID="Label" x="249" y="1154" w="89" h="16" zOrder="32">
      <font family="%E5%BE%AE%E8%BD%AF%E9%9B%85%E9%BB%91" displayName="%E5%BE%AE%E8%BD%AF%E9%9B%85%E9%BB%91" postScript="" weightStyle="Regular" weight="400" isBold="False" isItalic="False"/>
      <text>%E5%90%8D%E7%A7%B0%EF%BC%9A1101001</text>
      <textSize>12</textSize>
      <lineSpacing>16</lineSpacing>
      <selectedIndex>-1</selectedIndex>
    </control>
    <control controlID="7AD9E492-1A01-4236-ABF7-9F3CEE94D457" controlTypeID="Label" x="441" y="688" w="89" h="16" zOrder="33">
      <font family="%E5%BE%AE%E8%BD%AF%E9%9B%85%E9%BB%91" displayName="%E5%BE%AE%E8%BD%AF%E9%9B%85%E9%BB%91" postScript="" weightStyle="Regular" weight="400" isBold="False" isItalic="False"/>
      <text>%E5%90%8D%E7%A7%B0%EF%BC%9A1101001</text>
      <textSize>12</textSize>
      <lineSpacing>16</lineSpacing>
      <selectedIndex>-1</selectedIndex>
    </control>
    <control controlID="A2DF14DB-B8D4-47CA-B026-BF2E0C0D0B55" controlTypeID="Label" x="438" y="947" w="89" h="16" zOrder="34">
      <font family="%E5%BE%AE%E8%BD%AF%E9%9B%85%E9%BB%91" displayName="%E5%BE%AE%E8%BD%AF%E9%9B%85%E9%BB%91" postScript="" weightStyle="Regular" weight="400" isBold="False" isItalic="False"/>
      <text>%E5%90%8D%E7%A7%B0%EF%BC%9A1101001</text>
      <textSize>12</textSize>
      <lineSpacing>16</lineSpacing>
      <selectedIndex>-1</selectedIndex>
    </control>
    <control controlID="B5F3AB4B-96EA-40C2-BD57-7A32AF2A5532" controlTypeID="Label" x="439" y="1154" w="89" h="16" zOrder="35">
      <font family="%E5%BE%AE%E8%BD%AF%E9%9B%85%E9%BB%91" displayName="%E5%BE%AE%E8%BD%AF%E9%9B%85%E9%BB%91" postScript="" weightStyle="Regular" weight="400" isBold="False" isItalic="False"/>
      <text>%E5%90%8D%E7%A7%B0%EF%BC%9A1101001</text>
      <textSize>12</textSize>
      <lineSpacing>16</lineSpacing>
      <selectedIndex>-1</selectedIndex>
    </control>
    <control controlID="CD368D90-9DA4-4F71-A5E0-1DAB5E9D700D" controlTypeID="Label" x="631" y="692" w="89" h="16" zOrder="36">
      <font family="%E5%BE%AE%E8%BD%AF%E9%9B%85%E9%BB%91" displayName="%E5%BE%AE%E8%BD%AF%E9%9B%85%E9%BB%91" postScript="" weightStyle="Regular" weight="400" isBold="False" isItalic="False"/>
      <text>%E5%90%8D%E7%A7%B0%EF%BC%9A1101001</text>
      <textSize>12</textSize>
      <lineSpacing>16</lineSpacing>
      <selectedIndex>-1</selectedIndex>
    </control>
    <control controlID="E382380B-E924-4BA9-811F-21A064FF2405" controlTypeID="Label" x="628" y="951" w="89" h="16" zOrder="37">
      <font family="%E5%BE%AE%E8%BD%AF%E9%9B%85%E9%BB%91" displayName="%E5%BE%AE%E8%BD%AF%E9%9B%85%E9%BB%91" postScript="" weightStyle="Regular" weight="400" isBold="False" isItalic="False"/>
      <text>%E5%90%8D%E7%A7%B0%EF%BC%9A1101001</text>
      <textSize>12</textSize>
      <lineSpacing>16</lineSpacing>
      <selectedIndex>-1</selectedIndex>
    </control>
    <control controlID="B1F3B54A-2D41-4760-941D-545408955ACF" controlTypeID="Label" x="629" y="1158" w="89" h="16" zOrder="38">
      <font family="%E5%BE%AE%E8%BD%AF%E9%9B%85%E9%BB%91" displayName="%E5%BE%AE%E8%BD%AF%E9%9B%85%E9%BB%91" postScript="" weightStyle="Regular" weight="400" isBold="False" isItalic="False"/>
      <text>%E5%90%8D%E7%A7%B0%EF%BC%9A1101001</text>
      <textSize>12</textSize>
      <lineSpacing>16</lineSpacing>
      <selectedIndex>-1</selectedIndex>
    </control>
    <control controlID="650A8D70-09FD-4BAA-91DE-931C8D3B89B1" controlTypeID="__group__" x="222" y="1232" w="150" h="189" zOrder="39">
      <groupChildrenDescriptors>
        <control controlID="48DB1023-366E-4322-86BC-0745D2129924" controlTypeID="Shape" x="0" y="0" w="150" h="189" zOrder="0">
          <font family="%E5%BE%AE%E8%BD%AF%E9%9B%85%E9%BB%91" displayName="%E5%BE%AE%E8%BD%AF%E9%9B%85%E9%BB%91" postScript="" weightStyle="Regular" weight="400" isBold="False" isItalic="False"/>
          <lineSpacing>16</lineSpacing>
          <selectedIndex>-1</selectedIndex>
        </control>
        <control controlID="A38C4F37-7A34-44E6-BEF1-74169A38492F" controlTypeID="Image" x="0" y="0" w="150" h="150" zOrder="1"/>
        <control controlID="D019C3DD-20FA-435C-A048-9980C6ADEAF2" controlTypeID="Label" x="4" y="169" w="44" h="16" zOrder="2">
          <font family="%E5%BE%AE%E8%BD%AF%E9%9B%85%E9%BB%91" displayName="%E5%BE%AE%E8%BD%AF%E9%9B%85%E9%BB%91" postScript="" weightStyle="Regular" weight="400" isBold="False" isItalic="False"/>
          <text>%EF%BF%A53000</text>
          <textSize>12</textSize>
          <lineSpacing>16</lineSpacing>
          <selectedIndex>-1</selectedIndex>
        </control>
        <control controlID="8978A792-09FC-4A6C-81E9-D4DEADD28AAE" controlTypeID="Label" x="4" y="153" w="89" h="16" zOrder="3">
          <font family="%E5%BE%AE%E8%BD%AF%E9%9B%85%E9%BB%91" displayName="%E5%BE%AE%E8%BD%AF%E9%9B%85%E9%BB%91" postScript="" weightStyle="Regular" weight="400" isBold="False" isItalic="False"/>
          <text>%E5%90%8D%E7%A7%B0%EF%BC%9A1101001</text>
          <textSize>12</textSize>
          <lineSpacing>16</lineSpacing>
          <selectedIndex>-1</selectedIndex>
        </control>
      </groupChildrenDescriptors>
    </control>
    <control controlID="FA99C523-4F3F-421E-8AD7-95AB695354D6" controlTypeID="__group__" x="225" y="1557" w="150" h="189" zOrder="40">
      <groupChildrenDescriptors>
        <control controlID="8B10B335-4445-45A8-BF2A-9FB60DF37906" controlTypeID="Shape" x="0" y="0" w="150" h="189" zOrder="0">
          <font family="%E5%BE%AE%E8%BD%AF%E9%9B%85%E9%BB%91" displayName="%E5%BE%AE%E8%BD%AF%E9%9B%85%E9%BB%91" postScript="" weightStyle="Regular" weight="400" isBold="False" isItalic="False"/>
          <lineSpacing>16</lineSpacing>
          <selectedIndex>-1</selectedIndex>
        </control>
        <control controlID="035971C0-55D4-4646-A46A-4A8A28357D3C" controlTypeID="Image" x="0" y="0" w="150" h="150" zOrder="1"/>
        <control controlID="BB1A653A-2798-40D4-91F3-D9D2BC17F7D1" controlTypeID="Label" x="4" y="169" w="44" h="16" zOrder="2">
          <font family="%E5%BE%AE%E8%BD%AF%E9%9B%85%E9%BB%91" displayName="%E5%BE%AE%E8%BD%AF%E9%9B%85%E9%BB%91" postScript="" weightStyle="Regular" weight="400" isBold="False" isItalic="False"/>
          <text>%EF%BF%A53000</text>
          <textSize>12</textSize>
          <lineSpacing>16</lineSpacing>
          <selectedIndex>-1</selectedIndex>
        </control>
        <control controlID="4CD4604F-3F9D-44D9-B1BE-62C3504F3879" controlTypeID="Label" x="4" y="153" w="89" h="16" zOrder="3">
          <font family="%E5%BE%AE%E8%BD%AF%E9%9B%85%E9%BB%91" displayName="%E5%BE%AE%E8%BD%AF%E9%9B%85%E9%BB%91" postScript="" weightStyle="Regular" weight="400" isBold="False" isItalic="False"/>
          <text>%E5%90%8D%E7%A7%B0%EF%BC%9A1101001</text>
          <textSize>12</textSize>
          <lineSpacing>16</lineSpacing>
          <selectedIndex>-1</selectedIndex>
        </control>
      </groupChildrenDescriptors>
    </control>
    <control controlID="CE7E2F69-B4CB-42EC-8E5F-C699007D8056" controlTypeID="__group__" x="225" y="1758" w="150" h="189" zOrder="41">
      <groupChildrenDescriptors>
        <control controlID="70F62C6B-9056-4CA1-9E0E-276E84FC3177" controlTypeID="Shape" x="0" y="0" w="150" h="189" zOrder="0">
          <font family="%E5%BE%AE%E8%BD%AF%E9%9B%85%E9%BB%91" displayName="%E5%BE%AE%E8%BD%AF%E9%9B%85%E9%BB%91" postScript="" weightStyle="Regular" weight="400" isBold="False" isItalic="False"/>
          <lineSpacing>16</lineSpacing>
          <selectedIndex>-1</selectedIndex>
        </control>
        <control controlID="CC62DA78-DEDA-4686-89FA-31EA4280D0F1" controlTypeID="Image" x="0" y="0" w="150" h="150" zOrder="1"/>
        <control controlID="8F2279D9-FEB5-4077-8157-C651175A50C8" controlTypeID="Label" x="4" y="169" w="44" h="16" zOrder="2">
          <font family="%E5%BE%AE%E8%BD%AF%E9%9B%85%E9%BB%91" displayName="%E5%BE%AE%E8%BD%AF%E9%9B%85%E9%BB%91" postScript="" weightStyle="Regular" weight="400" isBold="False" isItalic="False"/>
          <text>%EF%BF%A53000</text>
          <textSize>12</textSize>
          <lineSpacing>16</lineSpacing>
          <selectedIndex>-1</selectedIndex>
        </control>
        <control controlID="90CD2B3F-0075-4BCF-B0AD-240C497B2F5F" controlTypeID="Label" x="4" y="153" w="89" h="16" zOrder="3">
          <font family="%E5%BE%AE%E8%BD%AF%E9%9B%85%E9%BB%91" displayName="%E5%BE%AE%E8%BD%AF%E9%9B%85%E9%BB%91" postScript="" weightStyle="Regular" weight="400" isBold="False" isItalic="False"/>
          <text>%E5%90%8D%E7%A7%B0%EF%BC%9A1101001</text>
          <textSize>12</textSize>
          <lineSpacing>16</lineSpacing>
          <selectedIndex>-1</selectedIndex>
        </control>
      </groupChildrenDescriptors>
    </control>
    <control controlID="C09CB57E-6158-4FE0-905F-5821FE5C368E" controlTypeID="__group__" x="415" y="1758" w="150" h="189" zOrder="42">
      <groupChildrenDescriptors>
        <control controlID="3DC6991A-DF86-47E4-B800-93C9C8B91A28" controlTypeID="Shape" x="0" y="0" w="150" h="189" zOrder="0">
          <font family="%E5%BE%AE%E8%BD%AF%E9%9B%85%E9%BB%91" displayName="%E5%BE%AE%E8%BD%AF%E9%9B%85%E9%BB%91" postScript="" weightStyle="Regular" weight="400" isBold="False" isItalic="False"/>
          <lineSpacing>16</lineSpacing>
          <selectedIndex>-1</selectedIndex>
        </control>
        <control controlID="E9FF68A3-00E8-4236-A73C-3C078F33C87D" controlTypeID="Image" x="0" y="0" w="150" h="150" zOrder="1"/>
        <control controlID="72A8E211-8331-47A4-97C3-0604C95F4BEB" controlTypeID="Label" x="4" y="169" w="44" h="16" zOrder="2">
          <font family="%E5%BE%AE%E8%BD%AF%E9%9B%85%E9%BB%91" displayName="%E5%BE%AE%E8%BD%AF%E9%9B%85%E9%BB%91" postScript="" weightStyle="Regular" weight="400" isBold="False" isItalic="False"/>
          <text>%EF%BF%A53000</text>
          <textSize>12</textSize>
          <lineSpacing>16</lineSpacing>
          <selectedIndex>-1</selectedIndex>
        </control>
        <control controlID="847CC3C8-5BDB-4CB4-BAE3-0036105C8F73" controlTypeID="Label" x="4" y="153" w="89" h="16" zOrder="3">
          <font family="%E5%BE%AE%E8%BD%AF%E9%9B%85%E9%BB%91" displayName="%E5%BE%AE%E8%BD%AF%E9%9B%85%E9%BB%91" postScript="" weightStyle="Regular" weight="400" isBold="False" isItalic="False"/>
          <text>%E5%90%8D%E7%A7%B0%EF%BC%9A1101001</text>
          <textSize>12</textSize>
          <lineSpacing>16</lineSpacing>
          <selectedIndex>-1</selectedIndex>
        </control>
      </groupChildrenDescriptors>
    </control>
    <control controlID="A014BD73-177D-457E-A88D-3803E6CFB76A" controlTypeID="__group__" x="605" y="1758" w="150" h="189" zOrder="43">
      <groupChildrenDescriptors>
        <control controlID="C419568C-8C11-4CEC-B77B-CC6E1DC9A053" controlTypeID="Shape" x="0" y="0" w="150" h="189" zOrder="0">
          <font family="%E5%BE%AE%E8%BD%AF%E9%9B%85%E9%BB%91" displayName="%E5%BE%AE%E8%BD%AF%E9%9B%85%E9%BB%91" postScript="" weightStyle="Regular" weight="400" isBold="False" isItalic="False"/>
          <lineSpacing>16</lineSpacing>
          <selectedIndex>-1</selectedIndex>
        </control>
        <control controlID="9F2386F7-2D64-467D-B79E-33B6E920B01E" controlTypeID="Image" x="0" y="0" w="150" h="150" zOrder="1"/>
        <control controlID="C88D420A-1F7A-4354-BA03-CE138333140F" controlTypeID="Label" x="4" y="169" w="44" h="16" zOrder="2">
          <font family="%E5%BE%AE%E8%BD%AF%E9%9B%85%E9%BB%91" displayName="%E5%BE%AE%E8%BD%AF%E9%9B%85%E9%BB%91" postScript="" weightStyle="Regular" weight="400" isBold="False" isItalic="False"/>
          <text>%EF%BF%A53000</text>
          <textSize>12</textSize>
          <lineSpacing>16</lineSpacing>
          <selectedIndex>-1</selectedIndex>
        </control>
        <control controlID="5D78665E-A86C-4423-A94F-A61CA2CA1E64" controlTypeID="Label" x="4" y="153" w="89" h="16" zOrder="3">
          <font family="%E5%BE%AE%E8%BD%AF%E9%9B%85%E9%BB%91" displayName="%E5%BE%AE%E8%BD%AF%E9%9B%85%E9%BB%91" postScript="" weightStyle="Regular" weight="400" isBold="False" isItalic="False"/>
          <text>%E5%90%8D%E7%A7%B0%EF%BC%9A1101001</text>
          <textSize>12</textSize>
          <lineSpacing>16</lineSpacing>
          <selectedIndex>-1</selectedIndex>
        </control>
      </groupChildrenDescriptors>
    </control>
    <control controlID="29051B5C-C137-4B2F-878E-CCEC012601AF" controlTypeID="__group__" x="412" y="1232" w="150" h="189" zOrder="44">
      <groupChildrenDescriptors>
        <control controlID="B63EB524-10FF-495A-B3AC-D42E50713D4C" controlTypeID="Shape" x="0" y="0" w="150" h="189" zOrder="0">
          <font family="%E5%BE%AE%E8%BD%AF%E9%9B%85%E9%BB%91" displayName="%E5%BE%AE%E8%BD%AF%E9%9B%85%E9%BB%91" postScript="" weightStyle="Regular" weight="400" isBold="False" isItalic="False"/>
          <lineSpacing>16</lineSpacing>
          <selectedIndex>-1</selectedIndex>
        </control>
        <control controlID="FF8F7605-5603-445E-80B8-0CB0121A6B33" controlTypeID="Image" x="0" y="0" w="150" h="150" zOrder="1"/>
        <control controlID="504085E9-88C0-4238-BCA2-E9594C35F375" controlTypeID="Label" x="4" y="169" w="44" h="16" zOrder="2">
          <font family="%E5%BE%AE%E8%BD%AF%E9%9B%85%E9%BB%91" displayName="%E5%BE%AE%E8%BD%AF%E9%9B%85%E9%BB%91" postScript="" weightStyle="Regular" weight="400" isBold="False" isItalic="False"/>
          <text>%EF%BF%A53000</text>
          <textSize>12</textSize>
          <lineSpacing>16</lineSpacing>
          <selectedIndex>-1</selectedIndex>
        </control>
        <control controlID="CD83C05E-9E7F-41BE-B330-DB73D6DFEFF4" controlTypeID="Label" x="4" y="153" w="89" h="16" zOrder="3">
          <font family="%E5%BE%AE%E8%BD%AF%E9%9B%85%E9%BB%91" displayName="%E5%BE%AE%E8%BD%AF%E9%9B%85%E9%BB%91" postScript="" weightStyle="Regular" weight="400" isBold="False" isItalic="False"/>
          <text>%E5%90%8D%E7%A7%B0%EF%BC%9A1101001</text>
          <textSize>12</textSize>
          <lineSpacing>16</lineSpacing>
          <selectedIndex>-1</selectedIndex>
        </control>
      </groupChildrenDescriptors>
    </control>
    <control controlID="BFE7EC15-5084-43FA-9CD4-C28FDFB6D4A3" controlTypeID="__group__" x="415" y="1557" w="150" h="189" zOrder="45">
      <groupChildrenDescriptors>
        <control controlID="DECB407C-FB33-4601-BDFA-6E51EE5989DB" controlTypeID="Shape" x="0" y="0" w="150" h="189" zOrder="0">
          <font family="%E5%BE%AE%E8%BD%AF%E9%9B%85%E9%BB%91" displayName="%E5%BE%AE%E8%BD%AF%E9%9B%85%E9%BB%91" postScript="" weightStyle="Regular" weight="400" isBold="False" isItalic="False"/>
          <lineSpacing>16</lineSpacing>
          <selectedIndex>-1</selectedIndex>
        </control>
        <control controlID="6FD92608-54A0-4722-A5B0-B0A826A537B7" controlTypeID="Image" x="0" y="0" w="150" h="150" zOrder="1"/>
        <control controlID="F535D19D-9EA2-4EBD-90B6-AA817409332F" controlTypeID="Label" x="4" y="169" w="44" h="16" zOrder="2">
          <font family="%E5%BE%AE%E8%BD%AF%E9%9B%85%E9%BB%91" displayName="%E5%BE%AE%E8%BD%AF%E9%9B%85%E9%BB%91" postScript="" weightStyle="Regular" weight="400" isBold="False" isItalic="False"/>
          <text>%EF%BF%A53000</text>
          <textSize>12</textSize>
          <lineSpacing>16</lineSpacing>
          <selectedIndex>-1</selectedIndex>
        </control>
        <control controlID="D59B2B37-E406-4317-9437-0935651F8D23" controlTypeID="Label" x="4" y="153" w="89" h="16" zOrder="3">
          <font family="%E5%BE%AE%E8%BD%AF%E9%9B%85%E9%BB%91" displayName="%E5%BE%AE%E8%BD%AF%E9%9B%85%E9%BB%91" postScript="" weightStyle="Regular" weight="400" isBold="False" isItalic="False"/>
          <text>%E5%90%8D%E7%A7%B0%EF%BC%9A1101001</text>
          <textSize>12</textSize>
          <lineSpacing>16</lineSpacing>
          <selectedIndex>-1</selectedIndex>
        </control>
      </groupChildrenDescriptors>
    </control>
    <control controlID="D079E778-E23D-4800-A579-3FA3A6FE0F5D" controlTypeID="__group__" x="602" y="1232" w="150" h="189" zOrder="46">
      <groupChildrenDescriptors>
        <control controlID="D26FDDFF-B86D-4330-8429-A0BA3F54F737" controlTypeID="Shape" x="0" y="0" w="150" h="189" zOrder="0">
          <font family="%E5%BE%AE%E8%BD%AF%E9%9B%85%E9%BB%91" displayName="%E5%BE%AE%E8%BD%AF%E9%9B%85%E9%BB%91" postScript="" weightStyle="Regular" weight="400" isBold="False" isItalic="False"/>
          <lineSpacing>16</lineSpacing>
          <selectedIndex>-1</selectedIndex>
        </control>
        <control controlID="90412DEC-553C-4F8C-8D9C-7A6CA2A26388" controlTypeID="Image" x="0" y="0" w="150" h="150" zOrder="1"/>
        <control controlID="7EE32524-75F4-4216-8B75-3AE864F714C9" controlTypeID="Label" x="4" y="169" w="44" h="16" zOrder="2">
          <font family="%E5%BE%AE%E8%BD%AF%E9%9B%85%E9%BB%91" displayName="%E5%BE%AE%E8%BD%AF%E9%9B%85%E9%BB%91" postScript="" weightStyle="Regular" weight="400" isBold="False" isItalic="False"/>
          <text>%EF%BF%A53000</text>
          <textSize>12</textSize>
          <lineSpacing>16</lineSpacing>
          <selectedIndex>-1</selectedIndex>
        </control>
        <control controlID="79BFDF74-7698-4849-99CA-3D18F71746A1" controlTypeID="Label" x="4" y="153" w="89" h="16" zOrder="3">
          <font family="%E5%BE%AE%E8%BD%AF%E9%9B%85%E9%BB%91" displayName="%E5%BE%AE%E8%BD%AF%E9%9B%85%E9%BB%91" postScript="" weightStyle="Regular" weight="400" isBold="False" isItalic="False"/>
          <text>%E5%90%8D%E7%A7%B0%EF%BC%9A1101001</text>
          <textSize>12</textSize>
          <lineSpacing>16</lineSpacing>
          <selectedIndex>-1</selectedIndex>
        </control>
      </groupChildrenDescriptors>
    </control>
    <control controlID="59387AC0-1AD4-45B0-A373-35CC6C73A7D0" controlTypeID="__group__" x="605" y="1557" w="150" h="189" zOrder="47">
      <groupChildrenDescriptors>
        <control controlID="44145606-B901-431A-9875-54E44C3E74B3" controlTypeID="Shape" x="0" y="0" w="150" h="189" zOrder="0">
          <font family="%E5%BE%AE%E8%BD%AF%E9%9B%85%E9%BB%91" displayName="%E5%BE%AE%E8%BD%AF%E9%9B%85%E9%BB%91" postScript="" weightStyle="Regular" weight="400" isBold="False" isItalic="False"/>
          <lineSpacing>16</lineSpacing>
          <selectedIndex>-1</selectedIndex>
        </control>
        <control controlID="4F610D2A-2002-454E-8177-8FAF85932359" controlTypeID="Image" x="0" y="0" w="150" h="150" zOrder="1"/>
        <control controlID="2F2B4FDE-59C8-406F-815A-AD797488B81E" controlTypeID="Label" x="4" y="169" w="44" h="16" zOrder="2">
          <font family="%E5%BE%AE%E8%BD%AF%E9%9B%85%E9%BB%91" displayName="%E5%BE%AE%E8%BD%AF%E9%9B%85%E9%BB%91" postScript="" weightStyle="Regular" weight="400" isBold="False" isItalic="False"/>
          <text>%EF%BF%A53000</text>
          <textSize>12</textSize>
          <lineSpacing>16</lineSpacing>
          <selectedIndex>-1</selectedIndex>
        </control>
        <control controlID="5483F5A2-4A97-4F78-B16B-768D381CAF17" controlTypeID="Label" x="4" y="153" w="89" h="16" zOrder="3">
          <font family="%E5%BE%AE%E8%BD%AF%E9%9B%85%E9%BB%91" displayName="%E5%BE%AE%E8%BD%AF%E9%9B%85%E9%BB%91" postScript="" weightStyle="Regular" weight="400" isBold="False" isItalic="False"/>
          <text>%E5%90%8D%E7%A7%B0%EF%BC%9A1101001</text>
          <textSize>12</textSize>
          <lineSpacing>16</lineSpacing>
          <selectedIndex>-1</selectedIndex>
        </control>
      </groupChildrenDescriptors>
    </control>
    <control controlID="0C4447BA-496A-4CAE-863D-41C2FCEEFAAC" controlTypeID="Image" x="27" y="1232" w="168" h="189" zOrder="48"/>
    <control controlID="48CB4046-7941-44E4-828E-F7DCDBADD80E" controlTypeID="Image" x="27" y="540" w="168" h="189" zOrder="49"/>
    <control controlID="9C90E17F-93E7-4E13-9587-F8B238832BF7" controlTypeID="Image" x="27" y="799" w="168" h="396" zOrder="50"/>
    <control controlID="38BD8719-7786-4326-B6E8-FF6F52CE0FFC" controlTypeID="Image" x="26" y="1557" w="179" h="390" zOrder="51"/>
    <control controlID="F415AB00-D788-4B7F-B511-4E2871737950" controlTypeID="Line" x="8" y="2223" w="792" h="2" zOrder="52">
      <font family="%E5%BE%AE%E8%BD%AF%E9%9B%85%E9%BB%91" displayName="%E5%BE%AE%E8%BD%AF%E9%9B%85%E9%BB%91" postScript="" weightStyle="Regular" weight="400" isBold="False" isItalic="False"/>
      <lineSpacing>16</lineSpacing>
      <selectedIndex>-1</selectedIndex>
      <controlPoint>(396,1)</controlPoint>
      <startPoint>(0,1)</startPoint>
      <endPoint>(792,1)</endPoint>
    </control>
    <control controlID="2203778A-FBB3-4AB5-BAD1-175AB28AD708" controlTypeID="Label" x="356" y="2055" w="87" h="27" zOrder="53">
      <remarkText>%E9%A2%9C%E8%89%B2%EF%BC%9A333333%0D%0A%E5%AD%97%E4%BD%93%EF%BC%9A20</remarkText>
      <font family="%E5%BE%AE%E8%BD%AF%E9%9B%85%E9%BB%91" displayName="%E5%BE%AE%E8%BD%AF%E9%9B%85%E9%BB%91+Bold" postScript="" weightStyle="Bold" weight="700" isBold="True" isItalic="False"/>
      <text>%E5%85%A8%E6%B0%91%E5%BD%93%E9%93%BA</text>
      <textColor>4281545523</textColor>
      <textSize>20</textSize>
      <lineSpacing>26</lineSpacing>
      <textStyles>[fsBold]</textStyles>
      <useDefaultTextSize>False</useDefaultTextSize>
      <selectedIndex>-1</selectedIndex>
    </control>
    <control controlID="E2FF1F25-1D47-4FE8-B055-5052DFC5FE9A" controlTypeID="Line" x="37" y="2067" w="310" h="2" zOrder="54">
      <font family="%E5%BE%AE%E8%BD%AF%E9%9B%85%E9%BB%91" displayName="%E5%BE%AE%E8%BD%AF%E9%9B%85%E9%BB%91" postScript="" weightStyle="Regular" weight="400" isBold="False" isItalic="False"/>
      <lineSpacing>16</lineSpacing>
      <selectedIndex>-1</selectedIndex>
      <controlPoint>(156,1)</controlPoint>
      <startPoint>(1,1)</startPoint>
      <endPoint>(310,1)</endPoint>
    </control>
    <control controlID="7D5E2ED8-B0B8-4F7D-812F-0A37974A8E8A" controlTypeID="Line" x="440" y="2067" w="314" h="2" zOrder="55">
      <font family="%E5%BE%AE%E8%BD%AF%E9%9B%85%E9%BB%91" displayName="%E5%BE%AE%E8%BD%AF%E9%9B%85%E9%BB%91" postScript="" weightStyle="Regular" weight="400" isBold="False" isItalic="False"/>
      <lineSpacing>16</lineSpacing>
      <selectedIndex>-1</selectedIndex>
      <controlPoint>(158,1)</controlPoint>
      <startPoint>(1,1)</startPoint>
      <endPoint>(314,1)</endPoint>
    </control>
    <control controlID="DF5ACE2D-4BDE-4C2A-A5A1-99F87A93D212" controlTypeID="Circle" x="36" y="2132" w="50" h="50" zOrder="56">
      <color>4294901811</color>
      <borderVisible>False</borderVisible>
      <remarkText>%E5%B0%BA%E5%AF%B8%EF%BC%9A50%0D%0A%E5%AD%97%E4%BD%93%EF%BC%9A20</remarkText>
      <font family="%E5%BE%AE%E8%BD%AF%E9%9B%85%E9%BB%91" displayName="%E5%BE%AE%E8%BD%AF%E9%9B%85%E9%BB%91" postScript="" weightStyle="Regular" weight="400" isBold="False" isItalic="False"/>
      <text>%E4%BC%98</text>
      <textColor>4294967295</textColor>
      <textSize>20</textSize>
      <lineSpacing>26</lineSpacing>
      <useDefaultTextSize>False</useDefaultTextSize>
      <selectedIndex>-1</selectedIndex>
      <shapeBorderType>SbEllipse</shapeBorderType>
    </control>
    <control controlID="5364017C-848D-42ED-B5BE-C2AF39509F7A" controlTypeID="Circle" x="309" y="2132" w="50" h="50" zOrder="57">
      <color>4294901811</color>
      <borderVisible>False</borderVisible>
      <font family="%E5%BE%AE%E8%BD%AF%E9%9B%85%E9%BB%91" displayName="%E5%BE%AE%E8%BD%AF%E9%9B%85%E9%BB%91" postScript="" weightStyle="Regular" weight="400" isBold="False" isItalic="False"/>
      <text>%E4%BF%9D</text>
      <textColor>4294967295</textColor>
      <textSize>20</textSize>
      <lineSpacing>26</lineSpacing>
      <useDefaultTextSize>False</useDefaultTextSize>
      <selectedIndex>-1</selectedIndex>
      <shapeBorderType>SbEllipse</shapeBorderType>
    </control>
    <control controlID="7BB0D213-2928-42D4-9283-1C91F7354C1F" controlTypeID="Circle" x="583" y="2132" w="50" h="50" zOrder="58">
      <color>4294901811</color>
      <borderVisible>False</borderVisible>
      <font family="%E5%BE%AE%E8%BD%AF%E9%9B%85%E9%BB%91" displayName="%E5%BE%AE%E8%BD%AF%E9%9B%85%E9%BB%91" postScript="" weightStyle="Regular" weight="400" isBold="False" isItalic="False"/>
      <text>%E8%AF%9A</text>
      <textColor>4294967295</textColor>
      <textSize>20</textSize>
      <lineSpacing>26</lineSpacing>
      <useDefaultTextSize>False</useDefaultTextSize>
      <selectedIndex>-1</selectedIndex>
      <shapeBorderType>SbEllipse</shapeBorderType>
    </control>
    <control controlID="C9B1FC34-0848-48E1-BDA2-633DADD3BFA2" controlTypeID="Label" x="99" y="2136" w="61" h="19" zOrder="59">
      <remarkText>%E9%A2%9C%E8%89%B2%EF%BC%9A333333%0D%0A%E5%AD%97%E4%BD%9314</remarkText>
      <font family="%E5%BE%AE%E8%BD%AF%E9%9B%85%E9%BB%91" displayName="%E5%BE%AE%E8%BD%AF%E9%9B%85%E9%BB%91+Bold" postScript="" weightStyle="Bold" weight="700" isBold="True" isItalic="False"/>
      <text>%E5%93%81%E8%B4%A8%E4%BF%9D%E8%AF%81</text>
      <textColor>4281545523</textColor>
      <lineSpacing>18</lineSpacing>
      <textStyles>[fsBold]</textStyles>
      <useDefaultTextSize>False</useDefaultTextSize>
      <selectedIndex>-1</selectedIndex>
    </control>
    <control controlID="873FDBC6-01BC-4BC5-A457-D9FA3533A677" controlTypeID="Label" x="369" y="2136" w="61" h="19" zOrder="60">
      <font family="%E5%BE%AE%E8%BD%AF%E9%9B%85%E9%BB%91" displayName="%E5%BE%AE%E8%BD%AF%E9%9B%85%E9%BB%91+Bold" postScript="" weightStyle="Bold" weight="700" isBold="True" isItalic="False"/>
      <text>%E4%BA%A4%E6%98%93%E4%BF%9D%E8%AF%81</text>
      <textColor>4281545523</textColor>
      <lineSpacing>18</lineSpacing>
      <textStyles>[fsBold]</textStyles>
      <useDefaultTextSize>False</useDefaultTextSize>
      <selectedIndex>-1</selectedIndex>
    </control>
    <control controlID="7EE997AA-ECAB-4021-A8FE-21BCA31AE9FA" controlTypeID="Label" x="641" y="2137" w="61" h="19" zOrder="61">
      <font family="%E5%BE%AE%E8%BD%AF%E9%9B%85%E9%BB%91" displayName="%E5%BE%AE%E8%BD%AF%E9%9B%85%E9%BB%91+Bold" postScript="" weightStyle="Bold" weight="700" isBold="True" isItalic="False"/>
      <text>%E8%AF%9A%E4%BF%A1%E4%BF%9D%E8%AF%81</text>
      <textColor>4281545523</textColor>
      <lineSpacing>18</lineSpacing>
      <textStyles>[fsBold]</textStyles>
      <useDefaultTextSize>False</useDefaultTextSize>
      <selectedIndex>-1</selectedIndex>
    </control>
    <control controlID="DCE3BB6C-AD3E-4E0C-A5CB-28F7568FB7A4" controlTypeID="Label" x="99" y="2160" w="121" h="19" zOrder="62">
      <remarkText>%E9%A2%9C%E8%89%B2%EF%BC%9A999999%0D%0A%E5%AD%97%E4%BD%93%EF%BC%9A14</remarkText>
      <font family="%E5%BE%AE%E8%BD%AF%E9%9B%85%E9%BB%91" displayName="%E5%BE%AE%E8%BD%AF%E9%9B%85%E9%BB%91" postScript="" weightStyle="Regular" weight="400" isBold="False" isItalic="False"/>
      <text>%E5%93%81%E8%B4%A8%E6%8A%A4%E8%88%AA+%E8%B4%AD%E7%89%A9%E6%97%A0%E5%BF%A7</text>
      <textColor>4288256409</textColor>
      <lineSpacing>18</lineSpacing>
      <useDefaultTextSize>False</useDefaultTextSize>
      <selectedIndex>-1</selectedIndex>
    </control>
    <control controlID="79936B91-8738-408B-BDF6-B6712A8E0727" controlTypeID="Label" x="369" y="2157" w="149" h="19" zOrder="63">
      <font family="%E5%BE%AE%E8%BD%AF%E9%9B%85%E9%BB%91" displayName="%E5%BE%AE%E8%BD%AF%E9%9B%85%E9%BB%91" postScript="" weightStyle="Regular" weight="400" isBold="False" isItalic="False"/>
      <text>%E7%BA%BF%E4%B8%8B%E4%BA%A4%E6%98%93+%E6%9C%80%E5%AE%89%E5%85%A8%E7%9A%84%E4%BF%9D%E9%9A%9C</text>
      <textColor>4288256409</textColor>
      <lineSpacing>18</lineSpacing>
      <useDefaultTextSize>False</useDefaultTextSize>
      <selectedIndex>-1</selectedIndex>
    </control>
    <control controlID="589826AE-572F-4234-A2CF-2A4005F91723" controlTypeID="Label" x="641" y="2158" w="121" h="19" zOrder="64">
      <font family="%E5%BE%AE%E8%BD%AF%E9%9B%85%E9%BB%91" displayName="%E5%BE%AE%E8%BD%AF%E9%9B%85%E9%BB%91" postScript="" weightStyle="Regular" weight="400" isBold="False" isItalic="False"/>
      <text>%E8%AF%9A%E4%BF%A1%E5%95%86%E9%93%BA+%E8%AF%9A%E6%84%8F%E5%BE%85%E4%BA%BA</text>
      <textColor>4288256409</textColor>
      <lineSpacing>18</lineSpacing>
      <useDefaultTextSize>False</useDefaultTextSize>
      <selectedIndex>-1</selectedIndex>
    </control>
    <control controlID="C81460B1-FC5E-4BE5-A1B1-31332EFD7A15" controlTypeID="Line" x="260" y="2145" w="2" h="24" zOrder="65">
      <font family="%E5%BE%AE%E8%BD%AF%E9%9B%85%E9%BB%91" displayName="%E5%BE%AE%E8%BD%AF%E9%9B%85%E9%BB%91" postScript="" weightStyle="Regular" weight="400" isBold="False" isItalic="False"/>
      <lineSpacing>16</lineSpacing>
      <selectedIndex>-1</selectedIndex>
      <controlPoint>(1,12)</controlPoint>
      <startPoint>(1,0)</startPoint>
      <endPoint>(1,24)</endPoint>
    </control>
    <control controlID="D87C753B-3F84-451C-BC70-9059DC60C4A9" controlTypeID="Line" x="539" y="2145" w="2" h="24" zOrder="66">
      <font family="%E5%BE%AE%E8%BD%AF%E9%9B%85%E9%BB%91" displayName="%E5%BE%AE%E8%BD%AF%E9%9B%85%E9%BB%91" postScript="" weightStyle="Regular" weight="400" isBold="False" isItalic="False"/>
      <lineSpacing>16</lineSpacing>
      <selectedIndex>-1</selectedIndex>
      <controlPoint>(1,12)</controlPoint>
      <startPoint>(1,0)</startPoint>
      <endPoint>(1,24)</endPoint>
    </control>
    <control controlID="A682DB35-BDB2-4105-BF0E-AFEB8BF6A7A0" controlTypeID="Shape" x="0" y="0" w="800" h="37" zOrder="67">
      <color>4291611852</color>
      <borderVisible>False</borderVisible>
      <font family="%E5%BE%AE%E8%BD%AF%E9%9B%85%E9%BB%91" displayName="%E5%BE%AE%E8%BD%AF%E9%9B%85%E9%BB%91" postScript="" weightStyle="Regular" weight="400" isBold="False" isItalic="False"/>
      <textColor>4294967295</textColor>
      <lineSpacing>16</lineSpacing>
      <selectedIndex>-1</selectedIndex>
    </control>
    <control controlID="2B22FC39-FCCE-4981-BAB5-B811D15855B4" controlTypeID="Shape" x="45" y="55" w="131" h="55" zOrder="68">
      <font family="%E5%BE%AE%E8%BD%AF%E9%9B%85%E9%BB%91" displayName="%E5%BE%AE%E8%BD%AF%E9%9B%85%E9%BB%91" postScript="" weightStyle="Regular" weight="400" isBold="False" isItalic="False"/>
      <text>LOGO</text>
      <lineSpacing>16</lineSpacing>
      <selectedIndex>-1</selectedIndex>
    </control>
    <control controlID="7DE8A210-4EC3-495B-9FE5-6F3558035B68" controlTypeID="__group__" x="400" y="78" w="300" h="32" zOrder="69">
      <remarkText>%E9%A2%9C%E8%89%B2%EF%BC%9AFF0033</remarkText>
      <groupChildrenDescriptors>
        <control controlID="594521D3-FBBE-41E0-AFEE-E7E9CB80F2D1" controlTypeID="Shape" x="0" y="0" w="238" h="32" zOrder="0">
          <font family="%E5%BE%AE%E8%BD%AF%E9%9B%85%E9%BB%91" displayName="%E5%BE%AE%E8%BD%AF%E9%9B%85%E9%BB%91" postScript="" weightStyle="Regular" weight="400" isBold="False" isItalic="False"/>
          <lineSpacing>16</lineSpacing>
          <selectedIndex>-1</selectedIndex>
        </control>
        <control controlID="E0E1B9E6-DED5-4129-B147-23949D6FD0F0" controlTypeID="Shape" x="237" y="0" w="63" h="32" zOrder="1">
          <color>4291611852</color>
          <font family="%E5%BE%AE%E8%BD%AF%E9%9B%85%E9%BB%91" displayName="%E5%BE%AE%E8%BD%AF%E9%9B%85%E9%BB%91" postScript="" weightStyle="Regular" weight="400" isBold="False" isItalic="False"/>
          <text>%E6%90%9C%E7%B4%A2</text>
          <lineSpacing>16</lineSpacing>
          <selectedIndex>-1</selectedIndex>
        </control>
      </groupChildrenDescriptors>
    </control>
    <control controlID="EB9C1B89-478C-402E-8427-1A336688F4C6" controlTypeID="Label" x="29" y="10" w="107" h="16" zOrder="70">
      <font family="%E5%BE%AE%E8%BD%AF%E9%9B%85%E9%BB%91" displayName="%E5%BE%AE%E8%BD%AF%E9%9B%85%E9%BB%91" postScript="" weightStyle="Regular" weight="400" isBold="False" isItalic="False"/>
      <text>%E6%AC%A2%E8%BF%8E%E6%9D%A5%E5%88%B0%E5%85%A8%E6%B0%91%E5%BD%93%E9%93%BA%EF%BC%81</text>
      <textSize>12</textSize>
      <lineSpacing>16</lineSpacing>
      <selectedIndex>-1</selectedIndex>
    </control>
    <control controlID="9F97C7EB-097A-4121-8D26-216C81059F40" controlTypeID="Label" x="69" y="178" w="71" h="16" zOrder="71">
      <font family="%E5%BE%AE%E8%BD%AF%E9%9B%85%E9%BB%91" displayName="%E5%BE%AE%E8%BD%AF%E9%9B%85%E9%BB%91" postScript="" weightStyle="Regular" weight="400" isBold="False" isItalic="False"/>
      <text>%E9%95%BF%E5%AE%89%E8%A1%97%E5%BD%93%E9%93%BA1</text>
      <textSize>12</textSize>
      <lineSpacing>16</lineSpacing>
      <selectedIndex>-1</selectedIndex>
    </control>
    <control controlID="688D3921-7FED-40E7-822E-2BEEBA129B90" controlTypeID="Label" x="69" y="221" w="71" h="16" zOrder="72">
      <font family="%E5%BE%AE%E8%BD%AF%E9%9B%85%E9%BB%91" displayName="%E5%BE%AE%E8%BD%AF%E9%9B%85%E9%BB%91" postScript="" weightStyle="Regular" weight="400" isBold="False" isItalic="False"/>
      <text>%E9%95%BF%E5%AE%89%E8%A1%97%E5%BD%93%E9%93%BA2</text>
      <textSize>12</textSize>
      <lineSpacing>16</lineSpacing>
      <selectedIndex>-1</selectedIndex>
    </control>
    <control controlID="B31C28CE-236A-46AF-BD76-88795385F3F7" controlTypeID="Label" x="69" y="270" w="71" h="16" zOrder="73">
      <font family="%E5%BE%AE%E8%BD%AF%E9%9B%85%E9%BB%91" displayName="%E5%BE%AE%E8%BD%AF%E9%9B%85%E9%BB%91" postScript="" weightStyle="Regular" weight="400" isBold="False" isItalic="False"/>
      <text>%E9%95%BF%E5%AE%89%E8%A1%97%E5%BD%93%E9%93%BA3</text>
      <textSize>12</textSize>
      <lineSpacing>16</lineSpacing>
      <selectedIndex>-1</selectedIndex>
    </control>
    <control controlID="E9BD4CC7-D615-4B69-A5CC-0680706FCFE0" controlTypeID="Label" x="69" y="313" w="71" h="16" zOrder="74">
      <font family="%E5%BE%AE%E8%BD%AF%E9%9B%85%E9%BB%91" displayName="%E5%BE%AE%E8%BD%AF%E9%9B%85%E9%BB%91" postScript="" weightStyle="Regular" weight="400" isBold="False" isItalic="False"/>
      <text>%E9%95%BF%E5%AE%89%E8%A1%97%E5%BD%93%E9%93%BA4</text>
      <textSize>12</textSize>
      <lineSpacing>16</lineSpacing>
      <selectedIndex>-1</selectedIndex>
    </control>
    <control controlID="0B81382A-9DC7-45B6-9E9B-6BB2420D0957" controlTypeID="Label" x="69" y="350" w="71" h="16" zOrder="75">
      <font family="%E5%BE%AE%E8%BD%AF%E9%9B%85%E9%BB%91" displayName="%E5%BE%AE%E8%BD%AF%E9%9B%85%E9%BB%91" postScript="" weightStyle="Regular" weight="400" isBold="False" isItalic="False"/>
      <text>%E9%95%BF%E5%AE%89%E8%A1%97%E5%BD%93%E9%93%BA5</text>
      <textSize>12</textSize>
      <lineSpacing>16</lineSpacing>
      <selectedIndex>-1</selectedIndex>
    </control>
    <control controlID="93E7EB22-9086-4116-A67F-6738649E4813" controlTypeID="Label" x="69" y="429" w="71" h="16" zOrder="76">
      <font family="%E5%BE%AE%E8%BD%AF%E9%9B%85%E9%BB%91" displayName="%E5%BE%AE%E8%BD%AF%E9%9B%85%E9%BB%91" postScript="" weightStyle="Regular" weight="400" isBold="False" isItalic="False"/>
      <text>%E9%95%BF%E5%AE%89%E8%A1%97%E5%BD%93%E9%93%BA7</text>
      <textSize>12</textSize>
      <lineSpacing>16</lineSpacing>
      <selectedIndex>-1</selectedIndex>
    </control>
    <control controlID="724BE5D9-F4D2-4D8A-85E7-4EA930FBC311" controlTypeID="Label" x="69" y="385" w="71" h="16" zOrder="77">
      <font family="%E5%BE%AE%E8%BD%AF%E9%9B%85%E9%BB%91" displayName="%E5%BE%AE%E8%BD%AF%E9%9B%85%E9%BB%91" postScript="" weightStyle="Regular" weight="400" isBold="False" isItalic="False"/>
      <text>%E9%95%BF%E5%AE%89%E8%A1%97%E5%BD%93%E9%93%BA6</text>
      <textSize>12</textSize>
      <lineSpacing>16</lineSpacing>
      <selectedIndex>-1</selectedIndex>
    </control>
    <control controlID="8991F616-FB2C-43F2-AC78-11C2304DF6D2" controlTypeID="Shape" x="54" y="130" w="114" h="32" zOrder="78">
      <color>4294901811</color>
      <borderVisible>False</borderVisible>
      <font family="%E5%BE%AE%E8%BD%AF%E9%9B%85%E9%BB%91" displayName="%E5%BE%AE%E8%BD%AF%E9%9B%85%E9%BB%91+Bold" postScript="" weightStyle="Bold" weight="700" isBold="True" isItalic="False"/>
      <text>%E5%85%A8%E6%B0%91%E5%BD%93%E9%93%BA</text>
      <textColor>4294967295</textColor>
      <textSize>16</textSize>
      <lineSpacing>21</lineSpacing>
      <textStyles>[fsBold]</textStyles>
      <useDefaultTextSize>False</useDefaultTextSize>
      <selectedIndex>-1</selectedIndex>
    </control>
    <control controlID="D6D5A4D7-374B-44D6-B951-C5D004EB6F82" controlTypeID="Label" x="243" y="135" w="38" h="22" zOrder="79">
      <remarkText>%E5%BD%93%E9%BC%A0%E6%A0%87%E6%94%BE%E4%B8%8A%E5%8E%BB%EF%BC%8C%E5%AD%97%E4%BD%93%E6%98%BE%E7%A4%BA%E7%BA%A2%E8%89%B2%EF%BC%88FF0033%EF%BC%89</remarkText>
      <font family="%E5%BE%AE%E8%BD%AF%E9%9B%85%E9%BB%91" displayName="%E5%BE%AE%E8%BD%AF%E9%9B%85%E9%BB%91+Bold" postScript="" weightStyle="Bold" weight="700" isBold="True" isItalic="False"/>
      <text>%E9%A6%96%E9%A1%B5</text>
      <textColor>4281545523</textColor>
      <textSize>16</textSize>
      <lineSpacing>21</lineSpacing>
      <textStyles>[fsBold]</textStyles>
      <useDefaultTextSize>False</useDefaultTextSize>
      <selectedIndex>-1</selectedIndex>
    </control>
    <control controlID="C0A8E788-6111-4B08-AE52-4FC9C70F84AE" controlTypeID="Label" x="318" y="135" w="38" h="22" zOrder="80">
      <font family="%E5%BE%AE%E8%BD%AF%E9%9B%85%E9%BB%91" displayName="%E5%BE%AE%E8%BD%AF%E9%9B%85%E9%BB%91+Bold" postScript="" weightStyle="Bold" weight="700" isBold="True" isItalic="False"/>
      <text>%E7%83%AD%E9%97%A8</text>
      <textColor>4281545523</textColor>
      <textSize>16</textSize>
      <lineSpacing>21</lineSpacing>
      <textStyles>[fsBold]</textStyles>
      <useDefaultTextSize>False</useDefaultTextSize>
      <selectedIndex>-1</selectedIndex>
    </control>
    <control controlID="64CDB933-6113-47B5-8ACB-ABA7235619A5" controlTypeID="Label" x="391" y="135" w="38" h="22" zOrder="81">
      <font family="%E5%BE%AE%E8%BD%AF%E9%9B%85%E9%BB%91" displayName="%E5%BE%AE%E8%BD%AF%E9%9B%85%E9%BB%91+Bold" postScript="" weightStyle="Bold" weight="700" isBold="True" isItalic="False"/>
      <text>%E7%A7%AF%E5%88%86</text>
      <textColor>4281545523</textColor>
      <textSize>16</textSize>
      <lineSpacing>21</lineSpacing>
      <textStyles>[fsBold]</textStyles>
      <useDefaultTextSize>False</useDefaultTextSize>
      <selectedIndex>-1</selectedIndex>
    </control>
    <control controlID="748B128F-93DA-4531-B629-B7D18DAF32F5" controlTypeID="HRule" x="0" y="156" w="800" h="12" zOrder="82">
      <color>4294901811</color>
      <remarkText>%E9%A2%9C%E8%89%B2%EF%BC%9AFF0033</remarkText>
    </control>
    <control controlID="E7599D15-DB48-46A8-B108-AA374BD2A079" controlTypeID="Label" x="276" y="607" w="28" h="16" zOrder="83">
      <remarkText>185*185</remarkText>
      <font family="%E5%BE%AE%E8%BD%AF%E9%9B%85%E9%BB%91" displayName="%E5%BE%AE%E8%BD%AF%E9%9B%85%E9%BB%91" postScript="" weightStyle="Regular" weight="400" isBold="False" isItalic="False"/>
      <text>%E5%9B%BE%E7%89%87</text>
      <textSize>12</textSize>
      <lineSpacing>16</lineSpacing>
      <selectedIndex>-1</selectedIndex>
    </control>
    <control controlID="09CB35AE-3D29-4FD3-BDAF-B9493A274F1F" controlTypeID="Label" x="273" y="866" w="28" h="16" zOrder="84">
      <remarkText>185*185</remarkText>
      <font family="%E5%BE%AE%E8%BD%AF%E9%9B%85%E9%BB%91" displayName="%E5%BE%AE%E8%BD%AF%E9%9B%85%E9%BB%91" postScript="" weightStyle="Regular" weight="400" isBold="False" isItalic="False"/>
      <text>%E5%9B%BE%E7%89%87</text>
      <textSize>12</textSize>
      <lineSpacing>16</lineSpacing>
      <selectedIndex>-1</selectedIndex>
    </control>
    <control controlID="452AB8FC-0A92-409E-830D-76A3C90CE063" controlTypeID="Label" x="274" y="1073" w="28" h="16" zOrder="85">
      <remarkText>185*185</remarkText>
      <font family="%E5%BE%AE%E8%BD%AF%E9%9B%85%E9%BB%91" displayName="%E5%BE%AE%E8%BD%AF%E9%9B%85%E9%BB%91" postScript="" weightStyle="Regular" weight="400" isBold="False" isItalic="False"/>
      <text>%E5%9B%BE%E7%89%87</text>
      <textSize>12</textSize>
      <lineSpacing>16</lineSpacing>
      <selectedIndex>-1</selectedIndex>
    </control>
    <control controlID="27C5ADDA-591F-4491-827D-BC5AA17DCF3C" controlTypeID="Label" x="466" y="607" w="28" h="16" zOrder="86">
      <remarkText>185*185</remarkText>
      <font family="%E5%BE%AE%E8%BD%AF%E9%9B%85%E9%BB%91" displayName="%E5%BE%AE%E8%BD%AF%E9%9B%85%E9%BB%91" postScript="" weightStyle="Regular" weight="400" isBold="False" isItalic="False"/>
      <text>%E5%9B%BE%E7%89%87</text>
      <textSize>12</textSize>
      <lineSpacing>16</lineSpacing>
      <selectedIndex>-1</selectedIndex>
    </control>
    <control controlID="D81B1B9F-8207-4C16-82A5-189B271225FB" controlTypeID="Label" x="463" y="866" w="28" h="16" zOrder="87">
      <remarkText>185*185</remarkText>
      <font family="%E5%BE%AE%E8%BD%AF%E9%9B%85%E9%BB%91" displayName="%E5%BE%AE%E8%BD%AF%E9%9B%85%E9%BB%91" postScript="" weightStyle="Regular" weight="400" isBold="False" isItalic="False"/>
      <text>%E5%9B%BE%E7%89%87</text>
      <textSize>12</textSize>
      <lineSpacing>16</lineSpacing>
      <selectedIndex>-1</selectedIndex>
    </control>
    <control controlID="97C670FC-C5A9-4A70-8F77-B03E093D63B9" controlTypeID="Label" x="464" y="1073" w="28" h="16" zOrder="88">
      <remarkText>185*185</remarkText>
      <font family="%E5%BE%AE%E8%BD%AF%E9%9B%85%E9%BB%91" displayName="%E5%BE%AE%E8%BD%AF%E9%9B%85%E9%BB%91" postScript="" weightStyle="Regular" weight="400" isBold="False" isItalic="False"/>
      <text>%E5%9B%BE%E7%89%87</text>
      <textSize>12</textSize>
      <lineSpacing>16</lineSpacing>
      <selectedIndex>-1</selectedIndex>
    </control>
    <control controlID="B78ED9E8-8605-4124-93E8-F6F7A54EB407" controlTypeID="Label" x="656" y="611" w="28" h="16" zOrder="89">
      <remarkText>185*185</remarkText>
      <font family="%E5%BE%AE%E8%BD%AF%E9%9B%85%E9%BB%91" displayName="%E5%BE%AE%E8%BD%AF%E9%9B%85%E9%BB%91" postScript="" weightStyle="Regular" weight="400" isBold="False" isItalic="False"/>
      <text>%E5%9B%BE%E7%89%87</text>
      <textSize>12</textSize>
      <lineSpacing>16</lineSpacing>
      <selectedIndex>-1</selectedIndex>
    </control>
    <control controlID="3DACE4CA-033D-4407-959C-FE7F0A7E2745" controlTypeID="Label" x="653" y="870" w="28" h="16" zOrder="90">
      <remarkText>185*185</remarkText>
      <font family="%E5%BE%AE%E8%BD%AF%E9%9B%85%E9%BB%91" displayName="%E5%BE%AE%E8%BD%AF%E9%9B%85%E9%BB%91" postScript="" weightStyle="Regular" weight="400" isBold="False" isItalic="False"/>
      <text>%E5%9B%BE%E7%89%87</text>
      <textSize>12</textSize>
      <lineSpacing>16</lineSpacing>
      <selectedIndex>-1</selectedIndex>
    </control>
    <control controlID="73D9D6C3-BA74-4FAE-A962-B8EA00F700A5" controlTypeID="Label" x="654" y="1077" w="28" h="16" zOrder="91">
      <remarkText>185*185</remarkText>
      <font family="%E5%BE%AE%E8%BD%AF%E9%9B%85%E9%BB%91" displayName="%E5%BE%AE%E8%BD%AF%E9%9B%85%E9%BB%91" postScript="" weightStyle="Regular" weight="400" isBold="False" isItalic="False"/>
      <text>%E5%9B%BE%E7%89%87</text>
      <textSize>12</textSize>
      <lineSpacing>16</lineSpacing>
      <selectedIndex>-1</selectedIndex>
    </control>
    <control controlID="6449CA2D-7FD9-47AA-95D4-A393352F4FED" controlTypeID="Line" x="223" y="684" w="144" h="1" zOrder="92">
      <font family="%E5%BE%AE%E8%BD%AF%E9%9B%85%E9%BB%91" displayName="%E5%BE%AE%E8%BD%AF%E9%9B%85%E9%BB%91" postScript="" weightStyle="Regular" weight="400" isBold="False" isItalic="False"/>
      <lineSpacing>16</lineSpacing>
      <selectedIndex>-1</selectedIndex>
      <controlPoint>(72,0)</controlPoint>
      <startPoint>(0,0)</startPoint>
      <endPoint>(144,0)</endPoint>
    </control>
    <control controlID="7C4AA7DA-7307-4BB1-AB10-7229B25CE798" controlTypeID="Line" x="220" y="943" w="144" h="1" zOrder="93">
      <font family="%E5%BE%AE%E8%BD%AF%E9%9B%85%E9%BB%91" displayName="%E5%BE%AE%E8%BD%AF%E9%9B%85%E9%BB%91" postScript="" weightStyle="Regular" weight="400" isBold="False" isItalic="False"/>
      <lineSpacing>16</lineSpacing>
      <selectedIndex>-1</selectedIndex>
      <controlPoint>(72,0)</controlPoint>
      <startPoint>(0,0)</startPoint>
      <endPoint>(144,0)</endPoint>
    </control>
    <control controlID="BD2EA79F-55E5-476B-B326-715ED634326C" controlTypeID="Line" x="221" y="1150" w="144" h="1" zOrder="94">
      <font family="%E5%BE%AE%E8%BD%AF%E9%9B%85%E9%BB%91" displayName="%E5%BE%AE%E8%BD%AF%E9%9B%85%E9%BB%91" postScript="" weightStyle="Regular" weight="400" isBold="False" isItalic="False"/>
      <lineSpacing>16</lineSpacing>
      <selectedIndex>-1</selectedIndex>
      <controlPoint>(72,0)</controlPoint>
      <startPoint>(0,0)</startPoint>
      <endPoint>(144,0)</endPoint>
    </control>
    <control controlID="3DB69B26-38C7-43DF-87FD-1C5AB257583E" controlTypeID="Line" x="413" y="684" w="144" h="1" zOrder="95">
      <font family="%E5%BE%AE%E8%BD%AF%E9%9B%85%E9%BB%91" displayName="%E5%BE%AE%E8%BD%AF%E9%9B%85%E9%BB%91" postScript="" weightStyle="Regular" weight="400" isBold="False" isItalic="False"/>
      <lineSpacing>16</lineSpacing>
      <selectedIndex>-1</selectedIndex>
      <controlPoint>(72,0)</controlPoint>
      <startPoint>(0,0)</startPoint>
      <endPoint>(144,0)</endPoint>
    </control>
    <control controlID="49F2D3F0-642A-4689-BEA7-9BEE02F8BDAC" controlTypeID="Line" x="410" y="943" w="144" h="1" zOrder="96">
      <font family="%E5%BE%AE%E8%BD%AF%E9%9B%85%E9%BB%91" displayName="%E5%BE%AE%E8%BD%AF%E9%9B%85%E9%BB%91" postScript="" weightStyle="Regular" weight="400" isBold="False" isItalic="False"/>
      <lineSpacing>16</lineSpacing>
      <selectedIndex>-1</selectedIndex>
      <controlPoint>(72,0)</controlPoint>
      <startPoint>(0,0)</startPoint>
      <endPoint>(144,0)</endPoint>
    </control>
    <control controlID="35B33F69-721D-4BEE-A484-F58F3B320F49" controlTypeID="Line" x="411" y="1150" w="144" h="1" zOrder="97">
      <font family="%E5%BE%AE%E8%BD%AF%E9%9B%85%E9%BB%91" displayName="%E5%BE%AE%E8%BD%AF%E9%9B%85%E9%BB%91" postScript="" weightStyle="Regular" weight="400" isBold="False" isItalic="False"/>
      <lineSpacing>16</lineSpacing>
      <selectedIndex>-1</selectedIndex>
      <controlPoint>(72,0)</controlPoint>
      <startPoint>(0,0)</startPoint>
      <endPoint>(144,0)</endPoint>
    </control>
    <control controlID="A41740E4-24BC-485E-8D80-A880A7A0925C" controlTypeID="Line" x="611" y="684" w="144" h="1" zOrder="98">
      <font family="%E5%BE%AE%E8%BD%AF%E9%9B%85%E9%BB%91" displayName="%E5%BE%AE%E8%BD%AF%E9%9B%85%E9%BB%91" postScript="" weightStyle="Regular" weight="400" isBold="False" isItalic="False"/>
      <lineSpacing>16</lineSpacing>
      <selectedIndex>-1</selectedIndex>
      <controlPoint>(72,0)</controlPoint>
      <startPoint>(0,0)</startPoint>
      <endPoint>(144,0)</endPoint>
    </control>
    <control controlID="4EBFDE5B-4AFE-4D20-A0FE-4B2BE57C0B71" controlTypeID="Line" x="608" y="943" w="144" h="1" zOrder="99">
      <font family="%E5%BE%AE%E8%BD%AF%E9%9B%85%E9%BB%91" displayName="%E5%BE%AE%E8%BD%AF%E9%9B%85%E9%BB%91" postScript="" weightStyle="Regular" weight="400" isBold="False" isItalic="False"/>
      <lineSpacing>16</lineSpacing>
      <selectedIndex>-1</selectedIndex>
      <controlPoint>(72,0)</controlPoint>
      <startPoint>(0,0)</startPoint>
      <endPoint>(144,0)</endPoint>
    </control>
    <control controlID="894EEFDD-4087-43DA-ADD8-899BFC03B339" controlTypeID="Line" x="609" y="1150" w="144" h="1" zOrder="100">
      <font family="%E5%BE%AE%E8%BD%AF%E9%9B%85%E9%BB%91" displayName="%E5%BE%AE%E8%BD%AF%E9%9B%85%E9%BB%91" postScript="" weightStyle="Regular" weight="400" isBold="False" isItalic="False"/>
      <lineSpacing>16</lineSpacing>
      <selectedIndex>-1</selectedIndex>
      <controlPoint>(72,0)</controlPoint>
      <startPoint>(0,0)</startPoint>
      <endPoint>(144,0)</endPoint>
    </control>
    <control controlID="895AD32B-4969-40DB-997A-55A800915DA3" controlTypeID="Shape" x="27" y="1361" w="91" h="41" zOrder="101">
      <color>1496527667</color>
      <borderVisible>False</borderVisible>
      <remarkText>%E9%A2%9C%E8%89%B2%EF%BC%9A333333%0D%0A%E9%80%8F%E6%98%8E%E5%BA%A6%EF%BC%9A35</remarkText>
      <font family="%E5%BE%AE%E8%BD%AF%E9%9B%85%E9%BB%91" displayName="%E5%BE%AE%E8%BD%AF%E9%9B%85%E9%BB%91" postScript="" weightStyle="Regular" weight="400" isBold="False" isItalic="False"/>
      <text>%E7%8E%89%E7%9F%B3</text>
      <textColor>4294967295</textColor>
      <textSize>16</textSize>
      <lineSpacing>21</lineSpacing>
      <useDefaultTextSize>False</useDefaultTextSize>
      <selectedIndex>-1</selectedIndex>
    </control>
    <control controlID="E2DADE70-0EFC-492E-B445-0A9C5B83F48B" controlTypeID="Shape" x="27" y="665" w="91" h="42" zOrder="102">
      <color>1496527667</color>
      <borderVisible>False</borderVisible>
      <remarkText>%E9%A2%9C%E8%89%B2%EF%BC%9A333333%0D%0A%E9%80%8F%E6%98%8E%E5%BA%A6%EF%BC%9A35</remarkText>
      <font family="%E5%BE%AE%E8%BD%AF%E9%9B%85%E9%BB%91" displayName="%E5%BE%AE%E8%BD%AF%E9%9B%85%E9%BB%91" postScript="" weightStyle="Regular" weight="400" isBold="False" isItalic="False"/>
      <text>%E7%83%AD%E9%97%A8</text>
      <textColor>4294967295</textColor>
      <textSize>16</textSize>
      <lineSpacing>21</lineSpacing>
      <useDefaultTextSize>False</useDefaultTextSize>
      <selectedIndex>-1</selectedIndex>
    </control>
    <control controlID="AA65D1F1-78B3-4E2A-B2D2-A892D0C722A7" controlTypeID="Shape" x="26" y="1105" w="91" h="45" zOrder="103">
      <color>1496527667</color>
      <borderVisible>False</borderVisible>
      <remarkText>%E9%A2%9C%E8%89%B2%EF%BC%9A333333%0D%0A%E9%80%8F%E6%98%8E%E5%BA%A6%EF%BC%9A35</remarkText>
      <font family="%E5%BE%AE%E8%BD%AF%E9%9B%85%E9%BB%91" displayName="%E5%BE%AE%E8%BD%AF%E9%9B%85%E9%BB%91" postScript="" weightStyle="Regular" weight="400" isBold="False" isItalic="False"/>
      <text>%E6%9C%80%E6%96%B0</text>
      <textColor>4294967295</textColor>
      <textSize>16</textSize>
      <lineSpacing>21</lineSpacing>
      <useDefaultTextSize>False</useDefaultTextSize>
      <selectedIndex>-1</selectedIndex>
    </control>
    <control controlID="CAC42C9F-D089-425A-BC1A-AD28183FAD38" controlTypeID="Shape" x="26" y="1849" w="91" h="45" zOrder="104">
      <color>1496527667</color>
      <borderVisible>False</borderVisible>
      <remarkText>%E9%A2%9C%E8%89%B2%EF%BC%9A333333%0D%0A%E9%80%8F%E6%98%8E%E5%BA%A6%EF%BC%9A35</remarkText>
      <font family="%E5%BE%AE%E8%BD%AF%E9%9B%85%E9%BB%91" displayName="%E5%BE%AE%E8%BD%AF%E9%9B%85%E9%BB%91" postScript="" weightStyle="Regular" weight="400" isBold="False" isItalic="False"/>
      <text>3C%E4%BA%A7%E5%93%81</text>
      <textColor>4294967295</textColor>
      <textSize>16</textSize>
      <lineSpacing>21</lineSpacing>
      <useDefaultTextSize>False</useDefaultTextSize>
      <selectedIndex>-1</selectedIndex>
    </control>
    <control controlID="945C08CF-59D0-4181-938C-87408E8A999B" controlTypeID="Shape" x="0" y="2320" w="800" h="239" zOrder="105">
      <color>4294111986</color>
      <borderVisible>False</borderVisible>
      <remarkText>%E9%A2%9C%E8%89%B2%EF%BC%9AF2F2F2</remarkText>
      <font family="%E5%BE%AE%E8%BD%AF%E9%9B%85%E9%BB%91" displayName="%E5%BE%AE%E8%BD%AF%E9%9B%85%E9%BB%91" postScript="" weightStyle="Regular" weight="400" isBold="False" isItalic="False"/>
      <lineSpacing>16</lineSpacing>
      <selectedIndex>-1</selectedIndex>
    </control>
    <control controlID="556A4DE5-7B3A-480B-BBAF-FF0A42B49FAE" controlTypeID="Shape" x="0" y="2559" w="800" h="41" zOrder="106">
      <color>4281742902</color>
      <font family="%E5%BE%AE%E8%BD%AF%E9%9B%85%E9%BB%91" displayName="%E5%BE%AE%E8%BD%AF%E9%9B%85%E9%BB%91" postScript="" weightStyle="Regular" weight="400" isBold="False" isItalic="False"/>
      <text>%E5%A4%87%E6%A1%88%E5%8F%B7%EF%BC%9A009001010101</text>
      <lineSpacing>16</lineSpacing>
      <selectedIndex>-1</selectedIndex>
    </control>
    <control controlID="4ADF027C-B0D1-45BE-ACA9-DFBB3C8C00B2" controlTypeID="Label" x="513" y="2418" w="102" h="22" zOrder="107">
      <font family="%E5%BE%AE%E8%BD%AF%E9%9B%85%E9%BB%91" displayName="%E5%BE%AE%E8%BD%AF%E9%9B%85%E9%BB%91" postScript="" weightStyle="Regular" weight="400" isBold="False" isItalic="False"/>
      <text>%E6%9C%8D%E5%8A%A1%E5%92%A8%E8%AF%A2%E7%83%AD%E7%BA%BF</text>
      <textSize>16</textSize>
      <lineSpacing>21</lineSpacing>
      <useDefaultTextSize>False</useDefaultTextSize>
      <selectedIndex>-1</selectedIndex>
    </control>
    <control controlID="9AE0647A-51C8-4252-B998-FBCBE3E84ECD" controlTypeID="Icon" x="467" y="2417" w="29" h="29" zOrder="108">
      <icon>
        <ID/>
        <iconFontName>jdIonicons</iconFontName>
        <iconCode>62162</iconCode>
      </icon>
      <URL>94E9452D20864CF3FBC79CD2C4E76723.svg</URL>
    </control>
    <control controlID="6B58D85F-62AE-4424-BDC6-A2979E8794CC" controlTypeID="Label" x="513" y="2455" w="144" h="32" zOrder="109">
      <font family="%E5%BE%AE%E8%BD%AF%E9%9B%85%E9%BB%91" displayName="%E5%BE%AE%E8%BD%AF%E9%9B%85%E9%BB%91" postScript="" weightStyle="Regular" weight="400" isBold="False" isItalic="False"/>
      <text>028-998765</text>
      <textSize>24</textSize>
      <lineSpacing>32</lineSpacing>
      <useDefaultTextSize>False</useDefaultTextSize>
      <selectedIndex>-1</selectedIndex>
    </control>
    <control controlID="D7D68D11-CA08-4942-8F78-AB86A14D5ED4" controlTypeID="QRCode" x="699" y="2410" w="51" h="51" zOrder="110"/>
    <control controlID="6AAD5A30-D5C2-435C-B6C7-87FCE01CB27D" controlTypeID="Label" x="712" y="2471" w="28" h="16" zOrder="111">
      <font family="%E5%BE%AE%E8%BD%AF%E9%9B%85%E9%BB%91" displayName="%E5%BE%AE%E8%BD%AF%E9%9B%85%E9%BB%91" postScript="" weightStyle="Regular" weight="400" isBold="False" isItalic="False"/>
      <text>%E5%BE%AE%E4%BF%A1</text>
      <textSize>12</textSize>
      <lineSpacing>16</lineSpacing>
      <selectedIndex>-1</selectedIndex>
    </control>
    <control controlID="F550BBE3-25FF-4872-A193-97B006FACBDF" controlTypeID="Label" x="33" y="2417" w="114" h="24" zOrder="112">
      <font family="%E5%BE%AE%E8%BD%AF%E9%9B%85%E9%BB%91" displayName="%E5%BE%AE%E8%BD%AF%E9%9B%85%E9%BB%91" postScript="" weightStyle="Regular" weight="400" isBold="False" isItalic="False"/>
      <text>%E5%85%A8%E5%90%8D%E5%BD%93%E9%93%BA%E5%95%86%E5%9F%8E</text>
      <textSize>18</textSize>
      <lineSpacing>24</lineSpacing>
      <useDefaultTextSize>False</useDefaultTextSize>
      <selectedIndex>-1</selectedIndex>
    </control>
    <control controlID="E9EEA15B-B34B-498B-97D0-8973F9E807C3" controlTypeID="Label" x="156" y="2446" w="46" h="19" zOrder="113">
      <font family="%E5%BE%AE%E8%BD%AF%E9%9B%85%E9%BB%91" displayName="%E5%BE%AE%E8%BD%AF%E9%9B%85%E9%BB%91" postScript="" weightStyle="Regular" weight="400" isBold="False" isItalic="False"/>
      <text>%E4%BC%97%E7%AD%B9%E7%BD%91</text>
      <lineSpacing>18</lineSpacing>
      <useDefaultTextSize>False</useDefaultTextSize>
      <selectedIndex>-1</selectedIndex>
    </control>
    <control controlID="71FF4280-4EAA-4C81-8569-21A9294142E0" controlTypeID="Label" x="243" y="2446" w="61" h="19" zOrder="114">
      <font family="%E5%BE%AE%E8%BD%AF%E9%9B%85%E9%BB%91" displayName="%E5%BE%AE%E8%BD%AF%E9%9B%85%E9%BB%91" postScript="" weightStyle="Regular" weight="400" isBold="False" isItalic="False"/>
      <text>%E5%85%B3%E4%BA%8E%E6%88%91%E4%BB%AC</text>
      <lineSpacing>18</lineSpacing>
      <useDefaultTextSize>False</useDefaultTextSize>
      <selectedIndex>-1</selectedIndex>
    </control>
    <control controlID="3CA6A155-2D77-45D5-890C-2E09240B6843" controlTypeID="Image" x="287" y="2514" w="104" h="35" zOrder="115">
      <URL>4EA0B1978D92F5CF5D16CEE8674C39D0.png</URL>
    </control>
    <control controlID="4E414263-3BD0-4F58-A726-6DA4196E8F2D" controlTypeID="Image" x="401" y="2514" w="102" h="35" zOrder="116">
      <URL>43204CFCA029D0EFACC05A4177288EAF.png</URL>
    </control>
    <control controlID="0D325C88-B743-4462-9290-AB2B518B5D8F" controlTypeID="Image" x="519" y="2514" w="106" h="35" zOrder="117">
      <URL>93825D35F2E309B037D5F369D90AD014.png</URL>
    </control>
  </controls>
  <param>
    <backgroundColor>4294967295</backgroundColor>
    <fontSize>12</fontSize>
    <fontFamily>%E5%BE%AE%E8%BD%AF%E9%9B%85%E9%BB%91</fontFamily>
    <guideLines/>
  </param>
</mockup>