﻿<mockup version="4.8" minAllowVersion="4.8" ID="8F6BB274-AE98-419C-B0B2-E2E98B143C46" platform="MtDesktop" defaultW="800" defaultH="600" measureW="800" measureH="1000" mobileScreenScale="0">
  <controls controlCount="34">
    <control controlID="4BDBF034-E8E9-4095-8B6B-CCB26D7A2194" controlTypeID="Shape" x="0" y="0" w="802" h="60" zOrder="0">
      <font family="%E5%BE%AE%E8%BD%AF%E9%9B%85%E9%BB%91" displayName="%E5%BE%AE%E8%BD%AF%E9%9B%85%E9%BB%91" postScript="" weightStyle="Regular" weight="400" isBold="False" isItalic="False"/>
      <textSize>18</textSize>
      <lineSpacing>24</lineSpacing>
      <useDefaultTextSize>False</useDefaultTextSize>
      <selectedIndex>-1</selectedIndex>
    </control>
    <control controlID="35BBAB14-C61A-438C-8E2A-9FDF2E6BE9D9" controlTypeID="Label" x="335" y="23" w="131" h="24" zOrder="1">
      <font family="%E5%BE%AE%E8%BD%AF%E9%9B%85%E9%BB%91" displayName="%E5%BE%AE%E8%BD%AF%E9%9B%85%E9%BB%91" postScript="" weightStyle="Regular" weight="400" isBold="False" isItalic="False"/>
      <text>%E5%85%A8%E5%90%8D%E5%BD%93%E9%93%BA%E4%BC%97%E7%AD%B9%E7%BD%91</text>
      <textSize>18</textSize>
      <lineSpacing>24</lineSpacing>
      <useDefaultTextSize>False</useDefaultTextSize>
      <selectedIndex>-1</selectedIndex>
    </control>
    <control controlID="4A91F4D6-2EF9-4639-90F2-B1282C51D30A" controlTypeID="Label" x="20" y="23" w="69" h="22" zOrder="2">
      <font family="%E5%BE%AE%E8%BD%AF%E9%9B%85%E9%BB%91" displayName="%E5%BE%AE%E8%BD%AF%E9%9B%85%E9%BB%91" postScript="" weightStyle="Regular" weight="400" isBold="False" isItalic="False"/>
      <text>%E5%85%B3%E4%BA%8E%E6%88%91%E4%BB%AC</text>
      <textSize>16</textSize>
      <lineSpacing>21</lineSpacing>
      <useDefaultTextSize>False</useDefaultTextSize>
      <selectedIndex>-1</selectedIndex>
    </control>
    <control controlID="3EA0984D-1DF1-441E-8C70-A86E2277A620" controlTypeID="Search" x="604" y="47" w="90" h="24" zOrder="3">
      <font family="%E5%BE%AE%E8%BD%AF%E9%9B%85%E9%BB%91" displayName="%E5%BE%AE%E8%BD%AF%E9%9B%85%E9%BB%91" postScript="" weightStyle="Regular" weight="400" isBold="False" isItalic="False"/>
      <textVAlign>VaTop</textVAlign>
      <lineSpacing>16</lineSpacing>
      <selectedIndex>-1</selectedIndex>
    </control>
    <control controlID="EBC5E30F-F662-46AC-A863-F8A1D9538569" controlTypeID="Avatar(Mobile)" x="725" y="12" w="48" h="48" zOrder="4"/>
    <control controlID="C4DEB5A3-661A-4EFD-969E-BAD3B67AC902" controlTypeID="Shape" x="210" y="111" w="563" h="422" zOrder="5">
      <color>436247039</color>
      <font family="%E5%BE%AE%E8%BD%AF%E9%9B%85%E9%BB%91" displayName="%E5%BE%AE%E8%BD%AF%E9%9B%85%E9%BB%91" postScript="" weightStyle="Regular" weight="400" isBold="False" isItalic="False"/>
      <lineSpacing>16</lineSpacing>
      <selectedIndex>-1</selectedIndex>
    </control>
    <control controlID="5764BB6C-E162-470A-90FA-1C084089E973" controlTypeID="Button" x="392" y="403" w="153" h="45" zOrder="6">
      <color>4278229503</color>
      <borderVisible>False</borderVisible>
      <font family="%E5%BE%AE%E8%BD%AF%E9%9B%85%E9%BB%91" displayName="%E5%BE%AE%E8%BD%AF%E9%9B%85%E9%BB%91" postScript="" weightStyle="Regular" weight="400" isBold="False" isItalic="False"/>
      <text>%E4%BF%9D%E5%AD%98</text>
      <textColor>4294967295</textColor>
      <textSize>20</textSize>
      <lineSpacing>26</lineSpacing>
      <useDefaultTextSize>False</useDefaultTextSize>
      <selectedIndex>-1</selectedIndex>
      <radius>4</radius>
    </control>
    <control controlID="8273AB02-7920-47B0-8EAD-947E31DCE9EE" controlTypeID="TextInput" x="344" y="204" w="247" h="33" zOrder="7">
      <font family="%E5%BE%AE%E8%BD%AF%E9%9B%85%E9%BB%91" displayName="%E5%BE%AE%E8%BD%AF%E9%9B%85%E9%BB%91" postScript="" weightStyle="Regular" weight="400" isBold="False" isItalic="False"/>
      <text>%E5%BD%93%E5%89%8D%E5%AF%86%E7%A0%81%EF%BC%9A</text>
      <textColor>4288256409</textColor>
      <textSize>12</textSize>
      <lineSpacing>16</lineSpacing>
      <useDefaultTextSize>False</useDefaultTextSize>
      <selectedIndex>-1</selectedIndex>
    </control>
    <control controlID="786FC4BF-3E1A-40C3-9387-2519A656F23E" controlTypeID="TextInput" x="344" y="254" w="247" h="33" zOrder="8">
      <font family="%E5%BE%AE%E8%BD%AF%E9%9B%85%E9%BB%91" displayName="%E5%BE%AE%E8%BD%AF%E9%9B%85%E9%BB%91" postScript="" weightStyle="Regular" weight="400" isBold="False" isItalic="False"/>
      <text>%E6%96%B0%E5%AF%86%E7%A0%81%EF%BC%9A6-20%E5%AD%97%E7%AC%A6</text>
      <textColor>4288256409</textColor>
      <textSize>12</textSize>
      <lineSpacing>16</lineSpacing>
      <useDefaultTextSize>False</useDefaultTextSize>
      <selectedIndex>-1</selectedIndex>
    </control>
    <control controlID="37D6BE81-6041-414F-A1F2-CD7FFD897039" controlTypeID="TextInput" x="344" y="313" w="247" h="33" zOrder="9">
      <font family="%E5%BE%AE%E8%BD%AF%E9%9B%85%E9%BB%91" displayName="%E5%BE%AE%E8%BD%AF%E9%9B%85%E9%BB%91" postScript="" weightStyle="Regular" weight="400" isBold="False" isItalic="False"/>
      <text>%E7%A1%AE%E8%AE%A4%E5%AF%86%E7%A0%81%EF%BC%9A6-20%E5%AD%97%E7%AC%A6</text>
      <textColor>4288256409</textColor>
      <textSize>12</textSize>
      <lineSpacing>16</lineSpacing>
      <useDefaultTextSize>False</useDefaultTextSize>
      <selectedIndex>-1</selectedIndex>
    </control>
    <control controlID="A03578A5-C06B-41E0-9198-111C86C4AFD6" controlTypeID="Master" x="-1" y="752" w="802" h="248" zOrder="10" masterID="114A9CE0-90CE-4720-937C-9AABE8131D61">
      <groupChildrenDescriptors>
        <control controlID="739A7C41-5946-41BA-887D-27C59F30350F" controlTypeID="Shape" x="0" y="0" w="802" h="246" zOrder="0">
          <color>4281545523</color>
          <font family="%E5%BE%AE%E8%BD%AF%E9%9B%85%E9%BB%91" displayName="%E5%BE%AE%E8%BD%AF%E9%9B%85%E9%BB%91" postScript="" weightStyle="Regular" weight="400" isBold="False" isItalic="False"/>
          <lineSpacing>16</lineSpacing>
          <selectedIndex>-1</selectedIndex>
        </control>
        <control controlID="4BAA6622-5EC2-4AB6-B930-AA0817C9E456" controlTypeID="Label" x="50" y="61" w="233" h="43" zOrder="1">
          <font family="%E5%BE%AE%E8%BD%AF%E9%9B%85%E9%BB%91" displayName="%E5%BE%AE%E8%BD%AF%E9%9B%85%E9%BB%91" postScript="" weightStyle="Regular" weight="400" isBold="False" isItalic="False"/>
          <text>%E5%85%A8%E5%90%8D%E5%BD%93%E9%93%BA%E4%BC%97%E7%AD%B9%E7%BD%91</text>
          <textColor>4294967295</textColor>
          <textSize>32</textSize>
          <lineSpacing>42</lineSpacing>
          <useDefaultTextSize>False</useDefaultTextSize>
          <selectedIndex>-1</selectedIndex>
        </control>
        <control controlID="A8039392-8440-4EE1-85A2-14743B22A4E4" controlTypeID="Label" x="213" y="128" w="61" h="19" zOrder="2">
          <font family="%E5%BE%AE%E8%BD%AF%E9%9B%85%E9%BB%91" displayName="%E5%BE%AE%E8%BD%AF%E9%9B%85%E9%BB%91" postScript="" weightStyle="Regular" weight="400" isBold="False" isItalic="False"/>
          <text>%E5%85%B3%E4%BA%8E%E6%88%91%E4%BB%AC</text>
          <textColor>4288256409</textColor>
          <lineSpacing>18</lineSpacing>
          <useDefaultTextSize>False</useDefaultTextSize>
          <selectedIndex>-1</selectedIndex>
        </control>
        <control controlID="9B531ADE-0031-40FC-A796-A70A18F29101" controlTypeID="QRCode" x="597" y="90" w="66" h="66" zOrder="3"/>
        <control controlID="BDD50ABA-885B-49E9-B454-6A21A6EAE22F" controlTypeID="QRCode" x="680" y="90" w="66" h="66" zOrder="4"/>
        <control controlID="8D2BBA11-C559-44DD-BC73-B46A24A24A87" controlTypeID="Shape" x="0" y="208" w="802" h="40" zOrder="5">
          <color>4278190080</color>
          <font family="%E5%BE%AE%E8%BD%AF%E9%9B%85%E9%BB%91" displayName="%E5%BE%AE%E8%BD%AF%E9%9B%85%E9%BB%91" postScript="" weightStyle="Regular" weight="400" isBold="False" isItalic="False"/>
          <lineSpacing>16</lineSpacing>
          <selectedIndex>-1</selectedIndex>
        </control>
        <control controlID="5A29CCA0-5BCA-4180-9B35-ECEA7ABF83DF" controlTypeID="Label" x="304" y="222" w="171" h="16" zOrder="6">
          <font family="%E5%BE%AE%E8%BD%AF%E9%9B%85%E9%BB%91" displayName="%E5%BE%AE%E8%BD%AF%E9%9B%85%E9%BB%91" postScript="" weightStyle="Regular" weight="400" isBold="False" isItalic="False"/>
          <text>%E5%A4%87%E6%A1%88%E5%8F%B7%EF%BC%9A10010101010100111</text>
          <textColor>4291611852</textColor>
          <textSize>12</textSize>
          <lineSpacing>16</lineSpacing>
          <useDefaultTextSize>False</useDefaultTextSize>
          <selectedIndex>-1</selectedIndex>
        </control>
      </groupChildrenDescriptors>
    </control>
    <control controlID="B48D64E3-B0AA-4DB6-9252-267B6377704C" controlTypeID="Shape" x="20" y="111" w="180" h="387" zOrder="11">
      <color>436247039</color>
      <font family="%E5%BE%AE%E8%BD%AF%E9%9B%85%E9%BB%91" displayName="%E5%BE%AE%E8%BD%AF%E9%9B%85%E9%BB%91" postScript="" weightStyle="Regular" weight="400" isBold="False" isItalic="False"/>
      <lineSpacing>16</lineSpacing>
      <selectedIndex>-1</selectedIndex>
    </control>
    <control controlID="C1840BC4-0804-40E1-9B84-26BAE1B97EB5" controlTypeID="__group__" x="62" y="111" w="97" h="97" zOrder="12">
      <groupChildrenDescriptors>
        <control controlID="D682AC63-2DCC-43B0-A6C2-645EBD319698" controlTypeID="Circle" x="0" y="0" w="97" h="97" zOrder="0">
          <color>4288256409</color>
          <font family="%E5%BE%AE%E8%BD%AF%E9%9B%85%E9%BB%91" displayName="%E5%BE%AE%E8%BD%AF%E9%9B%85%E9%BB%91" postScript="" weightStyle="Regular" weight="400" isBold="False" isItalic="False"/>
          <lineSpacing>16</lineSpacing>
          <selectedIndex>-1</selectedIndex>
          <shapeBorderType>SbEllipse</shapeBorderType>
        </control>
        <control controlID="0FF2E39A-BF0A-4673-A55B-DD811AB5B8E2" controlTypeID="AvatarEx" x="14" y="15" w="69" h="69" zOrder="1">
          <color>4284900966</color>
          <groupChildrenDescriptors>
            <control controlID="FDDE72F7-A169-4F91-BC24-9E90C029FF00" controlTypeID="Shape" x="0" y="0" w="69" h="69" zOrder="0">
              <color>4288256409</color>
              <borderColor>4288256409</borderColor>
              <canMove>False</canMove>
              <alias>shape</alias>
              <font family="%E5%BE%AE%E8%BD%AF%E9%9B%85%E9%BB%91" displayName="%E5%BE%AE%E8%BD%AF%E9%9B%85%E9%BB%91" postScript="" weightStyle="Regular" weight="400" isBold="False" isItalic="False"/>
              <lineSpacing>16</lineSpacing>
              <selectedIndex>-1</selectedIndex>
              <thickness>2</thickness>
            </control>
            <control controlID="24B19066-7BAA-4D92-AA6B-61D70993A209" controlTypeID="Icon" x="7" y="12" w="55" h="55" zOrder="1">
              <color>4294967295</color>
              <canMove>False</canMove>
              <alias>icon</alias>
              <icon>
                <ID/>
                <iconFontName>jdiconfontB</iconFontName>
                <iconCode>59652</iconCode>
              </icon>
              <URL>467605F5F90D9FF65132C1A6EF883F26.svg</URL>
            </control>
          </groupChildrenDescriptors>
        </control>
      </groupChildrenDescriptors>
    </control>
    <control controlID="05434023-CAE3-4E9E-8994-66A2ECFF1348" controlTypeID="Shape" x="20" y="218" w="180" h="30" zOrder="13">
      <color>4278229503</color>
      <font family="%E5%BE%AE%E8%BD%AF%E9%9B%85%E9%BB%91" displayName="%E5%BE%AE%E8%BD%AF%E9%9B%85%E9%BB%91+Bold" postScript="" weightStyle="Bold" weight="700" isBold="True" isItalic="False"/>
      <text>%E4%B8%AA%E4%BA%BA%E4%BF%A1%E6%81%AF</text>
      <textSize>16</textSize>
      <lineSpacing>21</lineSpacing>
      <textStyles>[fsBold]</textStyles>
      <useDefaultTextSize>False</useDefaultTextSize>
      <selectedIndex>-1</selectedIndex>
    </control>
    <control controlID="BCF3F258-D8DF-43AC-AC52-FD3F7CE3BE2D" controlTypeID="Shape" x="20" y="420" w="180" h="30" zOrder="14">
      <color>4278229503</color>
      <font family="%E5%BE%AE%E8%BD%AF%E9%9B%85%E9%BB%91" displayName="%E5%BE%AE%E8%BD%AF%E9%9B%85%E9%BB%91+Bold" postScript="" weightStyle="Bold" weight="700" isBold="True" isItalic="False"/>
      <text>%E9%A1%B9%E7%9B%AE%E6%94%AF%E6%8C%81</text>
      <textSize>16</textSize>
      <lineSpacing>21</lineSpacing>
      <textStyles>[fsBold]</textStyles>
      <useDefaultTextSize>False</useDefaultTextSize>
      <selectedIndex>-1</selectedIndex>
    </control>
    <control controlID="39BE0A02-8BA4-4C0F-A531-9CF17A4BE037" controlTypeID="Shape" x="20" y="315" w="180" h="32" zOrder="15">
      <color>4278229503</color>
      <font family="%E5%BE%AE%E8%BD%AF%E9%9B%85%E9%BB%91" displayName="%E5%BE%AE%E8%BD%AF%E9%9B%85%E9%BB%91+Bold" postScript="" weightStyle="Bold" weight="700" isBold="True" isItalic="False"/>
      <text>%E4%BA%BA%E5%91%98%E4%BF%A1%E6%81%AF%E7%AE%A1%E7%90%86</text>
      <textSize>16</textSize>
      <lineSpacing>21</lineSpacing>
      <textStyles>[fsBold]</textStyles>
      <useDefaultTextSize>False</useDefaultTextSize>
      <selectedIndex>-1</selectedIndex>
    </control>
    <control controlID="65F44C83-45B6-4A10-99F7-32591A62DD97" controlTypeID="Label" x="82" y="289" w="52" h="16" zOrder="16">
      <font family="%E5%BE%AE%E8%BD%AF%E9%9B%85%E9%BB%91" displayName="%E5%BE%AE%E8%BD%AF%E9%9B%85%E9%BB%91" postScript="" weightStyle="Regular" weight="400" isBold="False" isItalic="False"/>
      <text>%E5%AF%86%E7%A0%81%E4%BF%AE%E6%94%B9</text>
      <textSize>12</textSize>
      <lineSpacing>16</lineSpacing>
      <useDefaultTextSize>False</useDefaultTextSize>
      <selectedIndex>-1</selectedIndex>
    </control>
    <control controlID="596BE3C0-61AF-44AD-B7D0-6FAFD61E1895" controlTypeID="Label" x="78" y="395" w="52" h="16" zOrder="17">
      <font family="%E5%BE%AE%E8%BD%AF%E9%9B%85%E9%BB%91" displayName="%E5%BE%AE%E8%BD%AF%E9%9B%85%E9%BB%91" postScript="" weightStyle="Regular" weight="400" isBold="False" isItalic="False"/>
      <text>%E4%BA%BA%E5%91%98%E6%9E%B6%E6%9E%84</text>
      <textSize>12</textSize>
      <lineSpacing>16</lineSpacing>
      <useDefaultTextSize>False</useDefaultTextSize>
      <selectedIndex>-1</selectedIndex>
    </control>
    <control controlID="96FCC779-41E3-42ED-8F80-C35ACD1DF32B" controlTypeID="Label" x="80" y="254" w="52" h="16" zOrder="18">
      <font family="%E5%BE%AE%E8%BD%AF%E9%9B%85%E9%BB%91" displayName="%E5%BE%AE%E8%BD%AF%E9%9B%85%E9%BB%91" postScript="" weightStyle="Regular" weight="400" isBold="False" isItalic="False"/>
      <text>%E4%B8%AA%E4%BA%BA%E8%B5%84%E6%96%99</text>
      <textSize>12</textSize>
      <lineSpacing>16</lineSpacing>
      <useDefaultTextSize>False</useDefaultTextSize>
      <selectedIndex>-1</selectedIndex>
    </control>
    <control controlID="8CA8CFCF-6154-4262-B9D9-954E7509D54A" controlTypeID="Label" x="81" y="362" w="52" h="16" zOrder="19">
      <font family="%E5%BE%AE%E8%BD%AF%E9%9B%85%E9%BB%91" displayName="%E5%BE%AE%E8%BD%AF%E9%9B%85%E9%BB%91" postScript="" weightStyle="Regular" weight="400" isBold="False" isItalic="False"/>
      <text>%E4%BF%A1%E6%81%AF%E5%BD%95%E5%85%A5</text>
      <textSize>12</textSize>
      <lineSpacing>16</lineSpacing>
      <useDefaultTextSize>False</useDefaultTextSize>
      <selectedIndex>-1</selectedIndex>
    </control>
    <control controlID="6D96813D-61CF-4ED7-A14C-493547DD619E" controlTypeID="Label" x="81" y="464" w="51" h="16" zOrder="20">
      <font family="%E5%BE%AE%E8%BD%AF%E9%9B%85%E9%BB%91" displayName="%E5%BE%AE%E8%BD%AF%E9%9B%85%E9%BB%91" postScript="" weightStyle="Regular" weight="400" isBold="False" isItalic="False"/>
      <text>%E5%B7%B2%E6%8A%95%E9%A1%B9%E7%9B%AE</text>
      <textSize>12</textSize>
      <lineSpacing>16</lineSpacing>
      <useDefaultTextSize>False</useDefaultTextSize>
      <selectedIndex>-1</selectedIndex>
    </control>
    <control controlID="686B854A-6D52-4738-8F73-624379B8AF64" controlTypeID="Line" x="28" y="281" w="167" h="1" zOrder="21">
      <font family="%E5%BE%AE%E8%BD%AF%E9%9B%85%E9%BB%91" displayName="%E5%BE%AE%E8%BD%AF%E9%9B%85%E9%BB%91" postScript="" weightStyle="Regular" weight="400" isBold="False" isItalic="False"/>
      <lineSpacing>16</lineSpacing>
      <selectedIndex>-1</selectedIndex>
      <controlPoint>(84,0)</controlPoint>
      <startPoint>(0,0)</startPoint>
      <endPoint>(167,0)</endPoint>
    </control>
    <control controlID="18171CBB-7767-47D0-BEA8-7E82E8C9A683" controlTypeID="Line" x="26" y="388" w="167" h="1" zOrder="22">
      <font family="%E5%BE%AE%E8%BD%AF%E9%9B%85%E9%BB%91" displayName="%E5%BE%AE%E8%BD%AF%E9%9B%85%E9%BB%91" postScript="" weightStyle="Regular" weight="400" isBold="False" isItalic="False"/>
      <lineSpacing>16</lineSpacing>
      <selectedIndex>-1</selectedIndex>
      <controlPoint>(84,0)</controlPoint>
      <startPoint>(0,0)</startPoint>
      <endPoint>(167,0)</endPoint>
    </control>
  </controls>
  <param>
    <backgroundColor>4294967295</backgroundColor>
    <fontSize>12</fontSize>
    <fontFamily>%E5%BE%AE%E8%BD%AF%E9%9B%85%E9%BB%91</fontFamily>
    <guideLines/>
  </param>
</mockup>