﻿<mockup version="4.8" minAllowVersion="4.8" ID="9EBD0327-0484-4C25-9FD4-C3BFF5F1BD5C" platform="MtDesktop" defaultW="800" defaultH="600" measureW="800" measureH="1200" mobileScreenScale="0">
  <controls controlCount="55">
    <control controlID="FBEF3F4F-3627-4BFF-9ACD-4A3E2F99D003" controlTypeID="Shape" x="0" y="0" w="188" h="1200" zOrder="0">
      <color>436247039</color>
      <font family="%E5%BE%AE%E8%BD%AF%E9%9B%85%E9%BB%91" displayName="%E5%BE%AE%E8%BD%AF%E9%9B%85%E9%BB%91" postScript="" weightStyle="Regular" weight="400" isBold="False" isItalic="False"/>
      <lineSpacing>16</lineSpacing>
      <selectedIndex>-1</selectedIndex>
    </control>
    <control controlID="ED33B758-6392-4EA1-A218-94C5AAD6CAD5" controlTypeID="Shape" x="0" y="0" w="188" h="40" zOrder="1">
      <color>4278229503</color>
      <font family="%E5%BE%AE%E8%BD%AF%E9%9B%85%E9%BB%91" displayName="%E5%BE%AE%E8%BD%AF%E9%9B%85%E9%BB%91" postScript="" weightStyle="Regular" weight="400" isBold="False" isItalic="False"/>
      <text>%E4%BC%97%E7%AD%B9%E7%AE%A1%E7%90%86</text>
      <textColor>4294967295</textColor>
      <textSize>18</textSize>
      <lineSpacing>24</lineSpacing>
      <useDefaultTextSize>False</useDefaultTextSize>
      <selectedIndex>-1</selectedIndex>
    </control>
    <control controlID="960176CE-E51D-4408-9911-FD67CA56B0F9" controlTypeID="Shape" x="0" y="39" w="188" h="40" zOrder="2">
      <color>4288256409</color>
      <font family="%E5%BE%AE%E8%BD%AF%E9%9B%85%E9%BB%91" displayName="%E5%BE%AE%E8%BD%AF%E9%9B%85%E9%BB%91" postScript="" weightStyle="Regular" weight="400" isBold="False" isItalic="False"/>
      <text>%E9%A1%B9%E7%9B%AE%E7%AE%A1%E7%90%86</text>
      <textColor>4294967295</textColor>
      <textSize>18</textSize>
      <lineSpacing>24</lineSpacing>
      <useDefaultTextSize>False</useDefaultTextSize>
      <selectedIndex>-1</selectedIndex>
    </control>
    <control controlID="5CA96ED9-2546-4745-A01C-9D5C1B497C3F" controlTypeID="Shape" x="0" y="297" w="188" h="40" zOrder="3">
      <color>4288256409</color>
      <font family="%E5%BE%AE%E8%BD%AF%E9%9B%85%E9%BB%91" displayName="%E5%BE%AE%E8%BD%AF%E9%9B%85%E9%BB%91" postScript="" weightStyle="Regular" weight="400" isBold="False" isItalic="False"/>
      <text>%E5%95%86%E5%93%81%E8%AE%BE%E7%BD%AE</text>
      <textColor>4294967295</textColor>
      <textSize>18</textSize>
      <lineSpacing>24</lineSpacing>
      <useDefaultTextSize>False</useDefaultTextSize>
      <selectedIndex>-1</selectedIndex>
    </control>
    <control controlID="31FDE850-E256-4E9D-A237-462CA9EDD0D9" controlTypeID="Shape" x="0" y="334" w="188" h="40" zOrder="4">
      <color>4288256409</color>
      <font family="%E5%BE%AE%E8%BD%AF%E9%9B%85%E9%BB%91" displayName="%E5%BE%AE%E8%BD%AF%E9%9B%85%E9%BB%91" postScript="" weightStyle="Regular" weight="400" isBold="False" isItalic="False"/>
      <text>%E5%95%86%E5%93%81%E5%88%97%E8%A1%A8</text>
      <textColor>4294967295</textColor>
      <textSize>18</textSize>
      <lineSpacing>24</lineSpacing>
      <useDefaultTextSize>False</useDefaultTextSize>
      <selectedIndex>-1</selectedIndex>
    </control>
    <control controlID="8F039F3A-37AC-473E-8E82-0E61614CC76C" controlTypeID="Shape" x="0" y="78" w="188" h="40" zOrder="5">
      <color>4288256409</color>
      <font family="%E5%BE%AE%E8%BD%AF%E9%9B%85%E9%BB%91" displayName="%E5%BE%AE%E8%BD%AF%E9%9B%85%E9%BB%91" postScript="" weightStyle="Regular" weight="400" isBold="False" isItalic="False"/>
      <text>%E9%A1%B9%E7%9B%AE%E7%8A%B6%E6%80%81</text>
      <textColor>4294967295</textColor>
      <textSize>18</textSize>
      <lineSpacing>24</lineSpacing>
      <useDefaultTextSize>False</useDefaultTextSize>
      <selectedIndex>-1</selectedIndex>
    </control>
    <control controlID="E22A8659-87F6-43A5-9585-12FB9024FD16" controlTypeID="Shape" x="0" y="258" w="188" h="40" zOrder="6">
      <color>4278229503</color>
      <font family="%E5%BE%AE%E8%BD%AF%E9%9B%85%E9%BB%91" displayName="%E5%BE%AE%E8%BD%AF%E9%9B%85%E9%BB%91" postScript="" weightStyle="Regular" weight="400" isBold="False" isItalic="False"/>
      <text>%E5%95%86%E5%9F%8E%E7%AE%A1%E7%90%86+</text>
      <textColor>4294967295</textColor>
      <textSize>18</textSize>
      <lineSpacing>24</lineSpacing>
      <useDefaultTextSize>False</useDefaultTextSize>
      <selectedIndex>-1</selectedIndex>
    </control>
    <control controlID="3F47CB9C-A062-4D7A-8C03-75F540C53F71" controlTypeID="Label" x="218" y="16" w="78" h="24" zOrder="7">
      <font family="%E5%BE%AE%E8%BD%AF%E9%9B%85%E9%BB%91" displayName="%E5%BE%AE%E8%BD%AF%E9%9B%85%E9%BB%91+Bold" postScript="" weightStyle="Bold" weight="700" isBold="True" isItalic="False"/>
      <text>%E5%9F%BA%E6%9C%AC%E4%BF%A1%E6%81%AF</text>
      <textColor>4288256409</textColor>
      <textSize>18</textSize>
      <lineSpacing>24</lineSpacing>
      <textStyles>[fsBold]</textStyles>
      <useDefaultTextSize>False</useDefaultTextSize>
      <selectedIndex>-1</selectedIndex>
    </control>
    <control controlID="CA23F9AD-ED70-402C-A2E3-5BCAF0116376" controlTypeID="Label" x="270" y="61" w="65" h="18" zOrder="8">
      <font family="%E5%BE%AE%E8%BD%AF%E9%9B%85%E9%BB%91" displayName="%E5%BE%AE%E8%BD%AF%E9%9B%85%E9%BB%91" postScript="" weightStyle="Regular" weight="400" isBold="False" isItalic="False"/>
      <text>%E5%95%86%E5%93%81%E5%90%8D%E7%A7%B0%EF%BC%9A</text>
      <textSize>13</textSize>
      <lineSpacing>17</lineSpacing>
      <useDefaultTextSize>False</useDefaultTextSize>
      <selectedIndex>-1</selectedIndex>
    </control>
    <control controlID="95BB9F69-2482-4246-B377-BBF51B6BE579" controlTypeID="Label" x="270" y="172" w="65" h="18" zOrder="9">
      <font family="%E5%BE%AE%E8%BD%AF%E9%9B%85%E9%BB%91" displayName="%E5%BE%AE%E8%BD%AF%E9%9B%85%E9%BB%91" postScript="" weightStyle="Regular" weight="400" isBold="False" isItalic="False"/>
      <text>%E5%95%86%E5%93%81%E7%A7%8D%E7%B1%BB%EF%BC%9A</text>
      <textSize>13</textSize>
      <lineSpacing>17</lineSpacing>
      <useDefaultTextSize>False</useDefaultTextSize>
      <selectedIndex>-1</selectedIndex>
    </control>
    <control controlID="3D72823A-77BB-4F77-8D29-20A17B1057FA" controlTypeID="Label" x="270" y="207" w="65" h="18" zOrder="10">
      <font family="%E5%BE%AE%E8%BD%AF%E9%9B%85%E9%BB%91" displayName="%E5%BE%AE%E8%BD%AF%E9%9B%85%E9%BB%91" postScript="" weightStyle="Regular" weight="400" isBold="False" isItalic="False"/>
      <text>%E5%95%86%E5%93%81%E5%BD%92%E7%B1%BB%EF%BC%9A</text>
      <textSize>13</textSize>
      <lineSpacing>17</lineSpacing>
      <useDefaultTextSize>False</useDefaultTextSize>
      <selectedIndex>-1</selectedIndex>
    </control>
    <control controlID="AFDDF50A-EDA6-447B-B1C7-C6A81B919C1D" controlTypeID="Label" x="296" y="237" w="39" h="18" zOrder="11">
      <font family="%E5%BE%AE%E8%BD%AF%E9%9B%85%E9%BB%91" displayName="%E5%BE%AE%E8%BD%AF%E9%9B%85%E9%BB%91" postScript="" weightStyle="Regular" weight="400" isBold="False" isItalic="False"/>
      <text>%E5%BA%97%E9%93%BA%EF%BC%9A</text>
      <textSize>13</textSize>
      <lineSpacing>17</lineSpacing>
      <useDefaultTextSize>False</useDefaultTextSize>
      <selectedIndex>-1</selectedIndex>
    </control>
    <control controlID="3A31A49A-EF2E-46CE-BD9A-E0C68EA2ACF1" controlTypeID="Label" x="296" y="101" w="39" h="18" zOrder="12">
      <font family="%E5%BE%AE%E8%BD%AF%E9%9B%85%E9%BB%91" displayName="%E5%BE%AE%E8%BD%AF%E9%9B%85%E9%BB%91" postScript="" weightStyle="Regular" weight="400" isBold="False" isItalic="False"/>
      <text>%E4%BB%B7%E6%A0%BC%EF%BC%9A</text>
      <textSize>13</textSize>
      <lineSpacing>17</lineSpacing>
      <useDefaultTextSize>False</useDefaultTextSize>
      <selectedIndex>-1</selectedIndex>
    </control>
    <control controlID="71579657-16E9-43A1-A825-A5C178D145C9" controlTypeID="Label" x="296" y="138" w="39" h="18" zOrder="13">
      <font family="%E5%BE%AE%E8%BD%AF%E9%9B%85%E9%BB%91" displayName="%E5%BE%AE%E8%BD%AF%E9%9B%85%E9%BB%91" postScript="" weightStyle="Regular" weight="400" isBold="False" isItalic="False"/>
      <text>%E7%A7%AF%E5%88%86%EF%BC%9A</text>
      <textSize>13</textSize>
      <lineSpacing>17</lineSpacing>
      <useDefaultTextSize>False</useDefaultTextSize>
      <selectedIndex>-1</selectedIndex>
    </control>
    <control controlID="64F2222B-5FF2-4C7C-97A0-3494B20883EA" controlTypeID="Label" x="523" y="320" w="39" h="18" zOrder="14">
      <font family="%E5%BE%AE%E8%BD%AF%E9%9B%85%E9%BB%91" displayName="%E5%BE%AE%E8%BD%AF%E9%9B%85%E9%BB%91" postScript="" weightStyle="Regular" weight="400" isBold="False" isItalic="False"/>
      <text>%E5%A4%A7%E5%B0%8F%EF%BC%9A</text>
      <textSize>13</textSize>
      <lineSpacing>17</lineSpacing>
      <useDefaultTextSize>False</useDefaultTextSize>
      <selectedIndex>-1</selectedIndex>
    </control>
    <control controlID="34EB7A40-40F0-4AE4-AA9A-42FA37799B42" controlTypeID="Label" x="270" y="319" w="65" h="18" zOrder="15">
      <font family="%E5%BE%AE%E8%BD%AF%E9%9B%85%E9%BB%91" displayName="%E5%BE%AE%E8%BD%AF%E9%9B%85%E9%BB%91" postScript="" weightStyle="Regular" weight="400" isBold="False" isItalic="False"/>
      <text>%E5%95%86%E5%93%81%E7%BC%96%E5%8F%B7%EF%BC%9A</text>
      <textSize>13</textSize>
      <lineSpacing>17</lineSpacing>
      <useDefaultTextSize>False</useDefaultTextSize>
      <selectedIndex>-1</selectedIndex>
    </control>
    <control controlID="3BF85673-E5F5-4FA9-A636-425F969999DE" controlTypeID="Label" x="296" y="353" w="39" h="18" zOrder="16">
      <font family="%E5%BE%AE%E8%BD%AF%E9%9B%85%E9%BB%91" displayName="%E5%BE%AE%E8%BD%AF%E9%9B%85%E9%BB%91" postScript="" weightStyle="Regular" weight="400" isBold="False" isItalic="False"/>
      <text>%E5%BA%97%E9%93%BA%EF%BC%9A</text>
      <textSize>13</textSize>
      <lineSpacing>17</lineSpacing>
      <useDefaultTextSize>False</useDefaultTextSize>
      <selectedIndex>-1</selectedIndex>
    </control>
    <control controlID="FBBD07C3-8AA4-4036-BAE9-80B6ECAEDAC5" controlTypeID="Label" x="296" y="390" w="39" h="18" zOrder="17">
      <font family="%E5%BE%AE%E8%BD%AF%E9%9B%85%E9%BB%91" displayName="%E5%BE%AE%E8%BD%AF%E9%9B%85%E9%BB%91" postScript="" weightStyle="Regular" weight="400" isBold="False" isItalic="False"/>
      <text>%E8%AF%81%E4%B9%A6%EF%BC%9A</text>
      <textSize>13</textSize>
      <lineSpacing>17</lineSpacing>
      <useDefaultTextSize>False</useDefaultTextSize>
      <selectedIndex>-1</selectedIndex>
    </control>
    <control controlID="E930BFEC-0FAD-4B1D-AEE5-7C51344F3859" controlTypeID="Label" x="522" y="353" w="39" h="18" zOrder="18">
      <font family="%E5%BE%AE%E8%BD%AF%E9%9B%85%E9%BB%91" displayName="%E5%BE%AE%E8%BD%AF%E9%9B%85%E9%BB%91" postScript="" weightStyle="Regular" weight="400" isBold="False" isItalic="False"/>
      <text>%E9%87%8D%E9%87%8F%EF%BC%9A</text>
      <textSize>13</textSize>
      <lineSpacing>17</lineSpacing>
      <useDefaultTextSize>False</useDefaultTextSize>
      <selectedIndex>-1</selectedIndex>
    </control>
    <control controlID="20D20E57-5EE3-4997-9812-93CCC4F3873C" controlTypeID="Label" x="523" y="386" w="39" h="18" zOrder="19">
      <font family="%E5%BE%AE%E8%BD%AF%E9%9B%85%E9%BB%91" displayName="%E5%BE%AE%E8%BD%AF%E9%9B%85%E9%BB%91" postScript="" weightStyle="Regular" weight="400" isBold="False" isItalic="False"/>
      <text>%E6%9D%90%E8%B4%A8%EF%BC%9A</text>
      <textSize>13</textSize>
      <lineSpacing>17</lineSpacing>
      <useDefaultTextSize>False</useDefaultTextSize>
      <selectedIndex>-1</selectedIndex>
    </control>
    <control controlID="CFC89642-77ED-4152-B0B9-81827B8E3AEC" controlTypeID="Label" x="218" y="274" w="78" h="24" zOrder="20">
      <font family="%E5%BE%AE%E8%BD%AF%E9%9B%85%E9%BB%91" displayName="%E5%BE%AE%E8%BD%AF%E9%9B%85%E9%BB%91+Bold" postScript="" weightStyle="Bold" weight="700" isBold="True" isItalic="False"/>
      <text>%E5%95%86%E5%93%81%E8%A7%84%E6%A0%BC</text>
      <textColor>4288256409</textColor>
      <textSize>18</textSize>
      <lineSpacing>24</lineSpacing>
      <textStyles>[fsBold]</textStyles>
      <useDefaultTextSize>False</useDefaultTextSize>
      <selectedIndex>-1</selectedIndex>
    </control>
    <control controlID="9D10EF90-3DAC-4A3E-BD2D-9D681B948690" controlTypeID="Label" x="219" y="442" w="77" h="24" zOrder="21">
      <font family="%E5%BE%AE%E8%BD%AF%E9%9B%85%E9%BB%91" displayName="%E5%BE%AE%E8%BD%AF%E9%9B%85%E9%BB%91+Bold" postScript="" weightStyle="Bold" weight="700" isBold="True" isItalic="False"/>
      <text>%E5%95%86%E5%93%81%E4%B8%BB%E5%9B%BE</text>
      <textColor>4288256409</textColor>
      <textSize>18</textSize>
      <lineSpacing>24</lineSpacing>
      <textStyles>[fsBold]</textStyles>
      <useDefaultTextSize>False</useDefaultTextSize>
      <selectedIndex>-1</selectedIndex>
    </control>
    <control controlID="52F5078A-7918-4849-A6F2-EB0D818BD3F7" controlTypeID="Label" x="218" y="734" w="78" h="24" zOrder="22">
      <font family="%E5%BE%AE%E8%BD%AF%E9%9B%85%E9%BB%91" displayName="%E5%BE%AE%E8%BD%AF%E9%9B%85%E9%BB%91+Bold" postScript="" weightStyle="Bold" weight="700" isBold="True" isItalic="False"/>
      <text>%E5%95%86%E5%93%81%E6%8F%8F%E8%BF%B0</text>
      <textColor>4288256409</textColor>
      <textSize>18</textSize>
      <lineSpacing>24</lineSpacing>
      <textStyles>[fsBold]</textStyles>
      <useDefaultTextSize>False</useDefaultTextSize>
      <selectedIndex>-1</selectedIndex>
    </control>
    <control controlID="9B805983-AF8D-436E-B546-286F713991C2" controlTypeID="TextInput" x="357" y="58" w="138" h="24" zOrder="23">
      <font family="%E5%BE%AE%E8%BD%AF%E9%9B%85%E9%BB%91" displayName="%E5%BE%AE%E8%BD%AF%E9%9B%85%E9%BB%91" postScript="" weightStyle="Regular" weight="400" isBold="False" isItalic="False"/>
      <textSize>12</textSize>
      <lineSpacing>16</lineSpacing>
      <selectedIndex>-1</selectedIndex>
    </control>
    <control controlID="C7A88435-D064-41B6-A760-49992C0F2C51" controlTypeID="TextInput" x="345" y="316" w="138" h="24" zOrder="24">
      <font family="%E5%BE%AE%E8%BD%AF%E9%9B%85%E9%BB%91" displayName="%E5%BE%AE%E8%BD%AF%E9%9B%85%E9%BB%91" postScript="" weightStyle="Regular" weight="400" isBold="False" isItalic="False"/>
      <textSize>12</textSize>
      <lineSpacing>16</lineSpacing>
      <selectedIndex>-1</selectedIndex>
    </control>
    <control controlID="56245649-A0AD-44E4-9AF3-753DC3271DEB" controlTypeID="TextInput" x="577" y="316" w="138" h="24" zOrder="25">
      <font family="%E5%BE%AE%E8%BD%AF%E9%9B%85%E9%BB%91" displayName="%E5%BE%AE%E8%BD%AF%E9%9B%85%E9%BB%91" postScript="" weightStyle="Regular" weight="400" isBold="False" isItalic="False"/>
      <textSize>12</textSize>
      <lineSpacing>16</lineSpacing>
      <selectedIndex>-1</selectedIndex>
    </control>
    <control controlID="54BDC4B6-6291-4B7F-B2A9-FB8F7887F532" controlTypeID="TextInput" x="345" y="350" w="138" h="24" zOrder="26">
      <font family="%E5%BE%AE%E8%BD%AF%E9%9B%85%E9%BB%91" displayName="%E5%BE%AE%E8%BD%AF%E9%9B%85%E9%BB%91" postScript="" weightStyle="Regular" weight="400" isBold="False" isItalic="False"/>
      <textSize>12</textSize>
      <lineSpacing>16</lineSpacing>
      <selectedIndex>-1</selectedIndex>
    </control>
    <control controlID="405D19CF-5277-4F91-B078-4FA4C09F89D9" controlTypeID="TextInput" x="577" y="350" w="138" h="24" zOrder="27">
      <font family="%E5%BE%AE%E8%BD%AF%E9%9B%85%E9%BB%91" displayName="%E5%BE%AE%E8%BD%AF%E9%9B%85%E9%BB%91" postScript="" weightStyle="Regular" weight="400" isBold="False" isItalic="False"/>
      <textSize>12</textSize>
      <lineSpacing>16</lineSpacing>
      <selectedIndex>-1</selectedIndex>
    </control>
    <control controlID="33FA2027-678E-4456-9607-BDA50955B5D1" controlTypeID="TextInput" x="345" y="384" w="138" h="24" zOrder="28">
      <font family="%E5%BE%AE%E8%BD%AF%E9%9B%85%E9%BB%91" displayName="%E5%BE%AE%E8%BD%AF%E9%9B%85%E9%BB%91" postScript="" weightStyle="Regular" weight="400" isBold="False" isItalic="False"/>
      <textSize>12</textSize>
      <lineSpacing>16</lineSpacing>
      <selectedIndex>-1</selectedIndex>
    </control>
    <control controlID="CA905047-22ED-4D36-B81F-8E30C7E9FC44" controlTypeID="TextInput" x="577" y="384" w="138" h="24" zOrder="29">
      <font family="%E5%BE%AE%E8%BD%AF%E9%9B%85%E9%BB%91" displayName="%E5%BE%AE%E8%BD%AF%E9%9B%85%E9%BB%91" postScript="" weightStyle="Regular" weight="400" isBold="False" isItalic="False"/>
      <textSize>12</textSize>
      <lineSpacing>16</lineSpacing>
      <selectedIndex>-1</selectedIndex>
    </control>
    <control controlID="93987963-B5C2-48CD-88C2-F32CD4DE9BB2" controlTypeID="TextInput" x="357" y="98" w="138" h="24" zOrder="30">
      <font family="%E5%BE%AE%E8%BD%AF%E9%9B%85%E9%BB%91" displayName="%E5%BE%AE%E8%BD%AF%E9%9B%85%E9%BB%91" postScript="" weightStyle="Regular" weight="400" isBold="False" isItalic="False"/>
      <text>5%2C000</text>
      <textSize>12</textSize>
      <textAlign>HaCenter</textAlign>
      <lineSpacing>16</lineSpacing>
      <selectedIndex>-1</selectedIndex>
    </control>
    <control controlID="04231788-7018-423F-B367-D68315156737" controlTypeID="TextInput" x="357" y="135" w="138" h="24" zOrder="31">
      <font family="%E5%BE%AE%E8%BD%AF%E9%9B%85%E9%BB%91" displayName="%E5%BE%AE%E8%BD%AF%E9%9B%85%E9%BB%91" postScript="" weightStyle="Regular" weight="400" isBold="False" isItalic="False"/>
      <text>50%EF%BC%8C000</text>
      <textSize>12</textSize>
      <textAlign>HaCenter</textAlign>
      <lineSpacing>16</lineSpacing>
      <selectedIndex>-1</selectedIndex>
    </control>
    <control controlID="35FD094B-5492-4FE6-97D0-89CA10786276" controlTypeID="Label" x="505" y="102" w="14" h="16" zOrder="32">
      <font family="%E5%BE%AE%E8%BD%AF%E9%9B%85%E9%BB%91" displayName="%E5%BE%AE%E8%BD%AF%E9%9B%85%E9%BB%91" postScript="" weightStyle="Regular" weight="400" isBold="False" isItalic="False"/>
      <text>%EF%BF%A5</text>
      <textSize>12</textSize>
      <lineSpacing>16</lineSpacing>
      <useDefaultTextSize>False</useDefaultTextSize>
      <selectedIndex>-1</selectedIndex>
    </control>
    <control controlID="85C91802-22E6-4C6A-9A40-E2337280B9C7" controlTypeID="Image" x="296" y="589" w="80" h="80" zOrder="33"/>
    <control controlID="40123332-284A-4F4B-8344-290264F34FDC" controlTypeID="Image" x="296" y="473" w="90" h="90" zOrder="34"/>
    <control controlID="D21ADCC2-E0EF-44E7-AE79-AD8CADAF15C4" controlTypeID="Image" x="476" y="589" w="80" h="80" zOrder="35"/>
    <control controlID="9A1FEE16-F461-4898-92F4-FCB64B34F678" controlTypeID="Image" x="386" y="589" w="80" h="80" zOrder="36"/>
    <control controlID="AF3DF4D8-7BAF-429C-BFE7-2DAAD2A43194" controlTypeID="Image" x="566" y="589" w="80" h="80" zOrder="37"/>
    <control controlID="A755DED7-B43B-462F-B492-CD7692112BCF" controlTypeID="Label" x="253" y="688" w="71" h="16" zOrder="38">
      <font family="%E5%BE%AE%E8%BD%AF%E9%9B%85%E9%BB%91" displayName="%E5%BE%AE%E8%BD%AF%E9%9B%85%E9%BB%91" postScript="" weightStyle="Regular" weight="400" isBold="False" isItalic="False"/>
      <text>%E9%99%90%E5%AE%9A%E4%B8%8A%E4%BC%A04%E5%BC%A0</text>
      <textSize>12</textSize>
      <lineSpacing>16</lineSpacing>
      <selectedIndex>-1</selectedIndex>
    </control>
    <control controlID="2036E530-0AFE-4D76-BE64-68CBE0BC65B3" controlTypeID="Label" x="296" y="566" w="52" h="16" zOrder="39">
      <font family="%E5%BE%AE%E8%BD%AF%E9%9B%85%E9%BB%91" displayName="%E5%BE%AE%E8%BD%AF%E9%9B%85%E9%BB%91" postScript="" weightStyle="Regular" weight="400" isBold="False" isItalic="False"/>
      <text>450*450</text>
      <textSize>12</textSize>
      <lineSpacing>16</lineSpacing>
      <selectedIndex>-1</selectedIndex>
    </control>
    <control controlID="27078CC3-9097-4846-9BBD-258BFEFC938A" controlTypeID="Icon" x="362" y="538" w="24" h="24" zOrder="40">
      <icon>
        <ID/>
        <iconFontName>jdIonicons</iconFontName>
        <iconCode>62297</iconCode>
      </icon>
      <URL>A74ACDBBC3EE487C9CDF84F8F9700C7C.svg</URL>
    </control>
    <control controlID="4DF5AC36-B374-4F71-9D0E-EF5F05303E75" controlTypeID="Image" x="296" y="780" w="460" h="245" zOrder="41">
      <URL>16675FDEA909283089EA4079706A7D5E.png</URL>
    </control>
    <control controlID="CB62D77D-F9F8-4D61-88CB-4CAA1C2A1A33" controlTypeID="Button" x="449" y="1092" w="70" h="28" zOrder="42">
      <color>4278229503</color>
      <borderVisible>False</borderVisible>
      <font family="%E5%BE%AE%E8%BD%AF%E9%9B%85%E9%BB%91" displayName="%E5%BE%AE%E8%BD%AF%E9%9B%85%E9%BB%91" postScript="" weightStyle="Regular" weight="400" isBold="False" isItalic="False"/>
      <text>%E4%BF%9D%E5%AD%98</text>
      <textColor>4294967295</textColor>
      <textSize>12</textSize>
      <lineSpacing>16</lineSpacing>
      <selectedIndex>-1</selectedIndex>
      <radius>4</radius>
    </control>
    <control controlID="860820B2-978B-4FDD-809B-3AC4CD3D62B2" controlTypeID="CompositeComboBox" x="356" y="234" w="139" h="24" zOrder="43">
      <groupChildrenDescriptors>
        <control controlID="B1E798D0-5BD6-415C-A215-BC3F6D4D7C26" controlTypeID="TextInput" x="0" y="0" w="116" h="24" zOrder="0">
          <locked>True</locked>
          <canMove>False</canMove>
          <alias>input</alias>
          <font family="%E5%BE%AE%E8%BD%AF%E9%9B%85%E9%BB%91" displayName="%E5%BE%AE%E8%BD%AF%E9%9B%85%E9%BB%91" postScript="" weightStyle="Regular" weight="400" isBold="False" isItalic="False"/>
          <text>%E9%95%BF%E5%AE%89%E8%A1%97%E5%BA%97%E9%93%BA</text>
          <textSize>12</textSize>
          <lineSpacing>16</lineSpacing>
          <selectedIndex>-1</selectedIndex>
        </control>
        <control controlID="26D2C0D5-A387-40F6-B5A2-90637A1C8F05" controlTypeID="Button" x="115" y="0" w="24" h="24" zOrder="1">
          <locked>True</locked>
          <canMove>False</canMove>
          <alias>button</alias>
          <font family="%E5%BE%AE%E8%BD%AF%E9%9B%85%E9%BB%91" displayName="%E5%BE%AE%E8%BD%AF%E9%9B%85%E9%BB%91" postScript="" weightStyle="Regular" weight="400" isBold="False" isItalic="False"/>
          <textSize>12</textSize>
          <lineSpacing>16</lineSpacing>
          <selectedIndex>-1</selectedIndex>
          <radius>0</radius>
        </control>
        <control controlID="0B3F7E01-9984-4134-AB3C-AA62958BECB9" controlTypeID="List" x="0" y="24" w="139" h="144" zOrder="2">
          <isShow>False</isShow>
          <canMove>False</canMove>
          <alias>dropDown</alias>
          <font family="%E5%BE%AE%E8%BD%AF%E9%9B%85%E9%BB%91" displayName="%E5%BE%AE%E8%BD%AF%E9%9B%85%E9%BB%91" postScript="" weightStyle="Regular" weight="400" isBold="False" isItalic="False"/>
          <text>%E9%95%BF%E5%AE%89%E8%A1%97%E5%BA%97%E9%93%BA%0D%0A%E9%95%BF%E5%AE%89%E8%A1%97%E5%BA%97%E9%93%BA2%0D%0A%E9%95%BF%E5%AE%89%E8%A1%97%E5%BA%97%E9%93%BA3%0D%0A%E9%95%BF%E5%AE%89%E8%A1%97%E5%BA%97%E9%93%BA4%0D%0A%E9%95%BF%E5%AE%89%E8%A1%97%E5%BA%97%E9%93%BA5%0D%0A%E9%95%BF%E5%AE%89%E8%A1%97%E5%BA%97%E9%93%BA6</text>
          <lineSpacing>16</lineSpacing>
          <itemHeight>24</itemHeight>
          <interlaceColor>4294967295</interlaceColor>
        </control>
      </groupChildrenDescriptors>
      <baseHeight>24</baseHeight>
      <font family="%E5%BE%AE%E8%BD%AF%E9%9B%85%E9%BB%91"/>
    </control>
    <control controlID="491A5C7A-4412-48DA-AF5B-C720C106404E" controlTypeID="CompositeComboBox" x="356" y="169" w="139" h="24" zOrder="44">
      <groupChildrenDescriptors>
        <control controlID="CD6BE595-2433-4FD9-AB13-FE523D4DA551" controlTypeID="TextInput" x="0" y="0" w="116" h="24" zOrder="0">
          <locked>True</locked>
          <canMove>False</canMove>
          <alias>input</alias>
          <font family="%E5%BE%AE%E8%BD%AF%E9%9B%85%E9%BB%91" displayName="%E5%BE%AE%E8%BD%AF%E9%9B%85%E9%BB%91" postScript="" weightStyle="Regular" weight="400" isBold="False" isItalic="False"/>
          <text>%E7%8E%89%E5%99%A8</text>
          <textSize>12</textSize>
          <lineSpacing>16</lineSpacing>
          <selectedIndex>-1</selectedIndex>
        </control>
        <control controlID="2D9B11D3-4E36-4609-9916-80921B74C227" controlTypeID="Button" x="115" y="0" w="24" h="24" zOrder="1">
          <locked>True</locked>
          <canMove>False</canMove>
          <alias>button</alias>
          <font family="%E5%BE%AE%E8%BD%AF%E9%9B%85%E9%BB%91" displayName="%E5%BE%AE%E8%BD%AF%E9%9B%85%E9%BB%91" postScript="" weightStyle="Regular" weight="400" isBold="False" isItalic="False"/>
          <textSize>12</textSize>
          <lineSpacing>16</lineSpacing>
          <selectedIndex>-1</selectedIndex>
          <radius>0</radius>
        </control>
        <control controlID="D98A056F-4251-40B8-BC8F-08F2F5AE72A2" controlTypeID="List" x="0" y="24" w="139" h="288" zOrder="2">
          <isShow>False</isShow>
          <canMove>False</canMove>
          <alias>dropDown</alias>
          <font family="%E5%BE%AE%E8%BD%AF%E9%9B%85%E9%BB%91" displayName="%E5%BE%AE%E8%BD%AF%E9%9B%85%E9%BB%91" postScript="" weightStyle="Regular" weight="400" isBold="False" isItalic="False"/>
          <text>%E7%8E%89%E5%99%A8%0D%0A%E7%8F%A0%E5%AE%9D%0D%0A%E9%92%BB%E7%9F%B3%0D%0A%E9%BB%84%E9%87%91%0D%0A3c%E4%BA%A7%E5%93%81%0D%0A%E6%9C%A8%E8%B4%A8%0D%0A%E9%99%B6%E7%93%B7%0D%0A%E7%9F%B3%E6%9D%90%0D%0A%E5%A4%8D%E5%90%88%0D%0A%E8%A3%85%E9%A5%B0%0D%0A%E7%8E%BB%E7%92%83%0D%0A%E5%85%B6%E4%BB%96</text>
          <lineSpacing>16</lineSpacing>
          <itemHeight>24</itemHeight>
          <interlaceColor>4294967295</interlaceColor>
        </control>
      </groupChildrenDescriptors>
      <baseHeight>24</baseHeight>
      <font family="%E5%BE%AE%E8%BD%AF%E9%9B%85%E9%BB%91"/>
    </control>
    <control controlID="31A4A21A-AE6F-432B-9739-4B348F768ED2" controlTypeID="CompositeComboBox" x="356" y="202" w="139" h="24" zOrder="45">
      <groupChildrenDescriptors>
        <control controlID="59C49E03-381F-490D-8D7D-7573180603C3" controlTypeID="TextInput" x="0" y="0" w="116" h="24" zOrder="0">
          <locked>True</locked>
          <canMove>False</canMove>
          <alias>input</alias>
          <font family="%E5%BE%AE%E8%BD%AF%E9%9B%85%E9%BB%91" displayName="%E5%BE%AE%E8%BD%AF%E9%9B%85%E9%BB%91" postScript="" weightStyle="Regular" weight="400" isBold="False" isItalic="False"/>
          <text>%E6%9C%80%E6%96%B0</text>
          <textSize>12</textSize>
          <lineSpacing>16</lineSpacing>
          <selectedIndex>-1</selectedIndex>
        </control>
        <control controlID="2B7339C6-B2E1-4D5A-BCB1-BA83076B4902" controlTypeID="Button" x="115" y="0" w="24" h="24" zOrder="1">
          <locked>True</locked>
          <canMove>False</canMove>
          <alias>button</alias>
          <font family="%E5%BE%AE%E8%BD%AF%E9%9B%85%E9%BB%91" displayName="%E5%BE%AE%E8%BD%AF%E9%9B%85%E9%BB%91" postScript="" weightStyle="Regular" weight="400" isBold="False" isItalic="False"/>
          <textSize>12</textSize>
          <lineSpacing>16</lineSpacing>
          <selectedIndex>-1</selectedIndex>
          <radius>0</radius>
        </control>
        <control controlID="5F918B00-21F9-42A6-8F8F-6F70414C6491" controlTypeID="List" x="0" y="24" w="139" h="72" zOrder="2">
          <isShow>False</isShow>
          <canMove>False</canMove>
          <alias>dropDown</alias>
          <font family="%E5%BE%AE%E8%BD%AF%E9%9B%85%E9%BB%91" displayName="%E5%BE%AE%E8%BD%AF%E9%9B%85%E9%BB%91" postScript="" weightStyle="Regular" weight="400" isBold="False" isItalic="False"/>
          <text>%E6%9C%80%E6%96%B0%0D%0A%E7%83%AD%E9%97%A8%0D%0A%E7%A7%AF%E5%88%86%0D%0A</text>
          <lineSpacing>16</lineSpacing>
          <itemHeight>24</itemHeight>
          <interlaceColor>4294967295</interlaceColor>
        </control>
      </groupChildrenDescriptors>
      <baseHeight>24</baseHeight>
      <font family="%E5%BE%AE%E8%BD%AF%E9%9B%85%E9%BB%91"/>
    </control>
  </controls>
  <param>
    <backgroundColor>4294967295</backgroundColor>
    <fontSize>12</fontSize>
    <fontFamily>%E5%BE%AE%E8%BD%AF%E9%9B%85%E9%BB%91</fontFamily>
    <guideLines/>
  </param>
</mockup>