﻿<mockup version="4.8" minAllowVersion="4.8" ID="B0EF2CE6-0EDB-4121-80FC-2026BEADA8DA" platform="MtDesktop" defaultW="800" defaultH="600" measureW="800" measureH="600" mobileScreenScale="0">
  <controls controlCount="9">
    <control controlID="4E82E93C-B897-4217-92FA-A09F30654C90" controlTypeID="Image" x="1" y="69" w="797" h="511" zOrder="0"/>
    <control controlID="EDBF781A-8FA1-4FC9-9D67-05B95A42C29C" controlTypeID="Shape" x="0" y="0" w="800" h="69" zOrder="1">
      <color>4291611852</color>
      <opacity>0.5</opacity>
      <font family="%E5%BE%AE%E8%BD%AF%E9%9B%85%E9%BB%91" displayName="%E5%BE%AE%E8%BD%AF%E9%9B%85%E9%BB%91" postScript="" weightStyle="Regular" weight="400" isBold="False" isItalic="False"/>
      <lineSpacing>16</lineSpacing>
      <selectedIndex>-1</selectedIndex>
    </control>
    <control controlID="92B131EA-C93D-4461-9577-B02CECD39E2B" controlTypeID="Shape" x="495" y="170" w="245" h="47" zOrder="2">
      <color>4291611852</color>
      <font family="%E5%BE%AE%E8%BD%AF%E9%9B%85%E9%BB%91" displayName="%E5%BE%AE%E8%BD%AF%E9%9B%85%E9%BB%91" postScript="" weightStyle="Regular" weight="400" isBold="False" isItalic="False"/>
      <lineSpacing>16</lineSpacing>
      <selectedIndex>-1</selectedIndex>
    </control>
    <control controlID="65E76224-2AFD-4DFB-AA81-D103FE4FD4F1" controlTypeID="Shape" x="495" y="216" w="245" h="206" zOrder="3">
      <font family="%E5%BE%AE%E8%BD%AF%E9%9B%85%E9%BB%91" displayName="%E5%BE%AE%E8%BD%AF%E9%9B%85%E9%BB%91" postScript="" weightStyle="Regular" weight="400" isBold="False" isItalic="False"/>
      <lineSpacing>16</lineSpacing>
      <selectedIndex>-1</selectedIndex>
    </control>
    <control controlID="250CEB30-C6D4-49B4-AAE5-0CFE0383A76D" controlTypeID="TextInput" x="531" y="236" w="174" h="38" zOrder="4">
      <font family="%E5%BE%AE%E8%BD%AF%E9%9B%85%E9%BB%91" displayName="%E5%BE%AE%E8%BD%AF%E9%9B%85%E9%BB%91" postScript="" weightStyle="Regular" weight="400" isBold="False" isItalic="False"/>
      <text>ID%EF%BC%9A</text>
      <textSize>12</textSize>
      <lineSpacing>16</lineSpacing>
      <selectedIndex>-1</selectedIndex>
    </control>
    <control controlID="D31F31C4-737A-403F-95C3-2108675243C2" controlTypeID="TextInput" x="533" y="296" w="173" h="38" zOrder="5">
      <font family="%E5%BE%AE%E8%BD%AF%E9%9B%85%E9%BB%91" displayName="%E5%BE%AE%E8%BD%AF%E9%9B%85%E9%BB%91" postScript="" weightStyle="Regular" weight="400" isBold="False" isItalic="False"/>
      <text>%E5%AF%86%E7%A0%81%EF%BC%9A</text>
      <textSize>12</textSize>
      <lineSpacing>16</lineSpacing>
      <selectedIndex>-1</selectedIndex>
    </control>
    <control controlID="80A7C517-C910-453A-BC03-FCBDB0593FA5" controlTypeID="Button" x="534" y="351" w="172" h="37" zOrder="6">
      <font family="%E5%BE%AE%E8%BD%AF%E9%9B%85%E9%BB%91" displayName="%E5%BE%AE%E8%BD%AF%E9%9B%85%E9%BB%91" postScript="" weightStyle="Regular" weight="400" isBold="False" isItalic="False"/>
      <text>%E7%99%BB%E5%BD%95</text>
      <textSize>12</textSize>
      <lineSpacing>16</lineSpacing>
      <selectedIndex>-1</selectedIndex>
      <radius>4</radius>
    </control>
    <control controlID="74B10170-8EE9-4EE1-B5D2-D5680E56900B" controlTypeID="Label" x="26" y="23" w="70" h="22" zOrder="7">
      <font family="%E5%BE%AE%E8%BD%AF%E9%9B%85%E9%BB%91" displayName="%E5%BE%AE%E8%BD%AF%E9%9B%85%E9%BB%91" postScript="" weightStyle="Regular" weight="400" isBold="False" isItalic="False"/>
      <text>%E5%85%A8%E5%90%8D%E5%BD%93%E9%93%BA</text>
      <textSize>16</textSize>
      <lineSpacing>21</lineSpacing>
      <useDefaultTextSize>False</useDefaultTextSize>
      <selectedIndex>-1</selectedIndex>
    </control>
    <control controlID="C51B0F7C-D297-4E51-A3C3-B810DE00AC89" controlTypeID="Label" x="585" y="184" w="70" h="22" zOrder="8">
      <font family="%E5%BE%AE%E8%BD%AF%E9%9B%85%E9%BB%91" displayName="%E5%BE%AE%E8%BD%AF%E9%9B%85%E9%BB%91" postScript="" weightStyle="Regular" weight="400" isBold="False" isItalic="False"/>
      <text>%E6%AC%A2%E8%BF%8E%E7%99%BB%E5%BD%95</text>
      <textSize>16</textSize>
      <lineSpacing>21</lineSpacing>
      <useDefaultTextSize>False</useDefaultTextSize>
      <selectedIndex>-1</selectedIndex>
    </control>
  </controls>
  <param>
    <backgroundColor>4294967295</backgroundColor>
    <fontSize>0</fontSize>
    <fontFamily/>
    <guideLines/>
  </param>
</mockup>