﻿<mockup version="4.8" minAllowVersion="4.8" ID="C41F9B4C-0345-4BAD-B982-D06C8D64D75D" platform="MtDesktop" defaultW="800" defaultH="600" measureW="800" measureH="2500" mobileScreenScale="0">
  <controls controlCount="58">
    <control controlID="0ABB65B7-0766-4A68-A2FE-07D0576324B9" controlTypeID="Shape" x="316" y="406" w="224" h="73" zOrder="0">
      <color>4294111986</color>
      <font family="%E5%BE%AE%E8%BD%AF%E9%9B%85%E9%BB%91" displayName="%E5%BE%AE%E8%BD%AF%E9%9B%85%E9%BB%91" postScript="" weightStyle="Regular" weight="400" isBold="False" isItalic="False"/>
      <lineSpacing>16</lineSpacing>
      <selectedIndex>-1</selectedIndex>
    </control>
    <control controlID="399592D6-3208-4B47-8BFF-B9F3C96AA522" controlTypeID="Master" x="0" y="-5" w="800" h="120" zOrder="1" masterID="F40BD275-907F-4885-A87A-15EB8DE2D51D">
      <groupChildrenDescriptors>
        <control controlID="CACBB5BF-A953-49BF-9E28-8D59F40C52A3" controlTypeID="Shape" x="0" y="0" w="800" h="37" zOrder="0">
          <color>4291611852</color>
          <font family="%E5%BE%AE%E8%BD%AF%E9%9B%85%E9%BB%91" displayName="%E5%BE%AE%E8%BD%AF%E9%9B%85%E9%BB%91" postScript="" weightStyle="Regular" weight="400" isBold="False" isItalic="False"/>
          <lineSpacing>16</lineSpacing>
          <selectedIndex>-1</selectedIndex>
        </control>
        <control controlID="F9B70C3F-DC5A-41A0-A359-D03BA10C5864" controlTypeID="Shape" x="702" y="20" w="71" h="36" zOrder="1">
          <font family="%E5%BE%AE%E8%BD%AF%E9%9B%85%E9%BB%91" displayName="%E5%BE%AE%E8%BD%AF%E9%9B%85%E9%BB%91" postScript="" weightStyle="Regular" weight="400" isBold="False" isItalic="False"/>
          <text>%E7%99%BB%E5%BD%95</text>
          <lineSpacing>16</lineSpacing>
          <selectedIndex>-1</selectedIndex>
        </control>
        <control controlID="D28DE0B2-D7F1-40DD-A127-4026C3B84B82" controlTypeID="Shape" x="29" y="47" w="158" h="73" zOrder="2">
          <font family="%E5%BE%AE%E8%BD%AF%E9%9B%85%E9%BB%91" displayName="%E5%BE%AE%E8%BD%AF%E9%9B%85%E9%BB%91" postScript="" weightStyle="Regular" weight="400" isBold="False" isItalic="False"/>
          <text>LOGO</text>
          <lineSpacing>16</lineSpacing>
          <selectedIndex>-1</selectedIndex>
        </control>
        <control controlID="FFFA4C4B-B728-4FC5-B0F0-7038522F3F57" controlTypeID="__group__" x="400" y="78" w="300" h="32" zOrder="3">
          <groupChildrenDescriptors>
            <control controlID="F6FFB7FF-4006-45FD-A706-9C92CF2C585A" controlTypeID="Shape" x="0" y="0" w="238" h="32" zOrder="0">
              <font family="%E5%BE%AE%E8%BD%AF%E9%9B%85%E9%BB%91" displayName="%E5%BE%AE%E8%BD%AF%E9%9B%85%E9%BB%91" postScript="" weightStyle="Regular" weight="400" isBold="False" isItalic="False"/>
              <lineSpacing>16</lineSpacing>
              <selectedIndex>-1</selectedIndex>
            </control>
            <control controlID="89BE7354-69D3-44AF-8BC6-A636BA6935C4" controlTypeID="Shape" x="237" y="0" w="63" h="32" zOrder="1">
              <color>4291611852</color>
              <font family="%E5%BE%AE%E8%BD%AF%E9%9B%85%E9%BB%91" displayName="%E5%BE%AE%E8%BD%AF%E9%9B%85%E9%BB%91" postScript="" weightStyle="Regular" weight="400" isBold="False" isItalic="False"/>
              <text>%E6%90%9C%E7%B4%A2</text>
              <lineSpacing>16</lineSpacing>
              <selectedIndex>-1</selectedIndex>
            </control>
          </groupChildrenDescriptors>
        </control>
        <control controlID="B5F5139B-8025-45FA-8C79-F04E7AE111A1" controlTypeID="Label" x="29" y="10" w="107" h="16" zOrder="4">
          <font family="%E5%BE%AE%E8%BD%AF%E9%9B%85%E9%BB%91" displayName="%E5%BE%AE%E8%BD%AF%E9%9B%85%E9%BB%91" postScript="" weightStyle="Regular" weight="400" isBold="False" isItalic="False"/>
          <text>%E6%AC%A2%E8%BF%8E%E6%9D%A5%E5%88%B0%E5%85%A8%E6%B0%91%E5%BD%93%E9%93%BA%EF%BC%81</text>
          <textSize>12</textSize>
          <lineSpacing>16</lineSpacing>
          <selectedIndex>-1</selectedIndex>
        </control>
      </groupChildrenDescriptors>
    </control>
    <control controlID="2D31736E-0BF0-485A-949D-C6953A8ECDD4" controlTypeID="HRule" x="0" y="144" w="800" h="12" zOrder="2"/>
    <control controlID="17E9DDF9-DF60-4560-B233-E5AF1929672C" controlTypeID="Image" x="32" y="260" w="253" h="272" zOrder="3">
      <remarkText>%E9%BC%A0%E6%A0%87%E7%A7%BB%E5%8A%A8%E4%B8%8A%E5%8E%BB%EF%BC%8C%E6%9C%89%E6%94%BE%E5%A4%A7%E9%95%9C%E7%9A%84%E6%95%88%E6%9E%9C</remarkText>
    </control>
    <control controlID="29DA70FD-7DD3-45E6-A575-CE4A75DE3A7E" controlTypeID="Image" x="32" y="555" w="72" h="72" zOrder="4"/>
    <control controlID="05FBB220-8A23-420B-B026-58441D8A2719" controlTypeID="Image" x="122" y="555" w="72" h="72" zOrder="5"/>
    <control controlID="1120CF9C-F0EF-481B-8016-76DBBE1EC137" controlTypeID="Image" x="213" y="555" w="72" h="72" zOrder="6"/>
    <control controlID="1C71E902-671B-4A04-B266-435E584FFA89" controlTypeID="Label" x="316" y="260" w="148" h="22" zOrder="7">
      <font family="%E5%BE%AE%E8%BD%AF%E9%9B%85%E9%BB%91" displayName="%E5%BE%AE%E8%BD%AF%E9%9B%85%E9%BB%91" postScript="" weightStyle="Regular" weight="400" isBold="False" isItalic="False"/>
      <text>%E5%90%8D%E7%A7%B0%EF%BC%9A0101010000</text>
      <textSize>16</textSize>
      <lineSpacing>21</lineSpacing>
      <useDefaultTextSize>False</useDefaultTextSize>
      <selectedIndex>-1</selectedIndex>
    </control>
    <control controlID="48E121AB-F90A-4BEA-815D-D09A4B3E881E" controlTypeID="Label" x="316" y="314" w="138" h="22" zOrder="8">
      <font family="%E5%BE%AE%E8%BD%AF%E9%9B%85%E9%BB%91" displayName="%E5%BE%AE%E8%BD%AF%E9%9B%85%E9%BB%91" postScript="" weightStyle="Regular" weight="400" isBold="False" isItalic="False"/>
      <text>%E4%BB%B7%E6%A0%BC%EF%BC%9A010101010</text>
      <textSize>16</textSize>
      <lineSpacing>21</lineSpacing>
      <useDefaultTextSize>False</useDefaultTextSize>
      <selectedIndex>-1</selectedIndex>
    </control>
    <control controlID="B2ED8EC5-F3A2-42C6-8770-58858D6E0275" controlTypeID="Label" x="316" y="366" w="101" h="22" zOrder="9">
      <font family="%E5%BE%AE%E8%BD%AF%E9%9B%85%E9%BB%91" displayName="%E5%BE%AE%E8%BD%AF%E9%9B%85%E9%BB%91" postScript="" weightStyle="Regular" weight="400" isBold="False" isItalic="False"/>
      <text>%E7%A7%AF%E5%88%86%EF%BC%9A30000</text>
      <textSize>16</textSize>
      <lineSpacing>21</lineSpacing>
      <useDefaultTextSize>False</useDefaultTextSize>
      <selectedIndex>-1</selectedIndex>
    </control>
    <control controlID="84A977FE-3578-4063-8F4E-B6BA5BC20A60" controlTypeID="TextArea" x="326" y="417" w="214" h="50" zOrder="10">
      <font family="%E5%BE%AE%E8%BD%AF%E9%9B%85%E9%BB%91" displayName="%E5%BE%AE%E8%BD%AF%E9%9B%85%E9%BB%91" postScript="" weightStyle="Regular" weight="400" isBold="False" isItalic="False"/>
      <text>%E4%BA%A7%E5%93%81%E8%A7%84%E6%A0%BC%EF%BC%9A0010101001010%0D%0A%E5%A4%A7%E5%B0%8F%EF%BC%9A00%0D%0A%E9%87%8D%E9%87%8F%EF%BC%9A00%0D%0A%0D%0A</text>
      <textSize>12</textSize>
      <lineSpacing>16</lineSpacing>
      <selectedIndex>-1</selectedIndex>
    </control>
    <control controlID="83C0DE7C-BA9C-4F4E-8283-F2D5BE380FDE" controlTypeID="Button" x="347" y="555" w="214" h="58" zOrder="11">
      <font family="%E5%BE%AE%E8%BD%AF%E9%9B%85%E9%BB%91" displayName="%E5%BE%AE%E8%BD%AF%E9%9B%85%E9%BB%91" postScript="" weightStyle="Regular" weight="400" isBold="False" isItalic="False"/>
      <text>%E7%94%B5%E8%AF%9D%EF%BC%9A028-99876</text>
      <textSize>18</textSize>
      <lineSpacing>24</lineSpacing>
      <useDefaultTextSize>False</useDefaultTextSize>
      <selectedIndex>-1</selectedIndex>
      <radius>4</radius>
    </control>
    <control controlID="8FE25D7C-6D29-4A90-9CCC-07B8821C35BC" controlTypeID="Label" x="316" y="505" w="52" h="16" zOrder="12">
      <font family="%E5%BE%AE%E8%BD%AF%E9%9B%85%E9%BB%91" displayName="%E5%BE%AE%E8%BD%AF%E9%9B%85%E9%BB%91" postScript="" weightStyle="Regular" weight="400" isBold="False" isItalic="False"/>
      <text>%E7%BA%BF%E4%B8%8B%E4%BA%A4%E6%98%93</text>
      <textSize>12</textSize>
      <lineSpacing>16</lineSpacing>
      <selectedIndex>-1</selectedIndex>
    </control>
    <control controlID="626CE383-8809-4CFE-B7A6-D648AC22B232" controlTypeID="Shape" x="32" y="671" w="736" h="44" zOrder="13">
      <font family="%E5%BE%AE%E8%BD%AF%E9%9B%85%E9%BB%91" displayName="%E5%BE%AE%E8%BD%AF%E9%9B%85%E9%BB%91" postScript="" weightStyle="Regular" weight="400" isBold="False" isItalic="False"/>
      <text>%E5%95%86%E5%93%81%E8%AF%A6%E6%83%85</text>
      <lineSpacing>16</lineSpacing>
      <selectedIndex>-1</selectedIndex>
    </control>
    <control controlID="A82C91F8-C057-4F6C-B2BE-1D47648D3094" controlTypeID="Image" x="32" y="765" w="736" h="447" zOrder="14"/>
    <control controlID="907813DF-1C9C-4869-8B1D-9184C526E145" controlTypeID="Image" x="32" y="1242" w="736" h="407" zOrder="15"/>
    <control controlID="D94E1AB4-A5C5-4354-A6ED-24E9C838DFD5" controlTypeID="Image" x="32" y="1667" w="736" h="292" zOrder="16"/>
    <control controlID="2EF21181-7FA3-485E-BDCB-907C3B31B9F0" controlTypeID="Master" x="0" y="2013" w="800" h="487" zOrder="17" masterID="8684CB1E-D6BF-4730-9F20-ED6DFE64752E">
      <groupChildrenDescriptors>
        <control controlID="00D5F63F-BAD2-4A24-A775-C5242E21649C" controlTypeID="Line" x="4" y="166" w="792" h="2" zOrder="0">
          <font family="%E5%BE%AE%E8%BD%AF%E9%9B%85%E9%BB%91" displayName="%E5%BE%AE%E8%BD%AF%E9%9B%85%E9%BB%91" postScript="" weightStyle="Regular" weight="400" isBold="False" isItalic="False"/>
          <lineSpacing>16</lineSpacing>
          <selectedIndex>-1</selectedIndex>
          <controlPoint>(396,1)</controlPoint>
          <startPoint>(0,1)</startPoint>
          <endPoint>(792,1)</endPoint>
        </control>
        <control controlID="2720CB14-9977-4C8F-BFB9-482DB091CE7A" controlTypeID="Shape" x="0" y="236" w="800" h="210" zOrder="1">
          <color>4294111986</color>
          <font family="%E5%BE%AE%E8%BD%AF%E9%9B%85%E9%BB%91" displayName="%E5%BE%AE%E8%BD%AF%E9%9B%85%E9%BB%91" postScript="" weightStyle="Regular" weight="400" isBold="False" isItalic="False"/>
          <lineSpacing>16</lineSpacing>
          <selectedIndex>-1</selectedIndex>
        </control>
        <control controlID="26CFFA93-2FAB-45AA-B00D-A79B8C85F46B" controlTypeID="Shape" x="0" y="446" w="800" h="41" zOrder="2">
          <color>4281742902</color>
          <font family="%E5%BE%AE%E8%BD%AF%E9%9B%85%E9%BB%91" displayName="%E5%BE%AE%E8%BD%AF%E9%9B%85%E9%BB%91" postScript="" weightStyle="Regular" weight="400" isBold="False" isItalic="False"/>
          <text>%E5%A4%87%E6%A1%88%E5%8F%B7%EF%BC%9A009001010101</text>
          <lineSpacing>16</lineSpacing>
          <selectedIndex>-1</selectedIndex>
        </control>
        <control controlID="3FA7C97B-AF26-4DF1-85E4-609C06C8D76F" controlTypeID="Label" x="356" y="0" w="70" h="22" zOrder="3">
          <font family="%E5%BE%AE%E8%BD%AF%E9%9B%85%E9%BB%91" displayName="%E5%BE%AE%E8%BD%AF%E9%9B%85%E9%BB%91" postScript="" weightStyle="Regular" weight="400" isBold="False" isItalic="False"/>
          <text>%E5%85%A8%E6%B0%91%E5%BD%93%E9%93%BA</text>
          <textSize>16</textSize>
          <lineSpacing>21</lineSpacing>
          <useDefaultTextSize>False</useDefaultTextSize>
          <selectedIndex>-1</selectedIndex>
        </control>
        <control controlID="4BCEA37E-E833-479B-A7B4-CAD17AD04E1A" controlTypeID="Line" x="33" y="10" w="310" h="2" zOrder="4">
          <font family="%E5%BE%AE%E8%BD%AF%E9%9B%85%E9%BB%91" displayName="%E5%BE%AE%E8%BD%AF%E9%9B%85%E9%BB%91" postScript="" weightStyle="Regular" weight="400" isBold="False" isItalic="False"/>
          <lineSpacing>16</lineSpacing>
          <selectedIndex>-1</selectedIndex>
          <controlPoint>(156,1)</controlPoint>
          <startPoint>(1,1)</startPoint>
          <endPoint>(310,1)</endPoint>
        </control>
        <control controlID="98ED3B09-4828-4D98-B5BF-1F790C61B1D7" controlTypeID="Line" x="436" y="10" w="314" h="2" zOrder="5">
          <font family="%E5%BE%AE%E8%BD%AF%E9%9B%85%E9%BB%91" displayName="%E5%BE%AE%E8%BD%AF%E9%9B%85%E9%BB%91" postScript="" weightStyle="Regular" weight="400" isBold="False" isItalic="False"/>
          <lineSpacing>16</lineSpacing>
          <selectedIndex>-1</selectedIndex>
          <controlPoint>(158,1)</controlPoint>
          <startPoint>(1,1)</startPoint>
          <endPoint>(314,1)</endPoint>
        </control>
        <control controlID="EC41A9CD-735B-4350-871B-670570AD2C01" controlTypeID="Circle" x="53" y="75" w="43" h="43" zOrder="6">
          <color>4291611852</color>
          <font family="%E5%BE%AE%E8%BD%AF%E9%9B%85%E9%BB%91" displayName="%E5%BE%AE%E8%BD%AF%E9%9B%85%E9%BB%91" postScript="" weightStyle="Regular" weight="400" isBold="False" isItalic="False"/>
          <text>%E4%BC%98</text>
          <textSize>16</textSize>
          <lineSpacing>21</lineSpacing>
          <useDefaultTextSize>False</useDefaultTextSize>
          <selectedIndex>-1</selectedIndex>
          <shapeBorderType>SbEllipse</shapeBorderType>
        </control>
        <control controlID="D31B1B0D-12C8-4DE6-A97D-49B6D9906B87" controlTypeID="Circle" x="305" y="75" w="43" h="43" zOrder="7">
          <color>4291611852</color>
          <font family="%E5%BE%AE%E8%BD%AF%E9%9B%85%E9%BB%91" displayName="%E5%BE%AE%E8%BD%AF%E9%9B%85%E9%BB%91" postScript="" weightStyle="Regular" weight="400" isBold="False" isItalic="False"/>
          <text>%E4%BF%9D</text>
          <textSize>16</textSize>
          <lineSpacing>21</lineSpacing>
          <useDefaultTextSize>False</useDefaultTextSize>
          <selectedIndex>-1</selectedIndex>
          <shapeBorderType>SbEllipse</shapeBorderType>
        </control>
        <control controlID="DE6DE0AF-E9AF-45C5-A2F4-C6CF9BE47DC7" controlTypeID="Circle" x="578" y="75" w="43" h="43" zOrder="8">
          <color>4291611852</color>
          <font family="%E5%BE%AE%E8%BD%AF%E9%9B%85%E9%BB%91" displayName="%E5%BE%AE%E8%BD%AF%E9%9B%85%E9%BB%91" postScript="" weightStyle="Regular" weight="400" isBold="False" isItalic="False"/>
          <text>%E8%AF%9A%E4%BF%A1</text>
          <textSize>16</textSize>
          <lineSpacing>21</lineSpacing>
          <useDefaultTextSize>False</useDefaultTextSize>
          <selectedIndex>-1</selectedIndex>
          <shapeBorderType>SbEllipse</shapeBorderType>
        </control>
        <control controlID="85186FAB-EB04-4463-9CE1-8A8C5D88CE3F" controlTypeID="Label" x="106" y="76" w="52" h="16" zOrder="9">
          <font family="%E5%BE%AE%E8%BD%AF%E9%9B%85%E9%BB%91" displayName="%E5%BE%AE%E8%BD%AF%E9%9B%85%E9%BB%91" postScript="" weightStyle="Regular" weight="400" isBold="False" isItalic="False"/>
          <text>%E5%93%81%E8%B4%A8%E4%BF%9D%E8%AF%81</text>
          <textSize>12</textSize>
          <lineSpacing>16</lineSpacing>
          <useDefaultTextSize>False</useDefaultTextSize>
          <selectedIndex>-1</selectedIndex>
        </control>
        <control controlID="20DC08D0-00A1-411B-9E20-BA88782E3A8A" controlTypeID="Label" x="358" y="76" w="52" h="16" zOrder="10">
          <font family="%E5%BE%AE%E8%BD%AF%E9%9B%85%E9%BB%91" displayName="%E5%BE%AE%E8%BD%AF%E9%9B%85%E9%BB%91" postScript="" weightStyle="Regular" weight="400" isBold="False" isItalic="False"/>
          <text>%E4%BA%A4%E6%98%93%E4%BF%9D%E8%AF%81</text>
          <textSize>12</textSize>
          <lineSpacing>16</lineSpacing>
          <useDefaultTextSize>False</useDefaultTextSize>
          <selectedIndex>-1</selectedIndex>
        </control>
        <control controlID="2128E9FD-5988-4BA6-A567-1D18EC33C85D" controlTypeID="Label" x="631" y="76" w="52" h="16" zOrder="11">
          <font family="%E5%BE%AE%E8%BD%AF%E9%9B%85%E9%BB%91" displayName="%E5%BE%AE%E8%BD%AF%E9%9B%85%E9%BB%91" postScript="" weightStyle="Regular" weight="400" isBold="False" isItalic="False"/>
          <text>%E8%AF%9A%E4%BF%A1%E4%BF%9D%E8%AF%81</text>
          <textSize>12</textSize>
          <lineSpacing>16</lineSpacing>
          <useDefaultTextSize>False</useDefaultTextSize>
          <selectedIndex>-1</selectedIndex>
        </control>
        <control controlID="6DDADC0C-470B-43EB-8681-F1164E82132A" controlTypeID="Label" x="106" y="97" w="96" h="15" zOrder="12">
          <font family="%E5%BE%AE%E8%BD%AF%E9%9B%85%E9%BB%91" displayName="%E5%BE%AE%E8%BD%AF%E9%9B%85%E9%BB%91" postScript="" weightStyle="Regular" weight="400" isBold="False" isItalic="False"/>
          <text>%E5%93%81%E8%B4%A8%E6%8A%A4%E8%88%AA+%E8%B4%AD%E7%89%A9%E6%97%A0%E5%BF%A7</text>
          <textSize>11</textSize>
          <lineSpacing>15</lineSpacing>
          <useDefaultTextSize>False</useDefaultTextSize>
          <selectedIndex>-1</selectedIndex>
        </control>
        <control controlID="7F628830-9712-47CC-AFCB-9AC5D2DDF71C" controlTypeID="Label" x="358" y="97" w="118" h="15" zOrder="13">
          <font family="%E5%BE%AE%E8%BD%AF%E9%9B%85%E9%BB%91" displayName="%E5%BE%AE%E8%BD%AF%E9%9B%85%E9%BB%91" postScript="" weightStyle="Regular" weight="400" isBold="False" isItalic="False"/>
          <text>%E7%BA%BF%E4%B8%8B%E4%BA%A4%E6%98%93+%E6%9C%80%E5%AE%89%E5%85%A8%E7%9A%84%E4%BF%9D%E9%9A%9C</text>
          <textSize>11</textSize>
          <lineSpacing>15</lineSpacing>
          <useDefaultTextSize>False</useDefaultTextSize>
          <selectedIndex>-1</selectedIndex>
        </control>
        <control controlID="FCFDB031-8647-4957-8BF7-3073A728F1D4" controlTypeID="Label" x="631" y="97" w="96" h="15" zOrder="14">
          <font family="%E5%BE%AE%E8%BD%AF%E9%9B%85%E9%BB%91" displayName="%E5%BE%AE%E8%BD%AF%E9%9B%85%E9%BB%91" postScript="" weightStyle="Regular" weight="400" isBold="False" isItalic="False"/>
          <text>%E8%AF%9A%E4%BF%A1%E5%95%86%E9%93%BA+%E8%AF%9A%E6%84%8F%E5%BE%85%E4%BA%BA</text>
          <textSize>11</textSize>
          <lineSpacing>15</lineSpacing>
          <useDefaultTextSize>False</useDefaultTextSize>
          <selectedIndex>-1</selectedIndex>
        </control>
        <control controlID="9BC894DD-AF1D-49D0-B192-F4EC68C90718" controlTypeID="Line" x="243" y="80" w="2" h="24" zOrder="15">
          <font family="%E5%BE%AE%E8%BD%AF%E9%9B%85%E9%BB%91" displayName="%E5%BE%AE%E8%BD%AF%E9%9B%85%E9%BB%91" postScript="" weightStyle="Regular" weight="400" isBold="False" isItalic="False"/>
          <lineSpacing>16</lineSpacing>
          <selectedIndex>-1</selectedIndex>
          <controlPoint>(1,12)</controlPoint>
          <startPoint>(1,0)</startPoint>
          <endPoint>(1,24)</endPoint>
        </control>
        <control controlID="F0DE1B84-E2E0-416B-A3FD-8D5E8306D895" controlTypeID="Line" x="525" y="80" w="2" h="24" zOrder="16">
          <font family="%E5%BE%AE%E8%BD%AF%E9%9B%85%E9%BB%91" displayName="%E5%BE%AE%E8%BD%AF%E9%9B%85%E9%BB%91" postScript="" weightStyle="Regular" weight="400" isBold="False" isItalic="False"/>
          <lineSpacing>16</lineSpacing>
          <selectedIndex>-1</selectedIndex>
          <controlPoint>(1,12)</controlPoint>
          <startPoint>(1,0)</startPoint>
          <endPoint>(1,24)</endPoint>
        </control>
        <control controlID="465C2504-0A1A-41AC-9529-3D1169795CE9" controlTypeID="Label" x="513" y="305" w="102" h="22" zOrder="17">
          <font family="%E5%BE%AE%E8%BD%AF%E9%9B%85%E9%BB%91" displayName="%E5%BE%AE%E8%BD%AF%E9%9B%85%E9%BB%91" postScript="" weightStyle="Regular" weight="400" isBold="False" isItalic="False"/>
          <text>%E6%9C%8D%E5%8A%A1%E5%92%A8%E8%AF%A2%E7%83%AD%E7%BA%BF</text>
          <textSize>16</textSize>
          <lineSpacing>21</lineSpacing>
          <useDefaultTextSize>False</useDefaultTextSize>
          <selectedIndex>-1</selectedIndex>
        </control>
        <control controlID="43AAC3D9-F5E0-4EC5-BD15-81A21FC00C13" controlTypeID="Icon" x="467" y="304" w="29" h="29" zOrder="18">
          <icon>
            <ID/>
            <iconFontName>jdIonicons</iconFontName>
            <iconCode>62162</iconCode>
          </icon>
          <URL>94E9452D20864CF3FBC79CD2C4E76723.svg</URL>
        </control>
        <control controlID="887591D5-42BF-4808-AECE-0A330BABE3C0" controlTypeID="Label" x="513" y="342" w="144" h="32" zOrder="19">
          <font family="%E5%BE%AE%E8%BD%AF%E9%9B%85%E9%BB%91" displayName="%E5%BE%AE%E8%BD%AF%E9%9B%85%E9%BB%91" postScript="" weightStyle="Regular" weight="400" isBold="False" isItalic="False"/>
          <text>028-998765</text>
          <textSize>24</textSize>
          <lineSpacing>32</lineSpacing>
          <useDefaultTextSize>False</useDefaultTextSize>
          <selectedIndex>-1</selectedIndex>
        </control>
        <control controlID="28E8BA8C-4490-4E73-BDCD-F54E2933D5A2" controlTypeID="QRCode" x="699" y="297" w="51" h="51" zOrder="20"/>
        <control controlID="D4784CD2-39F2-4171-9D2B-515A00C6C114" controlTypeID="Label" x="712" y="358" w="28" h="16" zOrder="21">
          <font family="%E5%BE%AE%E8%BD%AF%E9%9B%85%E9%BB%91" displayName="%E5%BE%AE%E8%BD%AF%E9%9B%85%E9%BB%91" postScript="" weightStyle="Regular" weight="400" isBold="False" isItalic="False"/>
          <text>%E5%BE%AE%E4%BF%A1</text>
          <textSize>12</textSize>
          <lineSpacing>16</lineSpacing>
          <selectedIndex>-1</selectedIndex>
        </control>
        <control controlID="4114A0AB-40CD-4A18-A617-D5EB196D2B90" controlTypeID="Label" x="33" y="304" w="114" h="24" zOrder="22">
          <font family="%E5%BE%AE%E8%BD%AF%E9%9B%85%E9%BB%91" displayName="%E5%BE%AE%E8%BD%AF%E9%9B%85%E9%BB%91" postScript="" weightStyle="Regular" weight="400" isBold="False" isItalic="False"/>
          <text>%E5%85%A8%E5%90%8D%E5%BD%93%E9%93%BA%E5%95%86%E5%9F%8E</text>
          <textSize>18</textSize>
          <lineSpacing>24</lineSpacing>
          <useDefaultTextSize>False</useDefaultTextSize>
          <selectedIndex>-1</selectedIndex>
        </control>
        <control controlID="AECF56D0-A63E-404B-94E7-573DD85C8044" controlTypeID="Label" x="156" y="333" w="46" h="19" zOrder="23">
          <font family="%E5%BE%AE%E8%BD%AF%E9%9B%85%E9%BB%91" displayName="%E5%BE%AE%E8%BD%AF%E9%9B%85%E9%BB%91" postScript="" weightStyle="Regular" weight="400" isBold="False" isItalic="False"/>
          <text>%E4%BC%97%E7%AD%B9%E7%BD%91</text>
          <lineSpacing>18</lineSpacing>
          <useDefaultTextSize>False</useDefaultTextSize>
          <selectedIndex>-1</selectedIndex>
        </control>
        <control controlID="B87EF49D-901D-41EA-84F8-E562F320CFF1" controlTypeID="Label" x="243" y="333" w="61" h="19" zOrder="24">
          <font family="%E5%BE%AE%E8%BD%AF%E9%9B%85%E9%BB%91" displayName="%E5%BE%AE%E8%BD%AF%E9%9B%85%E9%BB%91" postScript="" weightStyle="Regular" weight="400" isBold="False" isItalic="False"/>
          <text>%E5%85%B3%E4%BA%8E%E6%88%91%E4%BB%AC</text>
          <lineSpacing>18</lineSpacing>
          <useDefaultTextSize>False</useDefaultTextSize>
          <selectedIndex>-1</selectedIndex>
        </control>
        <control controlID="62649B72-689D-45A3-AA2E-61E239C3CA4A" controlTypeID="Shape" x="283" y="398" w="86" h="32" zOrder="25">
          <font family="%E5%BE%AE%E8%BD%AF%E9%9B%85%E9%BB%91" displayName="%E5%BE%AE%E8%BD%AF%E9%9B%85%E9%BB%91" postScript="" weightStyle="Regular" weight="400" isBold="False" isItalic="False"/>
          <text>%E8%AF%9A%E4%BF%A1%E7%BD%91%E7%AB%99</text>
          <lineSpacing>16</lineSpacing>
          <selectedIndex>-1</selectedIndex>
        </control>
        <control controlID="96B71996-8A3E-4287-9B2B-CB15972B5138" controlTypeID="Shape" x="390" y="398" w="86" h="32" zOrder="26">
          <font family="%E5%BE%AE%E8%BD%AF%E9%9B%85%E9%BB%91" displayName="%E5%BE%AE%E8%BD%AF%E9%9B%85%E9%BB%91" postScript="" weightStyle="Regular" weight="400" isBold="False" isItalic="False"/>
          <text>%E5%8F%AF%E4%BF%A1%E7%BD%91%E7%AB%99</text>
          <lineSpacing>16</lineSpacing>
          <selectedIndex>-1</selectedIndex>
        </control>
      </groupChildrenDescriptors>
    </control>
    <control controlID="E586A1E5-C74A-4A96-8A03-99BB3CD515E5" controlTypeID="BreadCrumbs" x="32" y="199" w="132" h="16" zOrder="18">
      <font family="%E5%BE%AE%E8%BD%AF%E9%9B%85%E9%BB%91" displayName="%E5%BE%AE%E8%BD%AF%E9%9B%85%E9%BB%91" postScript="" weightStyle="Regular" weight="400" isBold="False" isItalic="False"/>
      <text>%E9%A6%96%E9%A1%B5%2C%E9%95%BF%E5%AE%89%E8%A1%97%E5%BD%93%E9%93%BA%2C%E7%BA%A2%E7%8E%89</text>
      <lineSpacing>16</lineSpacing>
    </control>
    <control controlID="556F7AE4-5C6F-45F6-A7A3-358AD8CDBD9D" controlTypeID="Shape" x="592" y="260" w="176" h="217" zOrder="19">
      <font family="%E5%BE%AE%E8%BD%AF%E9%9B%85%E9%BB%91" displayName="%E5%BE%AE%E8%BD%AF%E9%9B%85%E9%BB%91" postScript="" weightStyle="Regular" weight="400" isBold="False" isItalic="False"/>
      <textSize>18</textSize>
      <lineSpacing>24</lineSpacing>
      <useDefaultTextSize>False</useDefaultTextSize>
      <selectedIndex>-1</selectedIndex>
    </control>
    <control controlID="79555F6F-1F1F-4BAF-A5E9-F282417B8F0A" controlTypeID="Label" x="654" y="411" w="52" h="16" zOrder="20">
      <font family="%E5%BE%AE%E8%BD%AF%E9%9B%85%E9%BB%91" displayName="%E5%BE%AE%E8%BD%AF%E9%9B%85%E9%BB%91" postScript="" weightStyle="Regular" weight="400" isBold="False" isItalic="False"/>
      <text>%E5%B9%B3%E5%8F%B0%E8%87%AA%E8%90%A5</text>
      <textSize>12</textSize>
      <lineSpacing>16</lineSpacing>
      <selectedIndex>-1</selectedIndex>
    </control>
    <control controlID="E9E350F3-7E1D-45BC-B5CA-31AED8D35E5F" controlTypeID="Label" x="637" y="366" w="86" h="22" zOrder="21">
      <font family="%E5%BE%AE%E8%BD%AF%E9%9B%85%E9%BB%91" displayName="%E5%BE%AE%E8%BD%AF%E9%9B%85%E9%BB%91" postScript="" weightStyle="Regular" weight="400" isBold="False" isItalic="False"/>
      <text>%E9%95%BF%E5%AE%89%E8%A1%97%E5%BD%93%E9%93%BA</text>
      <textSize>16</textSize>
      <lineSpacing>21</lineSpacing>
      <useDefaultTextSize>False</useDefaultTextSize>
      <selectedIndex>-1</selectedIndex>
    </control>
    <control controlID="A0CC822C-17FE-4BAD-BB19-1C53F37C1125" controlTypeID="Shape" x="645" y="279" w="70" h="70" zOrder="22">
      <font family="%E5%BE%AE%E8%BD%AF%E9%9B%85%E9%BB%91" displayName="%E5%BE%AE%E8%BD%AF%E9%9B%85%E9%BB%91" postScript="" weightStyle="Regular" weight="400" isBold="False" isItalic="False"/>
      <text>LOGO</text>
      <lineSpacing>16</lineSpacing>
      <selectedIndex>-1</selectedIndex>
    </control>
    <control controlID="9477893B-383A-474A-96A6-7F1F876F1878" controlTypeID="Label" x="654" y="443" w="52" h="16" zOrder="23">
      <font family="%E5%BE%AE%E8%BD%AF%E9%9B%85%E9%BB%91" displayName="%E5%BE%AE%E8%BD%AF%E9%9B%85%E9%BB%91" postScript="" weightStyle="Regular" weight="400" isBold="False" isItalic="False"/>
      <text>%E8%AF%9A%E4%BF%A1%E5%BA%97%E5%AE%B6</text>
      <textSize>12</textSize>
      <lineSpacing>16</lineSpacing>
      <selectedIndex>-1</selectedIndex>
    </control>
  </controls>
  <param>
    <backgroundColor>4294967295</backgroundColor>
    <fontSize>12</fontSize>
    <fontFamily>%E5%BE%AE%E8%BD%AF%E9%9B%85%E9%BB%91</fontFamily>
    <guideLines/>
  </param>
</mockup>