﻿<mockup version="4.8" minAllowVersion="4.8" ID="155B0252-BAF6-4636-BA8A-E16B75B33107" platform="MtDesktop" defaultW="800" defaultH="600" measureW="800" measureH="900" mobileScreenScale="0">
  <controls controlCount="28">
    <control controlID="487648E3-3E49-4E71-B8A3-79DB79AE737E" controlTypeID="Shape" x="0" y="0" w="188" h="900" zOrder="0">
      <color>436247039</color>
      <borderColor>436247039</borderColor>
      <font family="%E5%BE%AE%E8%BD%AF%E9%9B%85%E9%BB%91" displayName="%E5%BE%AE%E8%BD%AF%E9%9B%85%E9%BB%91" postScript="" weightStyle="Regular" weight="400" isBold="False" isItalic="False"/>
      <lineSpacing>16</lineSpacing>
      <selectedIndex>-1</selectedIndex>
    </control>
    <control controlID="102A45F5-F1FB-4EC3-9C8D-689F587556C6" controlTypeID="Shape" x="0" y="0" w="188" h="40" zOrder="1">
      <color>4278229503</color>
      <font family="%E5%BE%AE%E8%BD%AF%E9%9B%85%E9%BB%91" displayName="%E5%BE%AE%E8%BD%AF%E9%9B%85%E9%BB%91" postScript="" weightStyle="Regular" weight="400" isBold="False" isItalic="False"/>
      <text>%E4%BC%97%E7%AD%B9%E7%AE%A1%E7%90%86</text>
      <textColor>4294967295</textColor>
      <textSize>18</textSize>
      <lineSpacing>24</lineSpacing>
      <useDefaultTextSize>False</useDefaultTextSize>
      <selectedIndex>-1</selectedIndex>
    </control>
    <control controlID="AA091CCF-545A-42B2-9B91-0EBF58D3C78F" controlTypeID="Shape" x="0" y="39" w="188" h="40" zOrder="2">
      <color>4288256409</color>
      <font family="%E5%BE%AE%E8%BD%AF%E9%9B%85%E9%BB%91" displayName="%E5%BE%AE%E8%BD%AF%E9%9B%85%E9%BB%91" postScript="" weightStyle="Regular" weight="400" isBold="False" isItalic="False"/>
      <text>%E9%A1%B9%E7%9B%AE%E8%AE%BE%E7%BD%AE</text>
      <textColor>4294967295</textColor>
      <textSize>18</textSize>
      <lineSpacing>24</lineSpacing>
      <useDefaultTextSize>False</useDefaultTextSize>
      <selectedIndex>-1</selectedIndex>
    </control>
    <control controlID="78378E1B-A598-4B3B-A5D6-FC4E1B1A03F8" controlTypeID="Shape" x="0" y="78" w="188" h="40" zOrder="3">
      <color>4288256409</color>
      <font family="%E5%BE%AE%E8%BD%AF%E9%9B%85%E9%BB%91" displayName="%E5%BE%AE%E8%BD%AF%E9%9B%85%E9%BB%91" postScript="" weightStyle="Regular" weight="400" isBold="False" isItalic="False"/>
      <text>%E9%A1%B9%E7%9B%AE%E7%8A%B6%E6%80%81</text>
      <textColor>4294967295</textColor>
      <textSize>18</textSize>
      <lineSpacing>24</lineSpacing>
      <useDefaultTextSize>False</useDefaultTextSize>
      <selectedIndex>-1</selectedIndex>
    </control>
    <control controlID="7DB5C3C1-EA3E-4180-A9B7-C2501D5BDD6E" controlTypeID="Shape" x="0" y="117" w="188" h="40" zOrder="4">
      <color>4288256409</color>
      <font family="%E5%BE%AE%E8%BD%AF%E9%9B%85%E9%BB%91" displayName="%E5%BE%AE%E8%BD%AF%E9%9B%85%E9%BB%91" postScript="" weightStyle="Regular" weight="400" isBold="False" isItalic="False"/>
      <text>%E4%BA%A4%E6%98%93%E5%BD%95%E5%85%A5</text>
      <textColor>4294967295</textColor>
      <textSize>18</textSize>
      <lineSpacing>24</lineSpacing>
      <useDefaultTextSize>False</useDefaultTextSize>
      <selectedIndex>-1</selectedIndex>
    </control>
    <control controlID="0F03E8AE-C6A8-458F-A07A-902B950C7189" controlTypeID="Shape" x="0" y="464" w="188" h="40" zOrder="5">
      <color>4288256409</color>
      <font family="%E5%BE%AE%E8%BD%AF%E9%9B%85%E9%BB%91" displayName="%E5%BE%AE%E8%BD%AF%E9%9B%85%E9%BB%91" postScript="" weightStyle="Regular" weight="400" isBold="False" isItalic="False"/>
      <text>%E4%BA%BA%E5%91%98%E5%BD%95%E5%85%A5</text>
      <textColor>4294967295</textColor>
      <textSize>18</textSize>
      <lineSpacing>24</lineSpacing>
      <useDefaultTextSize>False</useDefaultTextSize>
      <selectedIndex>-1</selectedIndex>
    </control>
    <control controlID="F1A98EFF-5FAA-469A-92A9-F58675B3EF40" controlTypeID="Shape" x="0" y="503" w="188" h="40" zOrder="6">
      <color>4288256409</color>
      <font family="%E5%BE%AE%E8%BD%AF%E9%9B%85%E9%BB%91" displayName="%E5%BE%AE%E8%BD%AF%E9%9B%85%E9%BB%91" postScript="" weightStyle="Regular" weight="400" isBold="False" isItalic="False"/>
      <text>%E4%BA%BA%E5%91%98%E5%88%97%E8%A1%A8</text>
      <textColor>4294967295</textColor>
      <textSize>18</textSize>
      <lineSpacing>24</lineSpacing>
      <useDefaultTextSize>False</useDefaultTextSize>
      <selectedIndex>-1</selectedIndex>
    </control>
    <control controlID="D5531EEB-1774-4DE0-96D5-19A1C9FAA869" controlTypeID="Shape" x="0" y="156" w="188" h="40" zOrder="7">
      <color>4288256409</color>
      <font family="%E5%BE%AE%E8%BD%AF%E9%9B%85%E9%BB%91" displayName="%E5%BE%AE%E8%BD%AF%E9%9B%85%E9%BB%91" postScript="" weightStyle="Regular" weight="400" isBold="False" isItalic="False"/>
      <text>%E4%BA%BA%E5%91%98%E5%88%97%E8%A1%A8</text>
      <textColor>4294967295</textColor>
      <textSize>18</textSize>
      <lineSpacing>24</lineSpacing>
      <useDefaultTextSize>False</useDefaultTextSize>
      <selectedIndex>-1</selectedIndex>
    </control>
    <control controlID="A4B2D42A-FA01-46F6-87B2-D76243787622" controlTypeID="Shape" x="0" y="195" w="188" h="40" zOrder="8">
      <color>4278229503</color>
      <font family="%E5%BE%AE%E8%BD%AF%E9%9B%85%E9%BB%91" displayName="%E5%BE%AE%E8%BD%AF%E9%9B%85%E9%BB%91" postScript="" weightStyle="Regular" weight="400" isBold="False" isItalic="False"/>
      <text>%E5%95%86%E5%9F%8E%E7%AE%A1%E7%90%86+</text>
      <textColor>4294967295</textColor>
      <textSize>18</textSize>
      <lineSpacing>24</lineSpacing>
      <useDefaultTextSize>False</useDefaultTextSize>
      <selectedIndex>-1</selectedIndex>
    </control>
    <control controlID="EBFCC42F-79A9-4B2F-8C43-281C624CFC5F" controlTypeID="Shape" x="0" y="425" w="188" h="40" zOrder="9">
      <color>4278229503</color>
      <font family="%E5%BE%AE%E8%BD%AF%E9%9B%85%E9%BB%91" displayName="%E5%BE%AE%E8%BD%AF%E9%9B%85%E9%BB%91" postScript="" weightStyle="Regular" weight="400" isBold="False" isItalic="False"/>
      <text>%E4%B8%89%E7%BA%A7%E5%88%86%E9%94%80%E7%AE%A1%E7%90%86</text>
      <textColor>4294967295</textColor>
      <textSize>18</textSize>
      <lineSpacing>24</lineSpacing>
      <useDefaultTextSize>False</useDefaultTextSize>
      <selectedIndex>-1</selectedIndex>
    </control>
    <control controlID="2E680DE6-325F-49B4-A550-3768EEFB7051" controlTypeID="Shape" x="0" y="232" w="188" h="40" zOrder="10">
      <color>4288256409</color>
      <font family="%E5%BE%AE%E8%BD%AF%E9%9B%85%E9%BB%91" displayName="%E5%BE%AE%E8%BD%AF%E9%9B%85%E9%BB%91" postScript="" weightStyle="Regular" weight="400" isBold="False" isItalic="False"/>
      <text>%E5%95%86%E5%93%81%E8%AE%BE%E7%BD%AE</text>
      <textColor>4294967295</textColor>
      <textSize>18</textSize>
      <lineSpacing>24</lineSpacing>
      <useDefaultTextSize>False</useDefaultTextSize>
      <selectedIndex>-1</selectedIndex>
    </control>
    <control controlID="3F90A3A0-1303-4DAC-BDAE-7E90A7923AC7" controlTypeID="Shape" x="0" y="269" w="188" h="40" zOrder="11">
      <color>4288256409</color>
      <font family="%E5%BE%AE%E8%BD%AF%E9%9B%85%E9%BB%91" displayName="%E5%BE%AE%E8%BD%AF%E9%9B%85%E9%BB%91" postScript="" weightStyle="Regular" weight="400" isBold="False" isItalic="False"/>
      <text>%E5%95%86%E5%93%81%E5%88%97%E8%A1%A8</text>
      <textColor>4294967295</textColor>
      <textSize>18</textSize>
      <lineSpacing>24</lineSpacing>
      <useDefaultTextSize>False</useDefaultTextSize>
      <selectedIndex>-1</selectedIndex>
    </control>
    <control controlID="8FF4FF76-C243-4C27-873A-289CD34EC796" controlTypeID="Label" x="218" y="14" w="78" h="24" zOrder="12">
      <font family="%E5%BE%AE%E8%BD%AF%E9%9B%85%E9%BB%91" displayName="%E5%BE%AE%E8%BD%AF%E9%9B%85%E9%BB%91+Bold" postScript="" weightStyle="Bold" weight="700" isBold="True" isItalic="False"/>
      <text>%E4%BA%BA%E5%91%98%E4%BF%A1%E6%81%AF</text>
      <textColor>4288256409</textColor>
      <textSize>18</textSize>
      <lineSpacing>24</lineSpacing>
      <textStyles>[fsBold]</textStyles>
      <useDefaultTextSize>False</useDefaultTextSize>
      <selectedIndex>-1</selectedIndex>
    </control>
    <control controlID="9D472E3B-A332-4955-B64D-2CE81CA28187" controlTypeID="Button" x="405" y="647" w="94" h="38" zOrder="13">
      <color>4294901811</color>
      <borderVisible>False</borderVisible>
      <font family="%E5%BE%AE%E8%BD%AF%E9%9B%85%E9%BB%91" displayName="%E5%BE%AE%E8%BD%AF%E9%9B%85%E9%BB%91" postScript="" weightStyle="Regular" weight="400" isBold="False" isItalic="False"/>
      <text>%E4%BF%9D%E5%AD%98</text>
      <textColor>4294967295</textColor>
      <textSize>18</textSize>
      <lineSpacing>24</lineSpacing>
      <useDefaultTextSize>False</useDefaultTextSize>
      <selectedIndex>-1</selectedIndex>
      <radius>4</radius>
    </control>
    <control controlID="917F3BB0-4890-4EF5-8617-75DAC3CABF71" controlTypeID="Icon" x="712" y="12" w="24" h="24" zOrder="14">
      <color>4294967295</color>
      <icon>
        <ID/>
        <iconFontName>jdFontAwesome</iconFontName>
        <iconCode>61543</iconCode>
      </icon>
      <URL>EE7359E0CDCE9EB32A54E4CFD04736E2.svg</URL>
    </control>
    <control controlID="230E8D58-6A15-463A-837D-B542EC5AF2F9" controlTypeID="Shape" x="0" y="386" w="188" h="40" zOrder="15">
      <color>4288256409</color>
      <font family="%E5%BE%AE%E8%BD%AF%E9%9B%85%E9%BB%91" displayName="%E5%BE%AE%E8%BD%AF%E9%9B%85%E9%BB%91" postScript="" weightStyle="Regular" weight="400" isBold="False" isItalic="False"/>
      <text>%E5%95%86%E5%93%81%E5%9B%9E%E6%94%B6%E7%AB%99</text>
      <textColor>4294967295</textColor>
      <textSize>18</textSize>
      <lineSpacing>24</lineSpacing>
      <useDefaultTextSize>False</useDefaultTextSize>
      <selectedIndex>-1</selectedIndex>
    </control>
    <control controlID="33C1A4E5-5172-4B15-B282-F142136EA33F" controlTypeID="Shape" x="0" y="308" w="188" h="40" zOrder="16">
      <color>4288256409</color>
      <font family="%E5%BE%AE%E8%BD%AF%E9%9B%85%E9%BB%91" displayName="%E5%BE%AE%E8%BD%AF%E9%9B%85%E9%BB%91" postScript="" weightStyle="Regular" weight="400" isBold="False" isItalic="False"/>
      <text>%E4%BA%A4%E6%98%93%E5%BD%95%E5%85%A5</text>
      <textColor>4294967295</textColor>
      <textSize>18</textSize>
      <lineSpacing>24</lineSpacing>
      <useDefaultTextSize>False</useDefaultTextSize>
      <selectedIndex>-1</selectedIndex>
    </control>
    <control controlID="9F0FEE17-683F-4486-B2D9-EE9DEAD91D89" controlTypeID="Shape" x="0" y="347" w="188" h="40" zOrder="17">
      <color>4288256409</color>
      <font family="%E5%BE%AE%E8%BD%AF%E9%9B%85%E9%BB%91" displayName="%E5%BE%AE%E8%BD%AF%E9%9B%85%E9%BB%91" postScript="" weightStyle="Regular" weight="400" isBold="False" isItalic="False"/>
      <text>%E4%BA%BA%E5%91%98%E5%88%97%E8%A1%A8</text>
      <textColor>4294967295</textColor>
      <textSize>18</textSize>
      <lineSpacing>24</lineSpacing>
      <useDefaultTextSize>False</useDefaultTextSize>
      <selectedIndex>-1</selectedIndex>
    </control>
    <control controlID="BF095F85-C7EF-4134-81E1-E1EF3B1ECDC6" controlTypeID="Master" x="559" y="529" w="198" h="16" zOrder="18" masterID="8E90D492-7903-4700-ACBC-1234180E34F3">
      <groupChildrenDescriptors>
        <control controlID="333C4A42-0D04-4E34-842B-8DAAAD25FE3B" controlTypeID="__group__" x="0" y="0" w="198" h="16" zOrder="0">
          <groupChildrenDescriptors>
            <control controlID="2DE43641-DD35-4035-BF47-E2D0134D6304" controlTypeID="Label" x="0" y="0" w="40" h="16" zOrder="0">
              <font family="%E5%BE%AE%E8%BD%AF%E9%9B%85%E9%BB%91" displayName="%E5%BE%AE%E8%BD%AF%E9%9B%85%E9%BB%91" postScript="" weightStyle="Regular" weight="400" isBold="False" isItalic="False"/>
              <text>%E4%B8%8A%E4%B8%80%E9%A1%B5</text>
              <textSize>12</textSize>
              <lineSpacing>16</lineSpacing>
              <selectedIndex>-1</selectedIndex>
            </control>
            <control controlID="B2D3E28C-5A43-4A80-9107-1655A28597EE" controlTypeID="Label" x="158" y="0" w="40" h="16" zOrder="1">
              <font family="%E5%BE%AE%E8%BD%AF%E9%9B%85%E9%BB%91" displayName="%E5%BE%AE%E8%BD%AF%E9%9B%85%E9%BB%91" postScript="" weightStyle="Regular" weight="400" isBold="False" isItalic="False"/>
              <text>%E4%B8%8B%E4%B8%80%E9%A1%B5</text>
              <textSize>12</textSize>
              <lineSpacing>16</lineSpacing>
              <selectedIndex>-1</selectedIndex>
            </control>
            <control controlID="541B4950-EB40-40E6-95E8-9416F18F9C2F" controlTypeID="Label" x="55" y="0" w="11" h="16" zOrder="2">
              <font family="%E5%BE%AE%E8%BD%AF%E9%9B%85%E9%BB%91" displayName="%E5%BE%AE%E8%BD%AF%E9%9B%85%E9%BB%91" postScript="" weightStyle="Regular" weight="400" isBold="False" isItalic="False"/>
              <text>1</text>
              <textSize>12</textSize>
              <lineSpacing>16</lineSpacing>
              <selectedIndex>-1</selectedIndex>
            </control>
            <control controlID="867CD8BE-2909-426A-B11C-9060475584E5" controlTypeID="Label" x="81" y="0" w="11" h="16" zOrder="3">
              <font family="%E5%BE%AE%E8%BD%AF%E9%9B%85%E9%BB%91" displayName="%E5%BE%AE%E8%BD%AF%E9%9B%85%E9%BB%91" postScript="" weightStyle="Regular" weight="400" isBold="False" isItalic="False"/>
              <text>2</text>
              <textSize>12</textSize>
              <lineSpacing>16</lineSpacing>
              <selectedIndex>-1</selectedIndex>
            </control>
            <control controlID="2E9700E7-E307-4764-86C6-BC9EAA3BA3F4" controlTypeID="Label" x="107" y="0" w="11" h="16" zOrder="4">
              <font family="%E5%BE%AE%E8%BD%AF%E9%9B%85%E9%BB%91" displayName="%E5%BE%AE%E8%BD%AF%E9%9B%85%E9%BB%91" postScript="" weightStyle="Regular" weight="400" isBold="False" isItalic="False"/>
              <text>3</text>
              <textSize>12</textSize>
              <lineSpacing>16</lineSpacing>
              <selectedIndex>-1</selectedIndex>
            </control>
            <control controlID="F152D620-791C-4BC5-A4C0-AB43FDB92E81" controlTypeID="Label" x="133" y="0" w="12" h="16" zOrder="5">
              <font family="%E5%BE%AE%E8%BD%AF%E9%9B%85%E9%BB%91" displayName="%E5%BE%AE%E8%BD%AF%E9%9B%85%E9%BB%91" postScript="" weightStyle="Regular" weight="400" isBold="False" isItalic="False"/>
              <text>...</text>
              <textSize>12</textSize>
              <lineSpacing>16</lineSpacing>
              <selectedIndex>-1</selectedIndex>
            </control>
          </groupChildrenDescriptors>
        </control>
      </groupChildrenDescriptors>
    </control>
    <control controlID="787AF4D6-2513-4221-867F-4B6106E9E66A" controlTypeID="Label" x="695" y="72" w="78" h="16" zOrder="19">
      <font family="%E5%BE%AE%E8%BD%AF%E9%9B%85%E9%BB%91" displayName="%E5%BE%AE%E8%BD%AF%E9%9B%85%E9%BB%91" postScript="" weightStyle="Regular" weight="400" isBold="False" isItalic="False"/>
      <text>%E6%AF%8F%E9%A1%B5%E6%98%BE%E7%A4%BA15%E4%B8%AA</text>
      <textSize>12</textSize>
      <lineSpacing>16</lineSpacing>
      <selectedIndex>-1</selectedIndex>
    </control>
    <control controlID="E31F3021-4F6B-4A04-A010-A96E92A054A0" controlTypeID="DataGrid" x="198" y="117" w="575" h="377" zOrder="20">
      <font family="%E5%BE%AE%E8%BD%AF%E9%9B%85%E9%BB%91" displayName="%E5%BE%AE%E8%BD%AF%E9%9B%85%E9%BB%91" postScript="" weightStyle="Regular" weight="400" isBold="False" isItalic="False"/>
      <text>%E9%A1%B9%E7%9B%AE+%2C%E6%97%A5%E6%9C%9F+%2C+ID%2C%E5%A7%93%E5%90%8D+%2C+%E5%B9%B4%E9%BE%84+%2C+%E6%80%A7%E5%88%AB+%2C++%E7%BA%A7%E5%88%AB%2C%E9%87%91%E9%A2%9D%2C%E7%A7%AF%E5%88%86%2C%E5%9C%B0%E7%82%B9%2C%E6%8E%A8%E8%8D%90%E4%BA%BA%2C%E6%8E%A8%E8%8D%90%E4%BA%BAID%2C%E7%BA%A7%E5%88%AB++%0D%0A%E6%9C%9B%E5%B9%B3%E8%A1%97%E5%BA%97%2C2017-1-1%2C00001%2C%E5%BC%A0%E4%B8%89%2C43%2C+%E7%94%B7%2CA+%0D%0A%E6%9C%9B%E5%B9%B3%E8%A1%97%E5%BA%97%2C2017-1-1%2C00001%2C%E5%BC%A0%E4%B8%89%2C43%2C+%E7%94%B7%2CA+%0D%0A%E6%9C%9B%E5%B9%B3%E8%A1%97%E5%BA%97%2C2017-1-1%2C00001%2C%E5%BC%A0%E4%B8%89%2C43%2C+%E7%94%B7%2CA+%0D%0A%E6%9C%9B%E5%B9%B3%E8%A1%97%E5%BA%97%2C2017-1-1%2C00001%2C%E5%BC%A0%E4%B8%89%2C43%2C+%E7%94%B7%2CA+%0D%0A%E6%9C%9B%E5%B9%B3%E8%A1%97%E5%BA%97%2C2017-1-1%2C00001%2C%E5%BC%A0%E4%B8%89%2C43%2C+%E7%94%B7%2CA%0D%0A</text>
      <lineSpacing>16</lineSpacing>
      <columnRatio>{10.6,11.3,8.3,6.3,6.3,6.3,6.3,6.3,6.3,6.3,8.5,10.8,6.3}</columnRatio>
      <itemRect>[{"left":0,"top":0,"right":575,"bottom":22},{"left":0,"top":22,"right":575,"bottom":47},{"left":0,"top":47,"right":575,"bottom":72},{"left":0,"top":72,"right":575,"bottom":97},{"left":0,"top":97,"right":575,"bottom":122},{"left":0,"top":122,"right":575,"bottom":147}]</itemRect>
    </control>
  </controls>
  <param>
    <backgroundColor>4294967295</backgroundColor>
    <fontSize>12</fontSize>
    <fontFamily>%E5%BE%AE%E8%BD%AF%E9%9B%85%E9%BB%91</fontFamily>
    <guideLines/>
  </param>
</mockup>