﻿<mockup version="4.8" minAllowVersion="4.8" ID="B63CDB00-AD6A-4B5B-9A22-F0DCE37510B6" platform="MtDesktop" defaultW="800" defaultH="600" measureW="800" measureH="2500" mobileScreenScale="0">
  <controls controlCount="73">
    <control controlID="E1FDB024-CD43-4F85-9286-490D157F035E" controlTypeID="Shape" x="339" y="282" w="231" h="72" zOrder="0">
      <color>4294111986</color>
      <borderVisible>False</borderVisible>
      <font family="%E5%BE%AE%E8%BD%AF%E9%9B%85%E9%BB%91" displayName="%E5%BE%AE%E8%BD%AF%E9%9B%85%E9%BB%91" postScript="" weightStyle="Regular" weight="400" isBold="False" isItalic="False"/>
      <lineSpacing>16</lineSpacing>
      <selectedIndex>-1</selectedIndex>
    </control>
    <control controlID="574E1654-2EDA-4109-9EDF-DFCA11E0EACC" controlTypeID="Shape" x="338" y="374" w="231" h="74" zOrder="1">
      <color>4294111986</color>
      <borderVisible>False</borderVisible>
      <font family="%E5%BE%AE%E8%BD%AF%E9%9B%85%E9%BB%91" displayName="%E5%BE%AE%E8%BD%AF%E9%9B%85%E9%BB%91" postScript="" weightStyle="Regular" weight="400" isBold="False" isItalic="False"/>
      <lineSpacing>16</lineSpacing>
      <selectedIndex>-1</selectedIndex>
    </control>
    <control controlID="AD1BD5BE-4D4D-4626-8872-75B2243279DA" controlTypeID="Shape" x="0" y="0" w="800" h="37" zOrder="2">
      <color>4291611852</color>
      <font family="%E5%BE%AE%E8%BD%AF%E9%9B%85%E9%BB%91" displayName="%E5%BE%AE%E8%BD%AF%E9%9B%85%E9%BB%91" postScript="" weightStyle="Regular" weight="400" isBold="False" isItalic="False"/>
      <lineSpacing>16</lineSpacing>
      <selectedIndex>-1</selectedIndex>
    </control>
    <control controlID="EE3ABA8F-9541-43BF-BE4E-81AF2AC50512" controlTypeID="Shape" x="29" y="47" w="158" h="73" zOrder="3">
      <font family="%E5%BE%AE%E8%BD%AF%E9%9B%85%E9%BB%91" displayName="%E5%BE%AE%E8%BD%AF%E9%9B%85%E9%BB%91" postScript="" weightStyle="Regular" weight="400" isBold="False" isItalic="False"/>
      <text>LOGO</text>
      <lineSpacing>16</lineSpacing>
      <selectedIndex>-1</selectedIndex>
    </control>
    <control controlID="0CF519FF-9DD0-434A-9FDE-FF56A4C53460" controlTypeID="__group__" x="400" y="78" w="300" h="32" zOrder="4">
      <groupChildrenDescriptors>
        <control controlID="A65C1A01-D0B6-4F0E-BF5E-B34FB0BC7664" controlTypeID="Shape" x="0" y="0" w="238" h="32" zOrder="0">
          <font family="%E5%BE%AE%E8%BD%AF%E9%9B%85%E9%BB%91" displayName="%E5%BE%AE%E8%BD%AF%E9%9B%85%E9%BB%91" postScript="" weightStyle="Regular" weight="400" isBold="False" isItalic="False"/>
          <lineSpacing>16</lineSpacing>
          <selectedIndex>-1</selectedIndex>
        </control>
        <control controlID="5A436740-C3D0-458E-8994-581B799EB328" controlTypeID="Shape" x="237" y="0" w="63" h="32" zOrder="1">
          <color>4291611852</color>
          <font family="%E5%BE%AE%E8%BD%AF%E9%9B%85%E9%BB%91" displayName="%E5%BE%AE%E8%BD%AF%E9%9B%85%E9%BB%91" postScript="" weightStyle="Regular" weight="400" isBold="False" isItalic="False"/>
          <text>%E6%90%9C%E7%B4%A2</text>
          <lineSpacing>16</lineSpacing>
          <selectedIndex>-1</selectedIndex>
        </control>
      </groupChildrenDescriptors>
    </control>
    <control controlID="F93843E6-7DDD-4179-B731-17D4FA99E518" controlTypeID="Label" x="29" y="10" w="107" h="16" zOrder="5">
      <font family="%E5%BE%AE%E8%BD%AF%E9%9B%85%E9%BB%91" displayName="%E5%BE%AE%E8%BD%AF%E9%9B%85%E9%BB%91" postScript="" weightStyle="Regular" weight="400" isBold="False" isItalic="False"/>
      <text>%E6%AC%A2%E8%BF%8E%E6%9D%A5%E5%88%B0%E5%85%A8%E6%B0%91%E5%BD%93%E9%93%BA%EF%BC%81</text>
      <textSize>12</textSize>
      <lineSpacing>16</lineSpacing>
      <selectedIndex>-1</selectedIndex>
    </control>
    <control controlID="83AD37E3-1A06-490D-9C8C-6493E85914A3" controlTypeID="HRule" x="0" y="152" w="800" h="12" zOrder="6">
      <color>4294901811</color>
    </control>
    <control controlID="90A8CFDD-153D-41CA-A7C1-3EEBF9539FE4" controlTypeID="Image" x="32" y="213" w="278" h="327" zOrder="7">
      <remarkText>%E9%BC%A0%E6%A0%87%E7%A7%BB%E5%8A%A8%E4%B8%8A%E5%8E%BB%EF%BC%8C%E6%9C%89%E6%94%BE%E5%A4%A7%E9%95%9C%E7%9A%84%E6%95%88%E6%9E%9C</remarkText>
    </control>
    <control controlID="98219A50-BD63-44ED-827F-351E488C26E7" controlTypeID="Image" x="32" y="563" w="72" h="72" zOrder="8"/>
    <control controlID="6030BD3C-677D-405D-A592-F8DC3C20864C" controlTypeID="Image" x="135" y="563" w="72" h="72" zOrder="9"/>
    <control controlID="C0DD3BC5-B9EF-4BB0-95D0-1F2D11418602" controlTypeID="Image" x="238" y="563" w="72" h="72" zOrder="10"/>
    <control controlID="D664A2B1-028A-4009-BC87-9DF80B57E2D9" controlTypeID="Label" x="339" y="212" w="171" h="24" zOrder="11">
      <font family="%E5%BE%AE%E8%BD%AF%E9%9B%85%E9%BB%91" displayName="%E5%BE%AE%E8%BD%AF%E9%9B%85%E9%BB%91+Bold" postScript="" weightStyle="Bold" weight="700" isBold="True" isItalic="False"/>
      <text>%E5%90%8D%E7%A7%B0%EF%BC%9A0101010000</text>
      <textSize>18</textSize>
      <lineSpacing>24</lineSpacing>
      <textStyles>[fsBold]</textStyles>
      <useDefaultTextSize>False</useDefaultTextSize>
      <selectedIndex>-1</selectedIndex>
    </control>
    <control controlID="BAAC6589-C402-460D-ADBF-0C626AF035DC" controlTypeID="Label" x="346" y="291" w="138" h="22" zOrder="12">
      <font family="%E5%BE%AE%E8%BD%AF%E9%9B%85%E9%BB%91" displayName="%E5%BE%AE%E8%BD%AF%E9%9B%85%E9%BB%91" postScript="" weightStyle="Regular" weight="400" isBold="False" isItalic="False"/>
      <text>%E4%BB%B7%E6%A0%BC%EF%BC%9A010101010</text>
      <textSize>16</textSize>
      <lineSpacing>21</lineSpacing>
      <useDefaultTextSize>False</useDefaultTextSize>
      <selectedIndex>-1</selectedIndex>
    </control>
    <control controlID="99034931-DBB0-41FB-BCD3-7DE1D686BB6B" controlTypeID="Label" x="346" y="325" w="101" h="22" zOrder="13">
      <font family="%E5%BE%AE%E8%BD%AF%E9%9B%85%E9%BB%91" displayName="%E5%BE%AE%E8%BD%AF%E9%9B%85%E9%BB%91" postScript="" weightStyle="Regular" weight="400" isBold="False" isItalic="False"/>
      <text>%E7%A7%AF%E5%88%86%EF%BC%9A30000</text>
      <textSize>16</textSize>
      <lineSpacing>21</lineSpacing>
      <useDefaultTextSize>False</useDefaultTextSize>
      <selectedIndex>-1</selectedIndex>
    </control>
    <control controlID="395DEF37-766B-49A6-8E67-05D7E31A9DED" controlTypeID="TextArea" x="355" y="386" w="214" h="50" zOrder="14">
      <font family="%E5%BE%AE%E8%BD%AF%E9%9B%85%E9%BB%91" displayName="%E5%BE%AE%E8%BD%AF%E9%9B%85%E9%BB%91" postScript="" weightStyle="Regular" weight="400" isBold="False" isItalic="False"/>
      <text>%E4%BA%A7%E5%93%81%E8%A7%84%E6%A0%BC%EF%BC%9A0010101001010%0D%0A%E5%A4%A7%E5%B0%8F%EF%BC%9A00%0D%0A%E9%87%8D%E9%87%8F%EF%BC%9A00%0D%0A%0D%0A</text>
      <textSize>12</textSize>
      <lineSpacing>16</lineSpacing>
      <selectedIndex>-1</selectedIndex>
    </control>
    <control controlID="FD7FF231-55BE-469B-AF33-24C3ECFDCD10" controlTypeID="Button" x="398" y="579" w="171" h="49" zOrder="15">
      <color>4294901811</color>
      <borderVisible>False</borderVisible>
      <font family="%E5%BE%AE%E8%BD%AF%E9%9B%85%E9%BB%91" displayName="%E5%BE%AE%E8%BD%AF%E9%9B%85%E9%BB%91+Bold" postScript="" weightStyle="Bold" weight="700" isBold="True" isItalic="False"/>
      <text>%E7%94%B5%E8%AF%9D%EF%BC%9A028-99876</text>
      <textColor>4294967295</textColor>
      <textSize>18</textSize>
      <lineSpacing>24</lineSpacing>
      <textStyles>[fsBold]</textStyles>
      <useDefaultTextSize>False</useDefaultTextSize>
      <selectedIndex>-1</selectedIndex>
      <radius>4</radius>
    </control>
    <control controlID="A753D6DD-CC4B-44FC-A051-CFD1186FEB2D" controlTypeID="Label" x="346" y="513" w="52" h="16" zOrder="16">
      <font family="%E5%BE%AE%E8%BD%AF%E9%9B%85%E9%BB%91" displayName="%E5%BE%AE%E8%BD%AF%E9%9B%85%E9%BB%91" postScript="" weightStyle="Regular" weight="400" isBold="False" isItalic="False"/>
      <text>%E7%BA%BF%E4%B8%8B%E4%BA%A4%E6%98%93</text>
      <textSize>12</textSize>
      <lineSpacing>16</lineSpacing>
      <selectedIndex>-1</selectedIndex>
    </control>
    <control controlID="E43F845D-025B-4240-B1D5-1067141A8407" controlTypeID="Shape" x="32" y="721" w="93" h="35" zOrder="17">
      <color>4294901811</color>
      <borderVisible>False</borderVisible>
      <font family="%E5%BE%AE%E8%BD%AF%E9%9B%85%E9%BB%91" displayName="%E5%BE%AE%E8%BD%AF%E9%9B%85%E9%BB%91" postScript="" weightStyle="Regular" weight="400" isBold="False" isItalic="False"/>
      <text>%E5%95%86%E5%93%81%E8%AF%A6%E6%83%85</text>
      <textColor>4294967295</textColor>
      <lineSpacing>16</lineSpacing>
      <selectedIndex>-1</selectedIndex>
    </control>
    <control controlID="9C1D7DDC-2888-49E6-A98B-5B60574FD2F2" controlTypeID="Image" x="32" y="770" w="602" h="450" zOrder="18"/>
    <control controlID="BA45121C-05E0-40BF-8CBF-D7E48B032B77" controlTypeID="Image" x="32" y="1250" w="603" h="407" zOrder="19"/>
    <control controlID="E53207CC-F1FC-4DE7-9D6C-4AC8E2E5E01E" controlTypeID="Image" x="32" y="1675" w="602" h="292" zOrder="20"/>
    <control controlID="E11B0F8B-EC3E-4951-B375-F14D29234CA8" controlTypeID="BreadCrumbs" x="91" y="167" w="150" h="19" zOrder="21">
      <font family="%E5%BE%AE%E8%BD%AF%E9%9B%85%E9%BB%91" displayName="%E5%BE%AE%E8%BD%AF%E9%9B%85%E9%BB%91" postScript="" weightStyle="Regular" weight="400" isBold="False" isItalic="False"/>
      <text>%E9%A6%96%E9%A1%B5%2C%E9%95%BF%E5%AE%89%E8%A1%97%E5%BD%93%E9%93%BA%2C%E7%BA%A2%E7%8E%89</text>
      <textSize>14</textSize>
      <lineSpacing>18</lineSpacing>
      <useDefaultTextSize>False</useDefaultTextSize>
    </control>
    <control controlID="F5ECAB49-DC2E-4491-AEB7-DED8CE2F6792" controlTypeID="Shape" x="30" y="135" w="51" h="51" zOrder="22">
      <font family="%E5%BE%AE%E8%BD%AF%E9%9B%85%E9%BB%91" displayName="%E5%BE%AE%E8%BD%AF%E9%9B%85%E9%BB%91" postScript="" weightStyle="Regular" weight="400" isBold="False" isItalic="False"/>
      <text>%E6%9F%90%E6%9F%90%E5%BD%93%E9%93%BA</text>
      <lineSpacing>16</lineSpacing>
      <selectedIndex>-1</selectedIndex>
    </control>
    <control controlID="F6287E3F-D91E-48DE-BBE4-4E0867FE5B48" controlTypeID="Image" x="658" y="282" w="110" h="110" zOrder="23"/>
    <control controlID="221F22F6-BDB0-4548-A196-EC2A448A4F75" controlTypeID="Image" x="658" y="402" w="110" h="110" zOrder="24"/>
    <control controlID="DCF71986-B649-47DF-9A93-BFF3A4E7CD21" controlTypeID="Image" x="658" y="528" w="110" h="110" zOrder="25"/>
    <control controlID="E47F4F87-5418-4585-A43A-BD83CA8E17D4" controlTypeID="Image" x="658" y="661" w="110" h="110" zOrder="26"/>
    <control controlID="E861CA27-22B7-43F8-9946-E96030007897" controlTypeID="Image" x="658" y="801" w="110" h="110" zOrder="27"/>
    <control controlID="F2A7E971-7AC2-499F-A939-A3C8632C196A" controlTypeID="Line" x="634" y="267" w="1" h="371" zOrder="28">
      <color>4288256409</color>
      <font family="%E5%BE%AE%E8%BD%AF%E9%9B%85%E9%BB%91" displayName="%E5%BE%AE%E8%BD%AF%E9%9B%85%E9%BB%91" postScript="" weightStyle="Regular" weight="400" isBold="False" isItalic="False"/>
      <lineSpacing>16</lineSpacing>
      <selectedIndex>-1</selectedIndex>
      <controlPoint>(0,186)</controlPoint>
      <startPoint>(0,0)</startPoint>
      <endPoint>(0,371)</endPoint>
    </control>
    <control controlID="CB22569A-7093-4AD6-96FA-2701C49B3A7A" controlTypeID="Line" x="658" y="264" w="28" h="1" zOrder="29">
      <font family="%E5%BE%AE%E8%BD%AF%E9%9B%85%E9%BB%91" displayName="%E5%BE%AE%E8%BD%AF%E9%9B%85%E9%BB%91" postScript="" weightStyle="Regular" weight="400" isBold="False" isItalic="False"/>
      <lineSpacing>16</lineSpacing>
      <selectedIndex>-1</selectedIndex>
      <controlPoint>(14,0)</controlPoint>
      <startPoint>(0,0)</startPoint>
      <endPoint>(28,0)</endPoint>
      <dashMode>SdDash</dashMode>
    </control>
    <control controlID="A40F565C-47D9-4DDA-910C-298109DEB81A" controlTypeID="Line" x="739" y="264" w="29" h="1" zOrder="30">
      <font family="%E5%BE%AE%E8%BD%AF%E9%9B%85%E9%BB%91" displayName="%E5%BE%AE%E8%BD%AF%E9%9B%85%E9%BB%91" postScript="" weightStyle="Regular" weight="400" isBold="False" isItalic="False"/>
      <lineSpacing>16</lineSpacing>
      <selectedIndex>-1</selectedIndex>
      <controlPoint>(14,0)</controlPoint>
      <startPoint>(0,0)</startPoint>
      <endPoint>(29,0)</endPoint>
      <dashMode>SdDash</dashMode>
    </control>
    <control controlID="30199D9B-360B-4949-81CA-57C486E08EFA" controlTypeID="Label" x="695" y="250" w="44" h="18" zOrder="31">
      <font family="%E5%BE%AE%E8%BD%AF%E9%9B%85%E9%BB%91" displayName="%E5%BE%AE%E8%BD%AF%E9%9B%85%E9%BB%91" postScript="" weightStyle="Regular" weight="400" isBold="False" isItalic="False"/>
      <text>%E7%9C%8B%E4%B8%80%E7%9C%8B</text>
      <textColor>4284900966</textColor>
      <textSize>13</textSize>
      <lineSpacing>17</lineSpacing>
      <useDefaultTextSize>False</useDefaultTextSize>
      <selectedIndex>-1</selectedIndex>
    </control>
    <control controlID="3A69A819-8F99-41BF-A435-D83CB4C94F4B" controlTypeID="Shape" x="658" y="374" w="110" h="18" zOrder="32">
      <color>442918502</color>
      <borderVisible>False</borderVisible>
      <remarkText>%E9%A2%9C%E8%89%B2%EF%BC%9A666666%0D%0A%E9%80%8F%E6%98%8E%E5%BA%A6%EF%BC%9A10</remarkText>
      <font family="%E5%BE%AE%E8%BD%AF%E9%9B%85%E9%BB%91" displayName="%E5%BE%AE%E8%BD%AF%E9%9B%85%E9%BB%91" postScript="" weightStyle="Regular" weight="400" isBold="False" isItalic="False"/>
      <text>%EF%BF%A51%2C000</text>
      <lineSpacing>16</lineSpacing>
      <selectedIndex>-1</selectedIndex>
    </control>
    <control controlID="30666900-04AB-4271-BD3B-C47C7BB7A0AA" controlTypeID="Shape" x="658" y="494" w="110" h="18" zOrder="33">
      <color>442918502</color>
      <borderVisible>False</borderVisible>
      <remarkText>%E9%A2%9C%E8%89%B2%EF%BC%9A666666%0D%0A%E9%80%8F%E6%98%8E%E5%BA%A6%EF%BC%9A10</remarkText>
      <font family="%E5%BE%AE%E8%BD%AF%E9%9B%85%E9%BB%91" displayName="%E5%BE%AE%E8%BD%AF%E9%9B%85%E9%BB%91" postScript="" weightStyle="Regular" weight="400" isBold="False" isItalic="False"/>
      <text>%EF%BF%A51%2C000</text>
      <lineSpacing>16</lineSpacing>
      <selectedIndex>-1</selectedIndex>
    </control>
    <control controlID="A64972AF-AABD-4263-9E14-106346E65A97" controlTypeID="Shape" x="658" y="620" w="110" h="18" zOrder="34">
      <color>442918502</color>
      <borderVisible>False</borderVisible>
      <remarkText>%E9%A2%9C%E8%89%B2%EF%BC%9A666666%0D%0A%E9%80%8F%E6%98%8E%E5%BA%A6%EF%BC%9A10</remarkText>
      <font family="%E5%BE%AE%E8%BD%AF%E9%9B%85%E9%BB%91" displayName="%E5%BE%AE%E8%BD%AF%E9%9B%85%E9%BB%91" postScript="" weightStyle="Regular" weight="400" isBold="False" isItalic="False"/>
      <text>%EF%BF%A51%2C000</text>
      <lineSpacing>16</lineSpacing>
      <selectedIndex>-1</selectedIndex>
    </control>
    <control controlID="2846FFAF-A7F9-4613-A955-B485E727247E" controlTypeID="Shape" x="658" y="753" w="110" h="18" zOrder="35">
      <color>442918502</color>
      <borderVisible>False</borderVisible>
      <remarkText>%E9%A2%9C%E8%89%B2%EF%BC%9A666666%0D%0A%E9%80%8F%E6%98%8E%E5%BA%A6%EF%BC%9A10</remarkText>
      <font family="%E5%BE%AE%E8%BD%AF%E9%9B%85%E9%BB%91" displayName="%E5%BE%AE%E8%BD%AF%E9%9B%85%E9%BB%91" postScript="" weightStyle="Regular" weight="400" isBold="False" isItalic="False"/>
      <text>%EF%BF%A51%2C000</text>
      <lineSpacing>16</lineSpacing>
      <selectedIndex>-1</selectedIndex>
    </control>
    <control controlID="E4936750-4852-45AC-A8B3-41F136598E6A" controlTypeID="Shape" x="658" y="893" w="110" h="18" zOrder="36">
      <color>442918502</color>
      <borderVisible>False</borderVisible>
      <remarkText>%E9%A2%9C%E8%89%B2%EF%BC%9A666666%0D%0A%E9%80%8F%E6%98%8E%E5%BA%A6%EF%BC%9A10</remarkText>
      <font family="%E5%BE%AE%E8%BD%AF%E9%9B%85%E9%BB%91" displayName="%E5%BE%AE%E8%BD%AF%E9%9B%85%E9%BB%91" postScript="" weightStyle="Regular" weight="400" isBold="False" isItalic="False"/>
      <text>%EF%BF%A51%2C000</text>
      <lineSpacing>16</lineSpacing>
      <selectedIndex>-1</selectedIndex>
    </control>
    <control controlID="5BBAA0FD-07E4-4F3B-A9C8-CBA9BD1296A7" controlTypeID="Icon" x="676" y="935" w="24" h="24" zOrder="37">
      <icon>
        <ID/>
        <iconFontName>jdIonicons</iconFontName>
        <iconCode>62424</iconCode>
      </icon>
      <URL>580C991B7C917DA9D65FD2306B67F38F.svg</URL>
    </control>
    <control controlID="8FCFDD6B-D1E2-4982-8983-DCCBD8036C0A" controlTypeID="Icon" x="723" y="935" w="24" h="24" zOrder="38">
      <icon>
        <ID/>
        <iconFontName>jdIonicons</iconFontName>
        <iconCode>62416</iconCode>
      </icon>
      <URL>DA139F0E584512EE783A4911D1FD02D3.svg</URL>
    </control>
    <control controlID="BBE9D279-9747-4A6D-88CA-1566C1ACB58B" controlTypeID="Line" x="35" y="756" w="592" h="1" zOrder="39">
      <color>4294901811</color>
      <font family="%E5%BE%AE%E8%BD%AF%E9%9B%85%E9%BB%91" displayName="%E5%BE%AE%E8%BD%AF%E9%9B%85%E9%BB%91" postScript="" weightStyle="Regular" weight="400" isBold="False" isItalic="False"/>
      <lineSpacing>16</lineSpacing>
      <selectedIndex>-1</selectedIndex>
      <controlPoint>(296,0)</controlPoint>
      <startPoint>(0,0)</startPoint>
      <endPoint>(592,0)</endPoint>
    </control>
    <control controlID="8F6A1CCC-48CA-4692-B6B7-CA9E8DABCC0C" controlTypeID="Master" x="0" y="2033" w="800" h="468" zOrder="40" masterID="419175C4-37D4-4EED-A961-036FA80C180B">
      <groupChildrenDescriptors>
        <control controlID="9D64510A-F329-43E7-BB14-75C0EAB04258" controlTypeID="__group__" x="0" y="0" w="792" h="170" zOrder="0">
          <groupChildrenDescriptors>
            <control controlID="61EE1A5A-8C15-46C0-9B27-89097DA7C2CB" controlTypeID="Line" x="0" y="168" w="792" h="2" zOrder="0">
              <font family="%E5%BE%AE%E8%BD%AF%E9%9B%85%E9%BB%91" displayName="%E5%BE%AE%E8%BD%AF%E9%9B%85%E9%BB%91" postScript="" weightStyle="Regular" weight="400" isBold="False" isItalic="False"/>
              <lineSpacing>16</lineSpacing>
              <selectedIndex>-1</selectedIndex>
              <controlPoint>(396,1)</controlPoint>
              <startPoint>(0,1)</startPoint>
              <endPoint>(792,1)</endPoint>
            </control>
            <control controlID="12CBB9EA-11E6-49A6-A3BD-7671C99205E3" controlTypeID="Label" x="348" y="0" w="87" h="27" zOrder="1">
              <remarkText>%E9%A2%9C%E8%89%B2%EF%BC%9A333333%0D%0A%E5%AD%97%E4%BD%93%EF%BC%9A20</remarkText>
              <font family="%E5%BE%AE%E8%BD%AF%E9%9B%85%E9%BB%91" displayName="%E5%BE%AE%E8%BD%AF%E9%9B%85%E9%BB%91+Bold" postScript="" weightStyle="Bold" weight="700" isBold="True" isItalic="False"/>
              <text>%E5%85%A8%E6%B0%91%E5%BD%93%E9%93%BA</text>
              <textColor>4281545523</textColor>
              <textSize>20</textSize>
              <lineSpacing>26</lineSpacing>
              <textStyles>[fsBold]</textStyles>
              <useDefaultTextSize>False</useDefaultTextSize>
              <selectedIndex>-1</selectedIndex>
            </control>
            <control controlID="E36262B8-72F4-4B6F-8251-AB863EE97F01" controlTypeID="Line" x="29" y="12" w="310" h="2" zOrder="2">
              <font family="%E5%BE%AE%E8%BD%AF%E9%9B%85%E9%BB%91" displayName="%E5%BE%AE%E8%BD%AF%E9%9B%85%E9%BB%91" postScript="" weightStyle="Regular" weight="400" isBold="False" isItalic="False"/>
              <lineSpacing>16</lineSpacing>
              <selectedIndex>-1</selectedIndex>
              <controlPoint>(156,1)</controlPoint>
              <startPoint>(1,1)</startPoint>
              <endPoint>(310,1)</endPoint>
            </control>
            <control controlID="20BAE945-54BF-46AB-8913-33F844F75968" controlTypeID="Line" x="432" y="12" w="314" h="2" zOrder="3">
              <font family="%E5%BE%AE%E8%BD%AF%E9%9B%85%E9%BB%91" displayName="%E5%BE%AE%E8%BD%AF%E9%9B%85%E9%BB%91" postScript="" weightStyle="Regular" weight="400" isBold="False" isItalic="False"/>
              <lineSpacing>16</lineSpacing>
              <selectedIndex>-1</selectedIndex>
              <controlPoint>(158,1)</controlPoint>
              <startPoint>(1,1)</startPoint>
              <endPoint>(314,1)</endPoint>
            </control>
            <control controlID="7680B8EB-8DB9-48F0-AC7D-A1697B723085" controlTypeID="Circle" x="28" y="77" w="50" h="50" zOrder="4">
              <color>4294901811</color>
              <borderVisible>False</borderVisible>
              <remarkText>%E5%B0%BA%E5%AF%B8%EF%BC%9A50%0D%0A%E5%AD%97%E4%BD%93%EF%BC%9A20</remarkText>
              <font family="%E5%BE%AE%E8%BD%AF%E9%9B%85%E9%BB%91" displayName="%E5%BE%AE%E8%BD%AF%E9%9B%85%E9%BB%91" postScript="" weightStyle="Regular" weight="400" isBold="False" isItalic="False"/>
              <text>%E4%BC%98</text>
              <textColor>4294967295</textColor>
              <textSize>20</textSize>
              <lineSpacing>26</lineSpacing>
              <useDefaultTextSize>False</useDefaultTextSize>
              <selectedIndex>-1</selectedIndex>
              <shapeBorderType>SbEllipse</shapeBorderType>
            </control>
            <control controlID="E9AB10EE-127B-4E1E-B8AF-09065567F3BA" controlTypeID="Circle" x="301" y="77" w="50" h="50" zOrder="5">
              <color>4294901811</color>
              <borderVisible>False</borderVisible>
              <font family="%E5%BE%AE%E8%BD%AF%E9%9B%85%E9%BB%91" displayName="%E5%BE%AE%E8%BD%AF%E9%9B%85%E9%BB%91" postScript="" weightStyle="Regular" weight="400" isBold="False" isItalic="False"/>
              <text>%E4%BF%9D</text>
              <textColor>4294967295</textColor>
              <textSize>20</textSize>
              <lineSpacing>26</lineSpacing>
              <useDefaultTextSize>False</useDefaultTextSize>
              <selectedIndex>-1</selectedIndex>
              <shapeBorderType>SbEllipse</shapeBorderType>
            </control>
            <control controlID="4534750E-C122-42BB-B6C1-C018F572C410" controlTypeID="Circle" x="575" y="77" w="50" h="50" zOrder="6">
              <color>4294901811</color>
              <borderVisible>False</borderVisible>
              <font family="%E5%BE%AE%E8%BD%AF%E9%9B%85%E9%BB%91" displayName="%E5%BE%AE%E8%BD%AF%E9%9B%85%E9%BB%91" postScript="" weightStyle="Regular" weight="400" isBold="False" isItalic="False"/>
              <text>%E8%AF%9A</text>
              <textColor>4294967295</textColor>
              <textSize>20</textSize>
              <lineSpacing>26</lineSpacing>
              <useDefaultTextSize>False</useDefaultTextSize>
              <selectedIndex>-1</selectedIndex>
              <shapeBorderType>SbEllipse</shapeBorderType>
            </control>
            <control controlID="8B1979FF-E556-4EA5-8190-38EB58E74FED" controlTypeID="Label" x="91" y="81" w="61" h="19" zOrder="7">
              <remarkText>%E9%A2%9C%E8%89%B2%EF%BC%9A333333%0D%0A%E5%AD%97%E4%BD%9314</remarkText>
              <font family="%E5%BE%AE%E8%BD%AF%E9%9B%85%E9%BB%91" displayName="%E5%BE%AE%E8%BD%AF%E9%9B%85%E9%BB%91+Bold" postScript="" weightStyle="Bold" weight="700" isBold="True" isItalic="False"/>
              <text>%E5%93%81%E8%B4%A8%E4%BF%9D%E8%AF%81</text>
              <textColor>4281545523</textColor>
              <lineSpacing>18</lineSpacing>
              <textStyles>[fsBold]</textStyles>
              <useDefaultTextSize>False</useDefaultTextSize>
              <selectedIndex>-1</selectedIndex>
            </control>
            <control controlID="4E20DE56-4A9A-4560-9C1A-F46B81FFE06B" controlTypeID="Label" x="361" y="81" w="61" h="19" zOrder="8">
              <font family="%E5%BE%AE%E8%BD%AF%E9%9B%85%E9%BB%91" displayName="%E5%BE%AE%E8%BD%AF%E9%9B%85%E9%BB%91+Bold" postScript="" weightStyle="Bold" weight="700" isBold="True" isItalic="False"/>
              <text>%E4%BA%A4%E6%98%93%E4%BF%9D%E8%AF%81</text>
              <textColor>4281545523</textColor>
              <lineSpacing>18</lineSpacing>
              <textStyles>[fsBold]</textStyles>
              <useDefaultTextSize>False</useDefaultTextSize>
              <selectedIndex>-1</selectedIndex>
            </control>
            <control controlID="5E45DE79-B09E-4723-A361-F2AAE677E87C" controlTypeID="Label" x="633" y="82" w="61" h="19" zOrder="9">
              <font family="%E5%BE%AE%E8%BD%AF%E9%9B%85%E9%BB%91" displayName="%E5%BE%AE%E8%BD%AF%E9%9B%85%E9%BB%91+Bold" postScript="" weightStyle="Bold" weight="700" isBold="True" isItalic="False"/>
              <text>%E8%AF%9A%E4%BF%A1%E4%BF%9D%E8%AF%81</text>
              <textColor>4281545523</textColor>
              <lineSpacing>18</lineSpacing>
              <textStyles>[fsBold]</textStyles>
              <useDefaultTextSize>False</useDefaultTextSize>
              <selectedIndex>-1</selectedIndex>
            </control>
            <control controlID="4F1CBE27-079A-4E95-A4C5-AFE3AD2FDF82" controlTypeID="Label" x="91" y="105" w="121" h="19" zOrder="10">
              <remarkText>%E9%A2%9C%E8%89%B2%EF%BC%9A999999%0D%0A%E5%AD%97%E4%BD%93%EF%BC%9A14</remarkText>
              <font family="%E5%BE%AE%E8%BD%AF%E9%9B%85%E9%BB%91" displayName="%E5%BE%AE%E8%BD%AF%E9%9B%85%E9%BB%91" postScript="" weightStyle="Regular" weight="400" isBold="False" isItalic="False"/>
              <text>%E5%93%81%E8%B4%A8%E6%8A%A4%E8%88%AA+%E8%B4%AD%E7%89%A9%E6%97%A0%E5%BF%A7</text>
              <textColor>4288256409</textColor>
              <lineSpacing>18</lineSpacing>
              <useDefaultTextSize>False</useDefaultTextSize>
              <selectedIndex>-1</selectedIndex>
            </control>
            <control controlID="12EBA6E6-F7E7-408A-BCD7-C95AC2A0E709" controlTypeID="Label" x="361" y="102" w="149" h="19" zOrder="11">
              <font family="%E5%BE%AE%E8%BD%AF%E9%9B%85%E9%BB%91" displayName="%E5%BE%AE%E8%BD%AF%E9%9B%85%E9%BB%91" postScript="" weightStyle="Regular" weight="400" isBold="False" isItalic="False"/>
              <text>%E7%BA%BF%E4%B8%8B%E4%BA%A4%E6%98%93+%E6%9C%80%E5%AE%89%E5%85%A8%E7%9A%84%E4%BF%9D%E9%9A%9C</text>
              <textColor>4288256409</textColor>
              <lineSpacing>18</lineSpacing>
              <useDefaultTextSize>False</useDefaultTextSize>
              <selectedIndex>-1</selectedIndex>
            </control>
            <control controlID="A7C5F705-F3EC-4B2A-AF31-4175F27F8981" controlTypeID="Label" x="633" y="103" w="121" h="19" zOrder="12">
              <font family="%E5%BE%AE%E8%BD%AF%E9%9B%85%E9%BB%91" displayName="%E5%BE%AE%E8%BD%AF%E9%9B%85%E9%BB%91" postScript="" weightStyle="Regular" weight="400" isBold="False" isItalic="False"/>
              <text>%E8%AF%9A%E4%BF%A1%E5%95%86%E9%93%BA+%E8%AF%9A%E6%84%8F%E5%BE%85%E4%BA%BA</text>
              <textColor>4288256409</textColor>
              <lineSpacing>18</lineSpacing>
              <useDefaultTextSize>False</useDefaultTextSize>
              <selectedIndex>-1</selectedIndex>
            </control>
            <control controlID="86DC24F1-BAEF-44A1-B63B-0260F01AF068" controlTypeID="Line" x="252" y="90" w="2" h="24" zOrder="13">
              <font family="%E5%BE%AE%E8%BD%AF%E9%9B%85%E9%BB%91" displayName="%E5%BE%AE%E8%BD%AF%E9%9B%85%E9%BB%91" postScript="" weightStyle="Regular" weight="400" isBold="False" isItalic="False"/>
              <lineSpacing>16</lineSpacing>
              <selectedIndex>-1</selectedIndex>
              <controlPoint>(1,12)</controlPoint>
              <startPoint>(1,0)</startPoint>
              <endPoint>(1,24)</endPoint>
            </control>
            <control controlID="BC7707FD-E704-471B-9C9E-B2283B67ED30" controlTypeID="Line" x="531" y="90" w="2" h="24" zOrder="14">
              <font family="%E5%BE%AE%E8%BD%AF%E9%9B%85%E9%BB%91" displayName="%E5%BE%AE%E8%BD%AF%E9%9B%85%E9%BB%91" postScript="" weightStyle="Regular" weight="400" isBold="False" isItalic="False"/>
              <lineSpacing>16</lineSpacing>
              <selectedIndex>-1</selectedIndex>
              <controlPoint>(1,12)</controlPoint>
              <startPoint>(1,0)</startPoint>
              <endPoint>(1,24)</endPoint>
            </control>
          </groupChildrenDescriptors>
        </control>
        <control controlID="A468117A-CEBA-4953-A535-4871F45AD00E" controlTypeID="__group__" x="0" y="188" w="800" h="280" zOrder="1">
          <groupChildrenDescriptors>
            <control controlID="D817F961-7707-42E8-968C-4A5552E670FA" controlTypeID="Shape" x="0" y="0" w="800" h="239" zOrder="0">
              <color>4294111986</color>
              <borderVisible>False</borderVisible>
              <remarkText>%E9%A2%9C%E8%89%B2%EF%BC%9AF2F2F2</remarkText>
              <font family="%E5%BE%AE%E8%BD%AF%E9%9B%85%E9%BB%91" displayName="%E5%BE%AE%E8%BD%AF%E9%9B%85%E9%BB%91" postScript="" weightStyle="Regular" weight="400" isBold="False" isItalic="False"/>
              <lineSpacing>16</lineSpacing>
              <selectedIndex>-1</selectedIndex>
            </control>
            <control controlID="521ED2D7-D737-4BA1-8D68-916F2034C4AA" controlTypeID="Shape" x="0" y="239" w="800" h="41" zOrder="1">
              <color>4281742902</color>
              <font family="%E5%BE%AE%E8%BD%AF%E9%9B%85%E9%BB%91" displayName="%E5%BE%AE%E8%BD%AF%E9%9B%85%E9%BB%91" postScript="" weightStyle="Regular" weight="400" isBold="False" isItalic="False"/>
              <text>%E5%A4%87%E6%A1%88%E5%8F%B7%EF%BC%9A009001010101</text>
              <lineSpacing>16</lineSpacing>
              <selectedIndex>-1</selectedIndex>
            </control>
            <control controlID="0ED38F28-06BC-40C8-8CB8-C4A9D9F42EC0" controlTypeID="Label" x="513" y="98" w="102" h="22" zOrder="2">
              <font family="%E5%BE%AE%E8%BD%AF%E9%9B%85%E9%BB%91" displayName="%E5%BE%AE%E8%BD%AF%E9%9B%85%E9%BB%91" postScript="" weightStyle="Regular" weight="400" isBold="False" isItalic="False"/>
              <text>%E6%9C%8D%E5%8A%A1%E5%92%A8%E8%AF%A2%E7%83%AD%E7%BA%BF</text>
              <textSize>16</textSize>
              <lineSpacing>21</lineSpacing>
              <useDefaultTextSize>False</useDefaultTextSize>
              <selectedIndex>-1</selectedIndex>
            </control>
            <control controlID="B872E452-D251-4E77-B5A2-934317610085" controlTypeID="Icon" x="467" y="97" w="29" h="29" zOrder="3">
              <icon>
                <ID/>
                <iconFontName>jdIonicons</iconFontName>
                <iconCode>62162</iconCode>
              </icon>
              <URL>94E9452D20864CF3FBC79CD2C4E76723.svg</URL>
            </control>
            <control controlID="34537FEF-ED56-4AAF-AE7C-B1016787726D" controlTypeID="Label" x="513" y="135" w="144" h="32" zOrder="4">
              <font family="%E5%BE%AE%E8%BD%AF%E9%9B%85%E9%BB%91" displayName="%E5%BE%AE%E8%BD%AF%E9%9B%85%E9%BB%91" postScript="" weightStyle="Regular" weight="400" isBold="False" isItalic="False"/>
              <text>028-998765</text>
              <textSize>24</textSize>
              <lineSpacing>32</lineSpacing>
              <useDefaultTextSize>False</useDefaultTextSize>
              <selectedIndex>-1</selectedIndex>
            </control>
            <control controlID="E45BB14C-D38F-4FB9-9176-4454C8617939" controlTypeID="QRCode" x="699" y="90" w="51" h="51" zOrder="5"/>
            <control controlID="CB0D9905-18DD-4051-A7F8-5ECDFCB4B906" controlTypeID="Label" x="712" y="151" w="28" h="16" zOrder="6">
              <font family="%E5%BE%AE%E8%BD%AF%E9%9B%85%E9%BB%91" displayName="%E5%BE%AE%E8%BD%AF%E9%9B%85%E9%BB%91" postScript="" weightStyle="Regular" weight="400" isBold="False" isItalic="False"/>
              <text>%E5%BE%AE%E4%BF%A1</text>
              <textSize>12</textSize>
              <lineSpacing>16</lineSpacing>
              <selectedIndex>-1</selectedIndex>
            </control>
            <control controlID="C3D9FCC6-2F23-4C64-84EF-9937FA4941F9" controlTypeID="Label" x="33" y="97" w="114" h="24" zOrder="7">
              <font family="%E5%BE%AE%E8%BD%AF%E9%9B%85%E9%BB%91" displayName="%E5%BE%AE%E8%BD%AF%E9%9B%85%E9%BB%91" postScript="" weightStyle="Regular" weight="400" isBold="False" isItalic="False"/>
              <text>%E5%85%A8%E5%90%8D%E5%BD%93%E9%93%BA%E5%95%86%E5%9F%8E</text>
              <textSize>18</textSize>
              <lineSpacing>24</lineSpacing>
              <useDefaultTextSize>False</useDefaultTextSize>
              <selectedIndex>-1</selectedIndex>
            </control>
            <control controlID="31D41C77-31E2-4EEB-96AB-2C1AED25A7C1" controlTypeID="Label" x="156" y="126" w="46" h="19" zOrder="8">
              <font family="%E5%BE%AE%E8%BD%AF%E9%9B%85%E9%BB%91" displayName="%E5%BE%AE%E8%BD%AF%E9%9B%85%E9%BB%91" postScript="" weightStyle="Regular" weight="400" isBold="False" isItalic="False"/>
              <text>%E4%BC%97%E7%AD%B9%E7%BD%91</text>
              <lineSpacing>18</lineSpacing>
              <useDefaultTextSize>False</useDefaultTextSize>
              <selectedIndex>-1</selectedIndex>
            </control>
            <control controlID="6CAE7B68-A6ED-4D84-A0B2-AD403963D82B" controlTypeID="Label" x="243" y="126" w="61" h="19" zOrder="9">
              <font family="%E5%BE%AE%E8%BD%AF%E9%9B%85%E9%BB%91" displayName="%E5%BE%AE%E8%BD%AF%E9%9B%85%E9%BB%91" postScript="" weightStyle="Regular" weight="400" isBold="False" isItalic="False"/>
              <text>%E5%85%B3%E4%BA%8E%E6%88%91%E4%BB%AC</text>
              <lineSpacing>18</lineSpacing>
              <useDefaultTextSize>False</useDefaultTextSize>
              <selectedIndex>-1</selectedIndex>
            </control>
            <control controlID="6E24EA46-063E-4C62-89FE-2113390FCD37" controlTypeID="Image" x="287" y="194" w="104" h="35" zOrder="10">
              <URL>4EA0B1978D92F5CF5D16CEE8674C39D0.png</URL>
            </control>
            <control controlID="DAC44A88-8B00-4DC8-BC27-67AE75AE90C9" controlTypeID="Image" x="401" y="194" w="102" h="35" zOrder="11">
              <URL>43204CFCA029D0EFACC05A4177288EAF.png</URL>
            </control>
            <control controlID="DA03F569-40CA-44FC-A8D0-F5D71A56B904" controlTypeID="Image" x="519" y="194" w="106" h="35" zOrder="12">
              <URL>93825D35F2E309B037D5F369D90AD014.png</URL>
            </control>
          </groupChildrenDescriptors>
        </control>
      </groupChildrenDescriptors>
    </control>
  </controls>
  <param>
    <backgroundColor>4294967295</backgroundColor>
    <fontSize>12</fontSize>
    <fontFamily>%E5%BE%AE%E8%BD%AF%E9%9B%85%E9%BB%91</fontFamily>
    <guideLines/>
  </param>
</mockup>