﻿<mockup version="4.8" minAllowVersion="4.8" ID="4246E384-736C-427F-A998-939C712DCFCD" platform="MtDesktop" defaultW="800" defaultH="600" measureW="800" measureH="1800" mobileScreenScale="0">
  <controls controlCount="40">
    <control controlID="9D315C33-D3A9-4606-9C9B-DCCAAA546595" controlTypeID="Label" x="150" y="113" w="361" h="43" zOrder="0">
      <remarkText>%E5%AD%97%E4%BD%93%EF%BC%9A32%0D%0A</remarkText>
      <font family="%E5%BE%AE%E8%BD%AF%E9%9B%85%E9%BB%91" displayName="%E5%BE%AE%E8%BD%AF%E9%9B%85%E9%BB%91" postScript="" weightStyle="Regular" weight="400" isBold="False" isItalic="False"/>
      <text>%E6%9F%90%E6%9F%90%E9%A1%B9%E7%9B%AE%EF%BC%9A%E6%89%93%E5%BC%80%E8%B4%A2%E5%AF%8C%E4%B9%8B%E9%97%A8</text>
      <textSize>32</textSize>
      <lineSpacing>42</lineSpacing>
      <useDefaultTextSize>False</useDefaultTextSize>
      <selectedIndex>-1</selectedIndex>
    </control>
    <control controlID="E1301281-9501-441B-91E3-26B03773C1F4" controlTypeID="Avatar(Mobile)" x="55" y="110" w="48" h="48" zOrder="1"/>
    <control controlID="46DD7162-7444-45AB-A077-AF2D40CBE4BF" controlTypeID="Label" x="59" y="168" w="40" h="16" zOrder="2">
      <font family="%E5%BE%AE%E8%BD%AF%E9%9B%85%E9%BB%91" displayName="%E5%BE%AE%E8%BD%AF%E9%9B%85%E9%BB%91" postScript="" weightStyle="Regular" weight="400" isBold="False" isItalic="False"/>
      <text>%E5%8F%91%E8%B5%B7%E4%BA%BA</text>
      <textSize>12</textSize>
      <lineSpacing>16</lineSpacing>
      <selectedIndex>-1</selectedIndex>
    </control>
    <control controlID="5921E6A3-6D97-44BA-9F31-BF412C195C4C" controlTypeID="Image" x="55" y="232" w="463" h="277" zOrder="3">
      <remarkText>%E5%B0%BA%E5%AF%B8%EF%BC%9A807*454</remarkText>
    </control>
    <control controlID="5B7F6B3F-9DF2-4E07-AB6E-66A9B9889D19" controlTypeID="ProgressBar" x="552" y="232" w="207" h="11" zOrder="4">
      <indicatorColor>4278229503</indicatorColor>
    </control>
    <control controlID="776AB0C2-56D9-459A-9B5B-E6FEA69A10DE" controlTypeID="Label" x="548" y="262" w="142" h="32" zOrder="5">
      <font family="%E5%BE%AE%E8%BD%AF%E9%9B%85%E9%BB%91" displayName="%E5%BE%AE%E8%BD%AF%E9%9B%85%E9%BB%91" postScript="" weightStyle="Regular" weight="400" isBold="False" isItalic="False"/>
      <text>%EF%BF%A53%2C000%2C000</text>
      <textColor>4278229503</textColor>
      <textSize>24</textSize>
      <lineSpacing>32</lineSpacing>
      <useDefaultTextSize>False</useDefaultTextSize>
      <selectedIndex>-1</selectedIndex>
    </control>
    <control controlID="D950607C-90CE-4493-924D-C2F3B7F25E0C" controlTypeID="Label" x="548" y="306" w="95" h="16" zOrder="6">
      <font family="%E5%BE%AE%E8%BD%AF%E9%9B%85%E9%BB%91" displayName="%E5%BE%AE%E8%BD%AF%E9%9B%85%E9%BB%91" postScript="" weightStyle="Regular" weight="400" isBold="False" isItalic="False"/>
      <text>%E7%9B%AE%E6%A0%87%EF%BC%9A3%2C000.000</text>
      <textSize>12</textSize>
      <lineSpacing>16</lineSpacing>
      <useDefaultTextSize>False</useDefaultTextSize>
      <selectedIndex>-1</selectedIndex>
    </control>
    <control controlID="2684E86A-5249-42F0-8510-AB219D1398F2" controlTypeID="Label" x="548" y="340" w="78" h="16" zOrder="7">
      <font family="%E5%BE%AE%E8%BD%AF%E9%9B%85%E9%BB%91" displayName="%E5%BE%AE%E8%BD%AF%E9%9B%85%E9%BB%91" postScript="" weightStyle="Regular" weight="400" isBold="False" isItalic="False"/>
      <text>%E8%B5%B7%E6%8A%95%EF%BC%9A30%2C000</text>
      <textSize>12</textSize>
      <lineSpacing>16</lineSpacing>
      <useDefaultTextSize>False</useDefaultTextSize>
      <selectedIndex>-1</selectedIndex>
    </control>
    <control controlID="7E3A451C-25A1-4669-92C7-0154CD0F7915" controlTypeID="Label" x="548" y="374" w="99" h="16" zOrder="8">
      <font family="%E5%BE%AE%E8%BD%AF%E9%9B%85%E9%BB%91" displayName="%E5%BE%AE%E8%BD%AF%E9%9B%85%E9%BB%91" postScript="" weightStyle="Regular" weight="400" isBold="False" isItalic="False"/>
      <text>%E6%97%B6%E9%97%B4%E6%88%AA%E6%AD%A2%EF%BC%9A00000</text>
      <textSize>12</textSize>
      <lineSpacing>16</lineSpacing>
      <useDefaultTextSize>False</useDefaultTextSize>
      <selectedIndex>-1</selectedIndex>
    </control>
    <control controlID="F749C02D-83B0-4A05-ABE1-4BD801E14A12" controlTypeID="Label" x="55" y="585" w="125" h="27" zOrder="9">
      <font family="%E5%BE%AE%E8%BD%AF%E9%9B%85%E9%BB%91" displayName="%E5%BE%AE%E8%BD%AF%E9%9B%85%E9%BB%91" postScript="" weightStyle="Regular" weight="400" isBold="False" isItalic="False"/>
      <text>%E5%85%B3%E4%BA%8E%E8%BF%99%E4%B8%AA%E9%A1%B9%E7%9B%AE</text>
      <textColor>4284900966</textColor>
      <textSize>20</textSize>
      <lineSpacing>26</lineSpacing>
      <useDefaultTextSize>False</useDefaultTextSize>
      <selectedIndex>-1</selectedIndex>
    </control>
    <control controlID="65996E79-BE2A-4512-BE73-CEBFF45D1040" controlTypeID="Label" x="590" y="620" w="87" h="27" zOrder="10">
      <font family="%E5%BE%AE%E8%BD%AF%E9%9B%85%E9%BB%91" displayName="%E5%BE%AE%E8%BD%AF%E9%9B%85%E9%BB%91" postScript="" weightStyle="Regular" weight="400" isBold="False" isItalic="False"/>
      <text>%E9%A1%B9%E7%9B%AE%E5%92%A8%E8%AF%A2</text>
      <textColor>4278229503</textColor>
      <textSize>20</textSize>
      <lineSpacing>26</lineSpacing>
      <useDefaultTextSize>False</useDefaultTextSize>
      <selectedIndex>-1</selectedIndex>
    </control>
    <control controlID="925E9D12-EEA9-4DEB-A5FD-B11FB1987C0F" controlTypeID="TextArea" x="82" y="632" w="436" h="125" zOrder="11">
      <font family="%E5%BE%AE%E8%BD%AF%E9%9B%85%E9%BB%91" displayName="%E5%BE%AE%E8%BD%AF%E9%9B%85%E9%BB%91" postScript="" weightStyle="Regular" weight="400" isBold="False" isItalic="False"/>
      <text>0101010010101000101000000000000100101010100101010101001010100010100000000000010010101010010101010100101010001010000000000001001010101001010101010010101000101000000000000100101010100101%0D%0A%0D%0A010101001010100010100000000000010010101010010101010100101010001010000000000001001010101001010101010010101000101000000000000100101010100101</text>
      <textSize>12</textSize>
      <lineSpacing>16</lineSpacing>
      <selectedIndex>-1</selectedIndex>
    </control>
    <control controlID="8975767F-0836-4DE8-967B-0FF3F1EED8C1" controlTypeID="Image" x="55" y="775" w="463" h="264" zOrder="12"/>
    <control controlID="DF667590-23A5-49D6-8951-7004061FBD71" controlTypeID="Image" x="54" y="1199" w="464" h="264" zOrder="13"/>
    <control controlID="368C5632-79DE-40BD-82BE-49C4A92099CE" controlTypeID="TextArea" x="82" y="1056" w="436" h="133" zOrder="14">
      <font family="%E5%BE%AE%E8%BD%AF%E9%9B%85%E9%BB%91" displayName="%E5%BE%AE%E8%BD%AF%E9%9B%85%E9%BB%91" postScript="" weightStyle="Regular" weight="400" isBold="False" isItalic="False"/>
      <text>0101010010101000101000000000000100101010100101010101001010100010100000000000010010101010010101010100101010001010000000000001001010101001010101010010101000101000000000000100101010100101%0D%0A%0D%0A010101001010100010100000000000010010101010010101010100101010001010000000000001001010101001010101010010101000101000000000000100101010100101</text>
      <textSize>12</textSize>
      <lineSpacing>16</lineSpacing>
      <selectedIndex>-1</selectedIndex>
    </control>
    <control controlID="8074C469-7880-4C22-9A0A-9F82ACFDCD81" controlTypeID="Shape" x="552" y="612" w="222" h="225" zOrder="15">
      <color>436247039</color>
      <borderVisible>False</borderVisible>
      <remarkText>%E9%A2%9C%E8%89%B2%EF%BC%9A0099FF%0D%0A%E9%80%8F%E6%98%8E%E5%BA%A6%EF%BC%9A10</remarkText>
      <font family="%E5%BE%AE%E8%BD%AF%E9%9B%85%E9%BB%91" displayName="%E5%BE%AE%E8%BD%AF%E9%9B%85%E9%BB%91" postScript="" weightStyle="Regular" weight="400" isBold="False" isItalic="False"/>
      <lineSpacing>16</lineSpacing>
      <selectedIndex>-1</selectedIndex>
    </control>
    <control controlID="05FC29ED-D803-422B-B749-0CD0B08320AC" controlTypeID="Label" x="589" y="669" w="167" h="22" zOrder="16">
      <font family="%E5%BE%AE%E8%BD%AF%E9%9B%85%E9%BB%91" displayName="%E5%BE%AE%E8%BD%AF%E9%9B%85%E9%BB%91" postScript="" weightStyle="Regular" weight="400" isBold="False" isItalic="False"/>
      <text>%E7%94%B5%E8%AF%9D%E5%8F%B7%E7%A0%81%EF%BC%9A028-88765</text>
      <textSize>16</textSize>
      <lineSpacing>21</lineSpacing>
      <useDefaultTextSize>False</useDefaultTextSize>
      <selectedIndex>-1</selectedIndex>
    </control>
    <control controlID="79D67AD5-EE5F-498B-AD04-9572A4A780F9" controlTypeID="Label" x="590" y="727" w="110" h="22" zOrder="17">
      <font family="%E5%BE%AE%E8%BD%AF%E9%9B%85%E9%BB%91" displayName="%E5%BE%AE%E8%BD%AF%E9%9B%85%E9%BB%91" postScript="" weightStyle="Regular" weight="400" isBold="False" isItalic="False"/>
      <text>%E5%BE%AE%E4%BF%A1%EF%BC%9A897866</text>
      <textSize>16</textSize>
      <lineSpacing>21</lineSpacing>
      <useDefaultTextSize>False</useDefaultTextSize>
      <selectedIndex>-1</selectedIndex>
    </control>
    <control controlID="4A02AAE6-BD22-480A-8E5B-E895DECB8763" controlTypeID="Label" x="590" y="784" w="123" h="22" zOrder="18">
      <font family="%E5%BE%AE%E8%BD%AF%E9%9B%85%E9%BB%91" displayName="%E5%BE%AE%E8%BD%AF%E9%9B%85%E9%BB%91" postScript="" weightStyle="Regular" weight="400" isBold="False" isItalic="False"/>
      <text>QQ%EF%BC%9A08978686</text>
      <textSize>16</textSize>
      <lineSpacing>21</lineSpacing>
      <useDefaultTextSize>False</useDefaultTextSize>
      <selectedIndex>-1</selectedIndex>
    </control>
    <control controlID="67239AED-B46C-4051-8C1B-FF161044A93B" controlTypeID="Master" x="0" y="1552" w="802" h="248" zOrder="19" masterID="114A9CE0-90CE-4720-937C-9AABE8131D61">
      <groupChildrenDescriptors>
        <control controlID="F16CDBAE-0971-4C56-A981-5FDEE8F8A4AE" controlTypeID="Shape" x="0" y="0" w="802" h="246" zOrder="0">
          <color>4281545523</color>
          <font family="%E5%BE%AE%E8%BD%AF%E9%9B%85%E9%BB%91" displayName="%E5%BE%AE%E8%BD%AF%E9%9B%85%E9%BB%91" postScript="" weightStyle="Regular" weight="400" isBold="False" isItalic="False"/>
          <lineSpacing>16</lineSpacing>
          <selectedIndex>-1</selectedIndex>
        </control>
        <control controlID="88260C0B-5A71-43EB-9EDC-46FDA84A9B52" controlTypeID="Label" x="50" y="61" w="233" h="43" zOrder="1">
          <font family="%E5%BE%AE%E8%BD%AF%E9%9B%85%E9%BB%91" displayName="%E5%BE%AE%E8%BD%AF%E9%9B%85%E9%BB%91" postScript="" weightStyle="Regular" weight="400" isBold="False" isItalic="False"/>
          <text>%E5%85%A8%E5%90%8D%E5%BD%93%E9%93%BA%E4%BC%97%E7%AD%B9%E7%BD%91</text>
          <textColor>4294967295</textColor>
          <textSize>32</textSize>
          <lineSpacing>42</lineSpacing>
          <useDefaultTextSize>False</useDefaultTextSize>
          <selectedIndex>-1</selectedIndex>
        </control>
        <control controlID="5A0BD9CE-0DB3-46EB-9960-BBD9E9622F70" controlTypeID="Label" x="213" y="128" w="61" h="19" zOrder="2">
          <font family="%E5%BE%AE%E8%BD%AF%E9%9B%85%E9%BB%91" displayName="%E5%BE%AE%E8%BD%AF%E9%9B%85%E9%BB%91" postScript="" weightStyle="Regular" weight="400" isBold="False" isItalic="False"/>
          <text>%E5%85%B3%E4%BA%8E%E6%88%91%E4%BB%AC</text>
          <textColor>4288256409</textColor>
          <lineSpacing>18</lineSpacing>
          <useDefaultTextSize>False</useDefaultTextSize>
          <selectedIndex>-1</selectedIndex>
        </control>
        <control controlID="C0E064BD-42B4-49BC-89DB-FB74BC927D61" controlTypeID="QRCode" x="597" y="90" w="66" h="66" zOrder="3"/>
        <control controlID="5C3C5D0B-DD05-4B3B-A59F-72E2BF1E4353" controlTypeID="QRCode" x="680" y="90" w="66" h="66" zOrder="4"/>
        <control controlID="6703D85F-9D97-4925-9391-ACFB4EC66F27" controlTypeID="Shape" x="0" y="208" w="802" h="40" zOrder="5">
          <color>4278190080</color>
          <font family="%E5%BE%AE%E8%BD%AF%E9%9B%85%E9%BB%91" displayName="%E5%BE%AE%E8%BD%AF%E9%9B%85%E9%BB%91" postScript="" weightStyle="Regular" weight="400" isBold="False" isItalic="False"/>
          <lineSpacing>16</lineSpacing>
          <selectedIndex>-1</selectedIndex>
        </control>
        <control controlID="A7E32BE5-AD2D-47A3-9848-CA339AA55D63" controlTypeID="Label" x="304" y="222" w="171" h="16" zOrder="6">
          <font family="%E5%BE%AE%E8%BD%AF%E9%9B%85%E9%BB%91" displayName="%E5%BE%AE%E8%BD%AF%E9%9B%85%E9%BB%91" postScript="" weightStyle="Regular" weight="400" isBold="False" isItalic="False"/>
          <text>%E5%A4%87%E6%A1%88%E5%8F%B7%EF%BC%9A10010101010100111</text>
          <textColor>4291611852</textColor>
          <textSize>12</textSize>
          <lineSpacing>16</lineSpacing>
          <useDefaultTextSize>False</useDefaultTextSize>
          <selectedIndex>-1</selectedIndex>
        </control>
      </groupChildrenDescriptors>
    </control>
    <control controlID="293F03D2-D2B5-4DFF-926A-2879DC8CDD36" controlTypeID="Label" x="82" y="537" w="112" h="16" zOrder="20">
      <font family="%E5%BE%AE%E8%BD%AF%E9%9B%85%E9%BB%91" displayName="%E5%BE%AE%E8%BD%AF%E9%9B%85%E9%BB%91" postScript="" weightStyle="Regular" weight="400" isBold="False" isItalic="False"/>
      <text>%E5%9C%B0%E5%9D%80%EF%BC%9A%E5%9B%9B%E5%B7%9D%E7%9C%81%E6%88%90%E9%83%BD%E5%B8%82</text>
      <textSize>12</textSize>
      <lineSpacing>16</lineSpacing>
      <selectedIndex>-1</selectedIndex>
    </control>
    <control controlID="861C7B4E-C1D8-498E-BFC6-39D8CCF15375" controlTypeID="Icon" x="48" y="529" w="24" h="24" zOrder="21">
      <icon>
        <ID/>
        <iconFontName>jdIonicons</iconFontName>
        <iconCode>62371</iconCode>
      </icon>
      <URL>474A61FDC203C97B2EEFAF494C017CCB.svg</URL>
    </control>
    <control controlID="177169BF-5748-447E-8A90-20AA6EB58AA7" controlTypeID="TextArea" x="150" y="160" w="353" h="31" zOrder="22">
      <font family="%E5%BE%AE%E8%BD%AF%E9%9B%85%E9%BB%91" displayName="%E5%BE%AE%E8%BD%AF%E9%9B%85%E9%BB%91" postScript="" weightStyle="Regular" weight="400" isBold="False" isItalic="False"/>
      <text>110100001010010101010100110001010101010010101010101010011010000101001010101010011</text>
      <textSize>12</textSize>
      <lineSpacing>16</lineSpacing>
      <selectedIndex>-1</selectedIndex>
    </control>
    <control controlID="FF3D8706-FD82-4AE1-A7DF-5FE8B83F210F" controlTypeID="Master" x="0" y="0" w="802" h="60" zOrder="23" masterID="C093F9E6-8DD1-4C7B-8980-C4E087FE62F9">
      <groupChildrenDescriptors>
        <control controlID="600C2641-AC13-4A11-BB29-40B058EF393C" controlTypeID="Shape" x="0" y="0" w="802" h="60" zOrder="0">
          <font family="%E5%BE%AE%E8%BD%AF%E9%9B%85%E9%BB%91" displayName="%E5%BE%AE%E8%BD%AF%E9%9B%85%E9%BB%91" postScript="" weightStyle="Regular" weight="400" isBold="False" isItalic="False"/>
          <textSize>18</textSize>
          <lineSpacing>24</lineSpacing>
          <useDefaultTextSize>False</useDefaultTextSize>
          <selectedIndex>-1</selectedIndex>
        </control>
        <control controlID="ADFD6E69-1DBC-4FBE-A2BC-5A47CCD86B24" controlTypeID="Label" x="335" y="26" w="78" h="24" zOrder="1">
          <font family="%E5%BE%AE%E8%BD%AF%E9%9B%85%E9%BB%91" displayName="%E5%BE%AE%E8%BD%AF%E9%9B%85%E9%BB%91" postScript="" weightStyle="Regular" weight="400" isBold="False" isItalic="False"/>
          <text>%E5%85%A8%E5%90%8D%E5%BD%93%E9%93%BA</text>
          <textSize>18</textSize>
          <lineSpacing>24</lineSpacing>
          <useDefaultTextSize>False</useDefaultTextSize>
          <selectedIndex>-1</selectedIndex>
        </control>
        <control controlID="DEE9E2BD-C6EB-48D8-A0B4-1032DC718E50" controlTypeID="Label" x="146" y="24" w="69" h="22" zOrder="2">
          <font family="%E5%BE%AE%E8%BD%AF%E9%9B%85%E9%BB%91" displayName="%E5%BE%AE%E8%BD%AF%E9%9B%85%E9%BB%91" postScript="" weightStyle="Regular" weight="400" isBold="False" isItalic="False"/>
          <text>%E5%85%B3%E4%BA%8E%E6%88%91%E4%BB%AC</text>
          <textSize>16</textSize>
          <lineSpacing>21</lineSpacing>
          <useDefaultTextSize>False</useDefaultTextSize>
          <selectedIndex>-1</selectedIndex>
        </control>
        <control controlID="7D66A3AA-62B2-4EBA-BBCE-4F244843B8A5" controlTypeID="Label" x="20" y="24" w="102" h="22" zOrder="3">
          <font family="%E5%BE%AE%E8%BD%AF%E9%9B%85%E9%BB%91" displayName="%E5%BE%AE%E8%BD%AF%E9%9B%85%E9%BB%91" postScript="" weightStyle="Regular" weight="400" isBold="False" isItalic="False"/>
          <text>%E5%85%A8%E6%B0%91%E5%BD%93%E9%93%BA%E5%95%86%E5%9F%8E</text>
          <textSize>16</textSize>
          <lineSpacing>21</lineSpacing>
          <useDefaultTextSize>False</useDefaultTextSize>
          <selectedIndex>-1</selectedIndex>
        </control>
        <control controlID="D1E6BADF-C169-44A7-BDE2-657693E87BF4" controlTypeID="Search" x="573" y="22" w="90" h="24" zOrder="4">
          <font family="%E5%BE%AE%E8%BD%AF%E9%9B%85%E9%BB%91" displayName="%E5%BE%AE%E8%BD%AF%E9%9B%85%E9%BB%91" postScript="" weightStyle="Regular" weight="400" isBold="False" isItalic="False"/>
          <textVAlign>VaTop</textVAlign>
          <lineSpacing>16</lineSpacing>
          <selectedIndex>-1</selectedIndex>
        </control>
        <control controlID="1F561B43-96DA-4CA5-9B24-9643DC57C674" controlTypeID="AvatarEx" x="712" y="9" w="41" h="41" zOrder="5">
          <color>4284900966</color>
          <groupChildrenDescriptors>
            <control controlID="A2A7DAAA-0347-49FE-84A9-F969F1B052C4" controlTypeID="Shape" x="0" y="0" w="41" h="41" zOrder="0">
              <color>4288256409</color>
              <canMove>False</canMove>
              <alias>shape</alias>
              <font family="%E5%BE%AE%E8%BD%AF%E9%9B%85%E9%BB%91" displayName="%E5%BE%AE%E8%BD%AF%E9%9B%85%E9%BB%91" postScript="" weightStyle="Regular" weight="400" isBold="False" isItalic="False"/>
              <lineSpacing>16</lineSpacing>
              <selectedIndex>-1</selectedIndex>
              <thickness>2</thickness>
            </control>
            <control controlID="608E8107-D9C0-453E-B873-F4949AA044B9" controlTypeID="Icon" x="5" y="8" w="31" h="31" zOrder="1">
              <color>4294967295</color>
              <canMove>False</canMove>
              <alias>icon</alias>
              <icon>
                <ID/>
                <iconFontName>jdiconfontB</iconFontName>
                <iconCode>59652</iconCode>
              </icon>
              <URL>467605F5F90D9FF65132C1A6EF883F26.svg</URL>
            </control>
          </groupChildrenDescriptors>
        </control>
      </groupChildrenDescriptors>
    </control>
    <control controlID="1A92DA1A-5CB8-4DE0-8BCB-9E2665BCECB5" controlTypeID="Shape" x="572" y="468" w="140" h="41" zOrder="24">
      <color>4278229503</color>
      <borderVisible>False</borderVisible>
      <font family="%E5%BE%AE%E8%BD%AF%E9%9B%85%E9%BB%91" displayName="%E5%BE%AE%E8%BD%AF%E9%9B%85%E9%BB%91" postScript="" weightStyle="Regular" weight="400" isBold="False" isItalic="False"/>
      <text>%E7%AD%B9%E5%A4%87%E4%B8%AD</text>
      <textColor>4294967295</textColor>
      <textSize>18</textSize>
      <lineSpacing>24</lineSpacing>
      <useDefaultTextSize>False</useDefaultTextSize>
      <selectedIndex>-1</selectedIndex>
    </control>
  </controls>
  <param>
    <backgroundColor>4294967295</backgroundColor>
    <fontSize>12</fontSize>
    <fontFamily>%E5%BE%AE%E8%BD%AF%E9%9B%85%E9%BB%91</fontFamily>
    <guideLines/>
  </param>
</mockup>