﻿<mockup version="4.8" minAllowVersion="4.8" ID="B33FA9D0-58C9-4056-8CA7-90D1FD327B12" platform="MtDesktop" defaultW="800" defaultH="600" measureW="800" measureH="1500" mobileScreenScale="0">
  <controls controlCount="35">
    <control controlID="287905A5-5C13-4609-9266-58F1F61C901E" controlTypeID="Shape" x="0" y="0" w="802" h="60" zOrder="0">
      <font family="%E5%BE%AE%E8%BD%AF%E9%9B%85%E9%BB%91" displayName="%E5%BE%AE%E8%BD%AF%E9%9B%85%E9%BB%91" postScript="" weightStyle="Regular" weight="400" isBold="False" isItalic="False"/>
      <textSize>18</textSize>
      <lineSpacing>24</lineSpacing>
      <useDefaultTextSize>False</useDefaultTextSize>
      <selectedIndex>-1</selectedIndex>
    </control>
    <control controlID="2CEF7F1F-F634-4890-A01C-FC9FDC32BB94" controlTypeID="Label" x="335" y="23" w="78" h="24" zOrder="1">
      <font family="%E5%BE%AE%E8%BD%AF%E9%9B%85%E9%BB%91" displayName="%E5%BE%AE%E8%BD%AF%E9%9B%85%E9%BB%91" postScript="" weightStyle="Regular" weight="400" isBold="False" isItalic="False"/>
      <text>%E5%85%A8%E5%90%8D%E5%BD%93%E9%93%BA</text>
      <textSize>18</textSize>
      <lineSpacing>24</lineSpacing>
      <useDefaultTextSize>False</useDefaultTextSize>
      <selectedIndex>-1</selectedIndex>
    </control>
    <control controlID="BE9DF5B7-88CD-46C9-90E8-4A7579647BB5" controlTypeID="Label" x="145" y="25" w="69" h="22" zOrder="2">
      <font family="%E5%BE%AE%E8%BD%AF%E9%9B%85%E9%BB%91" displayName="%E5%BE%AE%E8%BD%AF%E9%9B%85%E9%BB%91" postScript="" weightStyle="Regular" weight="400" isBold="False" isItalic="False"/>
      <text>%E5%85%B3%E4%BA%8E%E6%88%91%E4%BB%AC</text>
      <textSize>16</textSize>
      <lineSpacing>21</lineSpacing>
      <useDefaultTextSize>False</useDefaultTextSize>
      <selectedIndex>-1</selectedIndex>
    </control>
    <control controlID="7F3E7679-C498-464B-B810-15871FD101D8" controlTypeID="Label" x="27" y="25" w="102" h="22" zOrder="3">
      <font family="%E5%BE%AE%E8%BD%AF%E9%9B%85%E9%BB%91" displayName="%E5%BE%AE%E8%BD%AF%E9%9B%85%E9%BB%91" postScript="" weightStyle="Regular" weight="400" isBold="False" isItalic="False"/>
      <text>%E5%85%A8%E6%B0%91%E5%BD%93%E9%93%BA%E5%95%86%E5%9F%8E</text>
      <textSize>16</textSize>
      <lineSpacing>21</lineSpacing>
      <useDefaultTextSize>False</useDefaultTextSize>
      <selectedIndex>-1</selectedIndex>
    </control>
    <control controlID="7D9C0157-A150-48B5-AAC9-DC1F6A1B6053" controlTypeID="Search" x="604" y="47" w="90" h="24" zOrder="4">
      <font family="%E5%BE%AE%E8%BD%AF%E9%9B%85%E9%BB%91" displayName="%E5%BE%AE%E8%BD%AF%E9%9B%85%E9%BB%91" postScript="" weightStyle="Regular" weight="400" isBold="False" isItalic="False"/>
      <textVAlign>VaTop</textVAlign>
      <lineSpacing>16</lineSpacing>
      <selectedIndex>-1</selectedIndex>
    </control>
    <control controlID="2040D501-A52D-4E1C-A5F4-71ABFF2E1C63" controlTypeID="Avatar(Mobile)" x="725" y="12" w="48" h="48" zOrder="5"/>
    <control controlID="8C19EF4C-4927-470F-8A6E-B7F4F3376268" controlTypeID="Shape" x="210" y="111" w="563" h="643" zOrder="6">
      <color>436247039</color>
      <font family="%E5%BE%AE%E8%BD%AF%E9%9B%85%E9%BB%91" displayName="%E5%BE%AE%E8%BD%AF%E9%9B%85%E9%BB%91" postScript="" weightStyle="Regular" weight="400" isBold="False" isItalic="False"/>
      <textSize>11</textSize>
      <lineSpacing>15</lineSpacing>
      <useDefaultTextSize>False</useDefaultTextSize>
      <selectedIndex>-1</selectedIndex>
    </control>
    <control controlID="4BE03CEA-009F-45B6-AF45-22251C500019" controlTypeID="Shape" x="243" y="189" w="491" h="39" zOrder="7">
      <color>4278229503</color>
      <borderVisible>False</borderVisible>
      <font family="%E5%BE%AE%E8%BD%AF%E9%9B%85%E9%BB%91" displayName="%E5%BE%AE%E8%BD%AF%E9%9B%85%E9%BB%91" postScript="" weightStyle="Regular" weight="400" isBold="False" isItalic="False"/>
      <textSize>18</textSize>
      <lineSpacing>24</lineSpacing>
      <useDefaultTextSize>False</useDefaultTextSize>
      <selectedIndex>-1</selectedIndex>
    </control>
    <control controlID="522E2C01-15CC-4492-8E60-C3A8FD14DD0B" controlTypeID="DataGrid" x="243" y="227" w="491" h="472" zOrder="8">
      <font family="%E5%BE%AE%E8%BD%AF%E9%9B%85%E9%BB%91" displayName="%E5%BE%AE%E8%BD%AF%E9%9B%85%E9%BB%91" postScript="" weightStyle="Regular" weight="400" isBold="False" isItalic="False"/>
      <text>%E9%A1%B9%E7%9B%AE+%2C%E6%97%A5%E6%9C%9F+%2C+ID%2C%E5%A7%93%E5%90%8D+%2C+%E5%B9%B4%E9%BE%84+%2C+%E6%80%A7%E5%88%AB+%2C++%E7%BA%A7%E5%88%AB%2C%E9%87%91%E9%A2%9D++%0D%0A%E6%9C%9B%E5%B9%B3%E8%A1%97%E5%BA%97%2C2017-1-1%2C00001%2C%E5%BC%A0%E4%B8%89%2C43%2C+%E7%94%B7%2CA+%0D%0A%E6%9C%9B%E5%B9%B3%E8%A1%97%E5%BA%97%2C2017-1-1%2C00001%2C%E5%BC%A0%E4%B8%89%2C43%2C+%E7%94%B7%2CA+%0D%0A%E6%9C%9B%E5%B9%B3%E8%A1%97%E5%BA%97%2C2017-1-1%2C00001%2C%E5%BC%A0%E4%B8%89%2C43%2C+%E7%94%B7%2CA+%0D%0A%E6%9C%9B%E5%B9%B3%E8%A1%97%E5%BA%97%2C2017-1-1%2C00001%2C%E5%BC%A0%E4%B8%89%2C43%2C+%E7%94%B7%2CA+%0D%0A%E6%9C%9B%E5%B9%B3%E8%A1%97%E5%BA%97%2C2017-1-1%2C00001%2C%E5%BC%A0%E4%B8%89%2C43%2C+%E7%94%B7%2CA%0D%0A</text>
      <lineSpacing>16</lineSpacing>
      <columnRatio>{17.1,18.3,13.4,10.2,10.2,10.2,10.2,10.2}</columnRatio>
      <itemRect>[{"left":0,"top":0,"right":491,"bottom":22},{"left":0,"top":22,"right":491,"bottom":47},{"left":0,"top":47,"right":491,"bottom":72},{"left":0,"top":72,"right":491,"bottom":97},{"left":0,"top":97,"right":491,"bottom":122},{"left":0,"top":122,"right":491,"bottom":147}]</itemRect>
    </control>
    <control controlID="897D2F0F-6FDF-46DD-BC86-931384548211" controlTypeID="Master" x="0" y="1252" w="802" h="248" zOrder="9" masterID="114A9CE0-90CE-4720-937C-9AABE8131D61">
      <groupChildrenDescriptors>
        <control controlID="A12F0944-72FD-4880-9184-CCC3121A47FD" controlTypeID="Shape" x="0" y="0" w="802" h="246" zOrder="0">
          <color>4281545523</color>
          <font family="%E5%BE%AE%E8%BD%AF%E9%9B%85%E9%BB%91" displayName="%E5%BE%AE%E8%BD%AF%E9%9B%85%E9%BB%91" postScript="" weightStyle="Regular" weight="400" isBold="False" isItalic="False"/>
          <lineSpacing>16</lineSpacing>
          <selectedIndex>-1</selectedIndex>
        </control>
        <control controlID="55068BCA-37F2-4674-82D5-32735AC9ED28" controlTypeID="Label" x="50" y="61" w="233" h="43" zOrder="1">
          <font family="%E5%BE%AE%E8%BD%AF%E9%9B%85%E9%BB%91" displayName="%E5%BE%AE%E8%BD%AF%E9%9B%85%E9%BB%91" postScript="" weightStyle="Regular" weight="400" isBold="False" isItalic="False"/>
          <text>%E5%85%A8%E5%90%8D%E5%BD%93%E9%93%BA%E4%BC%97%E7%AD%B9%E7%BD%91</text>
          <textColor>4294967295</textColor>
          <textSize>32</textSize>
          <lineSpacing>42</lineSpacing>
          <useDefaultTextSize>False</useDefaultTextSize>
          <selectedIndex>-1</selectedIndex>
        </control>
        <control controlID="EF289B85-6FE8-40DE-8023-ADC5D49C0F35" controlTypeID="Label" x="213" y="128" w="61" h="19" zOrder="2">
          <font family="%E5%BE%AE%E8%BD%AF%E9%9B%85%E9%BB%91" displayName="%E5%BE%AE%E8%BD%AF%E9%9B%85%E9%BB%91" postScript="" weightStyle="Regular" weight="400" isBold="False" isItalic="False"/>
          <text>%E5%85%B3%E4%BA%8E%E6%88%91%E4%BB%AC</text>
          <textColor>4288256409</textColor>
          <lineSpacing>18</lineSpacing>
          <useDefaultTextSize>False</useDefaultTextSize>
          <selectedIndex>-1</selectedIndex>
        </control>
        <control controlID="8F861137-F7CF-4C32-AC88-B359B8C316E0" controlTypeID="QRCode" x="597" y="90" w="66" h="66" zOrder="3"/>
        <control controlID="309AD2F4-C70E-4FFE-8AFF-B6C10CFD8D81" controlTypeID="QRCode" x="680" y="90" w="66" h="66" zOrder="4"/>
        <control controlID="F9D32138-5857-484E-B0CB-A7BC42310178" controlTypeID="Shape" x="0" y="208" w="802" h="40" zOrder="5">
          <color>4278190080</color>
          <font family="%E5%BE%AE%E8%BD%AF%E9%9B%85%E9%BB%91" displayName="%E5%BE%AE%E8%BD%AF%E9%9B%85%E9%BB%91" postScript="" weightStyle="Regular" weight="400" isBold="False" isItalic="False"/>
          <lineSpacing>16</lineSpacing>
          <selectedIndex>-1</selectedIndex>
        </control>
        <control controlID="9AD92EE0-8622-4F67-9869-BAF0A67220B7" controlTypeID="Label" x="304" y="222" w="171" h="16" zOrder="6">
          <font family="%E5%BE%AE%E8%BD%AF%E9%9B%85%E9%BB%91" displayName="%E5%BE%AE%E8%BD%AF%E9%9B%85%E9%BB%91" postScript="" weightStyle="Regular" weight="400" isBold="False" isItalic="False"/>
          <text>%E5%A4%87%E6%A1%88%E5%8F%B7%EF%BC%9A10010101010100111</text>
          <textColor>4291611852</textColor>
          <textSize>12</textSize>
          <lineSpacing>16</lineSpacing>
          <useDefaultTextSize>False</useDefaultTextSize>
          <selectedIndex>-1</selectedIndex>
        </control>
      </groupChildrenDescriptors>
    </control>
    <control controlID="F1F91290-25F8-4A10-8A39-C41DE41004F2" controlTypeID="Shape" x="210" y="111" w="563" h="51" zOrder="10">
      <color>436247039</color>
      <font family="%E5%BE%AE%E8%BD%AF%E9%9B%85%E9%BB%91" displayName="%E5%BE%AE%E8%BD%AF%E9%9B%85%E9%BB%91" postScript="" weightStyle="Regular" weight="400" isBold="False" isItalic="False"/>
      <text>%E4%BF%A1%E6%81%AF%E5%BD%95%E5%85%A5</text>
      <textSize>24</textSize>
      <lineSpacing>32</lineSpacing>
      <useDefaultTextSize>False</useDefaultTextSize>
      <selectedIndex>-1</selectedIndex>
    </control>
    <control controlID="4243B74F-AC6F-4C08-B27B-8BE347383911" controlTypeID="Shape" x="20" y="111" w="180" h="402" zOrder="11">
      <color>436247039</color>
      <font family="%E5%BE%AE%E8%BD%AF%E9%9B%85%E9%BB%91" displayName="%E5%BE%AE%E8%BD%AF%E9%9B%85%E9%BB%91" postScript="" weightStyle="Regular" weight="400" isBold="False" isItalic="False"/>
      <lineSpacing>16</lineSpacing>
      <selectedIndex>-1</selectedIndex>
    </control>
    <control controlID="B9097466-C02B-46CE-9534-7F75D3827413" controlTypeID="__group__" x="62" y="111" w="97" h="97" zOrder="12">
      <groupChildrenDescriptors>
        <control controlID="9C355627-D020-46F6-9BD6-6789164947C8" controlTypeID="Circle" x="0" y="0" w="97" h="97" zOrder="0">
          <color>4288256409</color>
          <font family="%E5%BE%AE%E8%BD%AF%E9%9B%85%E9%BB%91" displayName="%E5%BE%AE%E8%BD%AF%E9%9B%85%E9%BB%91" postScript="" weightStyle="Regular" weight="400" isBold="False" isItalic="False"/>
          <lineSpacing>16</lineSpacing>
          <selectedIndex>-1</selectedIndex>
          <shapeBorderType>SbEllipse</shapeBorderType>
        </control>
        <control controlID="88B9F0D1-8006-45D8-AF08-0FB2B3E2907D" controlTypeID="AvatarEx" x="14" y="15" w="69" h="69" zOrder="1">
          <color>4284900966</color>
          <groupChildrenDescriptors>
            <control controlID="0046E53E-FC9B-47FB-8B67-C222F2832EE9" controlTypeID="Shape" x="0" y="0" w="69" h="69" zOrder="0">
              <color>4288256409</color>
              <borderColor>4288256409</borderColor>
              <canMove>False</canMove>
              <alias>shape</alias>
              <font family="%E5%BE%AE%E8%BD%AF%E9%9B%85%E9%BB%91" displayName="%E5%BE%AE%E8%BD%AF%E9%9B%85%E9%BB%91" postScript="" weightStyle="Regular" weight="400" isBold="False" isItalic="False"/>
              <lineSpacing>16</lineSpacing>
              <selectedIndex>-1</selectedIndex>
              <thickness>2</thickness>
            </control>
            <control controlID="796BE628-476A-4155-8A4C-D43938783BBE" controlTypeID="Icon" x="7" y="12" w="55" h="55" zOrder="1">
              <color>4294967295</color>
              <canMove>False</canMove>
              <alias>icon</alias>
              <icon>
                <ID/>
                <iconFontName>jdiconfontB</iconFontName>
                <iconCode>59652</iconCode>
              </icon>
              <URL>467605F5F90D9FF65132C1A6EF883F26.svg</URL>
            </control>
          </groupChildrenDescriptors>
        </control>
      </groupChildrenDescriptors>
    </control>
    <control controlID="4778F120-FB69-4805-8765-205738586DC1" controlTypeID="Shape" x="20" y="218" w="180" h="30" zOrder="13">
      <color>4278229503</color>
      <font family="%E5%BE%AE%E8%BD%AF%E9%9B%85%E9%BB%91" displayName="%E5%BE%AE%E8%BD%AF%E9%9B%85%E9%BB%91+Bold" postScript="" weightStyle="Bold" weight="700" isBold="True" isItalic="False"/>
      <text>%E4%B8%AA%E4%BA%BA%E4%BF%A1%E6%81%AF</text>
      <textSize>16</textSize>
      <lineSpacing>21</lineSpacing>
      <textStyles>[fsBold]</textStyles>
      <useDefaultTextSize>False</useDefaultTextSize>
      <selectedIndex>-1</selectedIndex>
    </control>
    <control controlID="3C9DBC99-8694-439D-A734-D008EF3D38B9" controlTypeID="Shape" x="20" y="427" w="180" h="30" zOrder="14">
      <color>4278229503</color>
      <font family="%E5%BE%AE%E8%BD%AF%E9%9B%85%E9%BB%91" displayName="%E5%BE%AE%E8%BD%AF%E9%9B%85%E9%BB%91+Bold" postScript="" weightStyle="Bold" weight="700" isBold="True" isItalic="False"/>
      <text>%E9%A1%B9%E7%9B%AE%E6%94%AF%E6%8C%81</text>
      <textSize>16</textSize>
      <lineSpacing>21</lineSpacing>
      <textStyles>[fsBold]</textStyles>
      <useDefaultTextSize>False</useDefaultTextSize>
      <selectedIndex>-1</selectedIndex>
    </control>
    <control controlID="FB90EA44-3203-4137-8D3A-6CAF4A69EA8A" controlTypeID="Shape" x="20" y="315" w="180" h="32" zOrder="15">
      <color>4278229503</color>
      <font family="%E5%BE%AE%E8%BD%AF%E9%9B%85%E9%BB%91" displayName="%E5%BE%AE%E8%BD%AF%E9%9B%85%E9%BB%91+Bold" postScript="" weightStyle="Bold" weight="700" isBold="True" isItalic="False"/>
      <text>%E4%BA%BA%E5%91%98%E4%BF%A1%E6%81%AF%E7%AE%A1%E7%90%86</text>
      <textSize>16</textSize>
      <lineSpacing>21</lineSpacing>
      <textStyles>[fsBold]</textStyles>
      <useDefaultTextSize>False</useDefaultTextSize>
      <selectedIndex>-1</selectedIndex>
    </control>
    <control controlID="434AC229-3C1C-421D-979B-2ABB47732690" controlTypeID="Label" x="82" y="289" w="52" h="16" zOrder="16">
      <font family="%E5%BE%AE%E8%BD%AF%E9%9B%85%E9%BB%91" displayName="%E5%BE%AE%E8%BD%AF%E9%9B%85%E9%BB%91" postScript="" weightStyle="Regular" weight="400" isBold="False" isItalic="False"/>
      <text>%E5%AF%86%E7%A0%81%E4%BF%AE%E6%94%B9</text>
      <textSize>12</textSize>
      <lineSpacing>16</lineSpacing>
      <useDefaultTextSize>False</useDefaultTextSize>
      <selectedIndex>-1</selectedIndex>
    </control>
    <control controlID="01C3146D-E727-4DE0-8C63-145B5DF6190A" controlTypeID="Label" x="80" y="254" w="52" h="16" zOrder="17">
      <font family="%E5%BE%AE%E8%BD%AF%E9%9B%85%E9%BB%91" displayName="%E5%BE%AE%E8%BD%AF%E9%9B%85%E9%BB%91" postScript="" weightStyle="Regular" weight="400" isBold="False" isItalic="False"/>
      <text>%E4%B8%AA%E4%BA%BA%E8%B5%84%E6%96%99</text>
      <textSize>12</textSize>
      <lineSpacing>16</lineSpacing>
      <useDefaultTextSize>False</useDefaultTextSize>
      <selectedIndex>-1</selectedIndex>
    </control>
    <control controlID="E13BBA20-0607-4D02-AEF6-5DC7EAC40B11" controlTypeID="Label" x="81" y="362" w="52" h="16" zOrder="18">
      <font family="%E5%BE%AE%E8%BD%AF%E9%9B%85%E9%BB%91" displayName="%E5%BE%AE%E8%BD%AF%E9%9B%85%E9%BB%91" postScript="" weightStyle="Regular" weight="400" isBold="False" isItalic="False"/>
      <text>%E4%BF%A1%E6%81%AF%E5%BD%95%E5%85%A5</text>
      <textSize>12</textSize>
      <lineSpacing>16</lineSpacing>
      <useDefaultTextSize>False</useDefaultTextSize>
      <selectedIndex>-1</selectedIndex>
    </control>
    <control controlID="96C561D7-21C2-4E3C-8DF4-733E746550BF" controlTypeID="Label" x="79" y="399" w="52" h="16" zOrder="19">
      <font family="%E5%BE%AE%E8%BD%AF%E9%9B%85%E9%BB%91" displayName="%E5%BE%AE%E8%BD%AF%E9%9B%85%E9%BB%91" postScript="" weightStyle="Regular" weight="400" isBold="False" isItalic="False"/>
      <text>%E4%BA%BA%E5%91%98%E6%9E%B6%E6%9E%84</text>
      <textSize>12</textSize>
      <lineSpacing>16</lineSpacing>
      <useDefaultTextSize>False</useDefaultTextSize>
      <selectedIndex>-1</selectedIndex>
    </control>
    <control controlID="9CBB3B7C-9129-47A0-98D7-25EDE7339CEB" controlTypeID="Label" x="81" y="475" w="51" h="16" zOrder="20">
      <font family="%E5%BE%AE%E8%BD%AF%E9%9B%85%E9%BB%91" displayName="%E5%BE%AE%E8%BD%AF%E9%9B%85%E9%BB%91" postScript="" weightStyle="Regular" weight="400" isBold="False" isItalic="False"/>
      <text>%E5%B7%B2%E6%8A%95%E9%A1%B9%E7%9B%AE</text>
      <textSize>12</textSize>
      <lineSpacing>16</lineSpacing>
      <useDefaultTextSize>False</useDefaultTextSize>
      <selectedIndex>-1</selectedIndex>
    </control>
    <control controlID="781A4F60-165C-43F5-BE64-D9E722027F29" controlTypeID="Line" x="28" y="281" w="167" h="1" zOrder="21">
      <font family="%E5%BE%AE%E8%BD%AF%E9%9B%85%E9%BB%91" displayName="%E5%BE%AE%E8%BD%AF%E9%9B%85%E9%BB%91" postScript="" weightStyle="Regular" weight="400" isBold="False" isItalic="False"/>
      <lineSpacing>16</lineSpacing>
      <selectedIndex>-1</selectedIndex>
      <controlPoint>(84,0)</controlPoint>
      <startPoint>(0,0)</startPoint>
      <endPoint>(167,0)</endPoint>
    </control>
    <control controlID="F13C0585-C5E2-4924-9C76-4B7527615DC8" controlTypeID="Line" x="28" y="388" w="167" h="1" zOrder="22">
      <font family="%E5%BE%AE%E8%BD%AF%E9%9B%85%E9%BB%91" displayName="%E5%BE%AE%E8%BD%AF%E9%9B%85%E9%BB%91" postScript="" weightStyle="Regular" weight="400" isBold="False" isItalic="False"/>
      <lineSpacing>16</lineSpacing>
      <selectedIndex>-1</selectedIndex>
      <controlPoint>(84,0)</controlPoint>
      <startPoint>(0,0)</startPoint>
      <endPoint>(167,0)</endPoint>
    </control>
    <control controlID="C583CFDD-14A1-48FF-8F4F-126C5663ECEC" controlTypeID="Button" x="664" y="121" w="70" h="28" zOrder="23">
      <color>4294901811</color>
      <borderVisible>False</borderVisible>
      <font family="%E5%BE%AE%E8%BD%AF%E9%9B%85%E9%BB%91" displayName="%E5%BE%AE%E8%BD%AF%E9%9B%85%E9%BB%91" postScript="" weightStyle="Regular" weight="400" isBold="False" isItalic="False"/>
      <text>%E4%BF%9D%E5%AD%98</text>
      <textColor>4294967295</textColor>
      <lineSpacing>18</lineSpacing>
      <useDefaultTextSize>False</useDefaultTextSize>
      <selectedIndex>-1</selectedIndex>
      <radius>4</radius>
    </control>
  </controls>
  <param>
    <backgroundColor>4294967295</backgroundColor>
    <fontSize>12</fontSize>
    <fontFamily>%E5%BE%AE%E8%BD%AF%E9%9B%85%E9%BB%91</fontFamily>
    <guideLines/>
  </param>
</mockup>