﻿<mockup version="4.8" minAllowVersion="4.8" ID="B3C77AE0-1F34-4926-8FEB-512DFA278218" platform="MtDesktop" defaultW="800" defaultH="600" measureW="800" measureH="1500" mobileScreenScale="0">
  <controls controlCount="21">
    <control controlID="7AF17972-6DED-4111-B8FB-C7BF3123C474" controlTypeID="Shape" x="0" y="0" w="802" h="60" zOrder="0">
      <font family="%E5%BE%AE%E8%BD%AF%E9%9B%85%E9%BB%91" displayName="%E5%BE%AE%E8%BD%AF%E9%9B%85%E9%BB%91" postScript="" weightStyle="Regular" weight="400" isBold="False" isItalic="False"/>
      <textSize>18</textSize>
      <lineSpacing>24</lineSpacing>
      <useDefaultTextSize>False</useDefaultTextSize>
      <selectedIndex>-1</selectedIndex>
    </control>
    <control controlID="B1DBEB12-CD89-481F-A76F-528ED5C6B61D" controlTypeID="Label" x="335" y="26" w="78" h="24" zOrder="1">
      <font family="%E5%BE%AE%E8%BD%AF%E9%9B%85%E9%BB%91" displayName="%E5%BE%AE%E8%BD%AF%E9%9B%85%E9%BB%91" postScript="" weightStyle="Regular" weight="400" isBold="False" isItalic="False"/>
      <text>%E5%85%A8%E5%90%8D%E5%BD%93%E9%93%BA</text>
      <textSize>18</textSize>
      <lineSpacing>24</lineSpacing>
      <useDefaultTextSize>False</useDefaultTextSize>
      <selectedIndex>-1</selectedIndex>
    </control>
    <control controlID="591C41B2-2E92-40B1-B34B-68B036B3395E" controlTypeID="Label" x="20" y="23" w="69" h="22" zOrder="2">
      <font family="%E5%BE%AE%E8%BD%AF%E9%9B%85%E9%BB%91" displayName="%E5%BE%AE%E8%BD%AF%E9%9B%85%E9%BB%91" postScript="" weightStyle="Regular" weight="400" isBold="False" isItalic="False"/>
      <text>%E5%85%B3%E4%BA%8E%E6%88%91%E4%BB%AC</text>
      <textSize>16</textSize>
      <lineSpacing>21</lineSpacing>
      <useDefaultTextSize>False</useDefaultTextSize>
      <selectedIndex>-1</selectedIndex>
    </control>
    <control controlID="1C2ABF4A-221E-457B-9CEB-48F6A9774030" controlTypeID="Search" x="573" y="22" w="90" h="24" zOrder="3">
      <font family="%E5%BE%AE%E8%BD%AF%E9%9B%85%E9%BB%91" displayName="%E5%BE%AE%E8%BD%AF%E9%9B%85%E9%BB%91" postScript="" weightStyle="Regular" weight="400" isBold="False" isItalic="False"/>
      <textVAlign>VaTop</textVAlign>
      <lineSpacing>16</lineSpacing>
      <selectedIndex>-1</selectedIndex>
    </control>
    <control controlID="3D422B10-D6CB-4CF5-9FA9-DECE917083A1" controlTypeID="Image" x="0" y="60" w="800" h="340" zOrder="4"/>
    <control controlID="0AB1AD0A-34B4-473E-B5A6-3EEC234E71BF" controlTypeID="Label" x="365" y="370" w="71" h="24" zOrder="5">
      <font family="%E5%BE%AE%E8%BD%AF%E9%9B%85%E9%BB%91" displayName="%E5%BE%AE%E8%BD%AF%E9%9B%85%E9%BB%91" postScript="" weightStyle="Regular" weight="400" isBold="False" isItalic="False"/>
      <text>1%2F3%E5%B1%8F%E5%B9%95</text>
      <textSize>18</textSize>
      <lineSpacing>24</lineSpacing>
      <useDefaultTextSize>False</useDefaultTextSize>
      <selectedIndex>-1</selectedIndex>
    </control>
    <control controlID="9B0FB88B-B656-432E-A7E2-7D6BEB60DB9C" controlTypeID="Label" x="268" y="427" w="262" h="37" zOrder="6">
      <font family="%E5%BE%AE%E8%BD%AF%E9%9B%85%E9%BB%91" displayName="%E5%BE%AE%E8%BD%AF%E9%9B%85%E9%BB%91" postScript="" weightStyle="Regular" weight="400" isBold="False" isItalic="False"/>
      <text>%E4%B8%BA%E4%BB%80%E4%B9%88%E9%80%89%E6%8B%A9%E5%85%A8%E5%90%8D%E5%BD%93%E9%93%BA</text>
      <textColor>4278229503</textColor>
      <textSize>28</textSize>
      <lineSpacing>37</lineSpacing>
      <useDefaultTextSize>False</useDefaultTextSize>
      <selectedIndex>-1</selectedIndex>
    </control>
    <control controlID="0C69C7C1-FEE4-411A-BC98-AF9B7AD57657" controlTypeID="Image" x="51" y="529" w="274" h="150" zOrder="7">
      <remarkText>%E5%B0%BA%E5%AF%B8%EF%BC%9A300*400%0D%0A</remarkText>
    </control>
    <control controlID="021B10FB-A0C1-4E05-9FC5-DD58556BFE57" controlTypeID="Image" x="485" y="529" w="274" h="150" zOrder="8"/>
    <control controlID="3035DA60-9780-4644-9A16-D320EBDE1EC7" controlTypeID="VerticalTabBar" x="51" y="766" w="708" h="350" zOrder="9">
      <color>436247039</color>
      <font family="%E5%BE%AE%E8%BD%AF%E9%9B%85%E9%BB%91" displayName="%E5%BE%AE%E8%BD%AF%E9%9B%85%E9%BB%91" postScript="" weightStyle="Regular" weight="400" isBold="False" isItalic="False"/>
      <text>%E5%85%B3%E4%BA%8E%E5%85%A8%E5%90%8D%E5%BD%93%E9%93%BA%2C%E5%85%B3%E4%BA%8E%E6%8A%95%E8%B5%84%2C%E9%A1%B9%E7%9B%AE%E6%8A%95%E8%B5%84%2C%E6%B3%95%E5%BE%8B%E5%8D%8F%E8%AE%AE</text>
      <lineSpacing>16</lineSpacing>
      <selectedColor>436247039</selectedColor>
      <tabHeight>40</tabHeight>
      <tabColor>436247039</tabColor>
    </control>
    <control controlID="5458B385-112B-4427-8E34-98083B39D9F1" controlTypeID="Master" x="-2" y="1252" w="802" h="248" zOrder="10" masterID="114A9CE0-90CE-4720-937C-9AABE8131D61">
      <groupChildrenDescriptors>
        <control controlID="7264F9B4-EA5E-478F-A81F-8135277A20FF" controlTypeID="Shape" x="0" y="0" w="802" h="246" zOrder="0">
          <color>4281545523</color>
          <font family="%E5%BE%AE%E8%BD%AF%E9%9B%85%E9%BB%91" displayName="%E5%BE%AE%E8%BD%AF%E9%9B%85%E9%BB%91" postScript="" weightStyle="Regular" weight="400" isBold="False" isItalic="False"/>
          <lineSpacing>16</lineSpacing>
          <selectedIndex>-1</selectedIndex>
        </control>
        <control controlID="AB9785AB-D681-4288-A09F-9BF42CD6BBB8" controlTypeID="Label" x="50" y="61" w="233" h="43" zOrder="1">
          <font family="%E5%BE%AE%E8%BD%AF%E9%9B%85%E9%BB%91" displayName="%E5%BE%AE%E8%BD%AF%E9%9B%85%E9%BB%91" postScript="" weightStyle="Regular" weight="400" isBold="False" isItalic="False"/>
          <text>%E5%85%A8%E5%90%8D%E5%BD%93%E9%93%BA%E4%BC%97%E7%AD%B9%E7%BD%91</text>
          <textColor>4294967295</textColor>
          <textSize>32</textSize>
          <lineSpacing>42</lineSpacing>
          <useDefaultTextSize>False</useDefaultTextSize>
          <selectedIndex>-1</selectedIndex>
        </control>
        <control controlID="C3F68049-6628-4C30-B547-1D52E1451906" controlTypeID="Label" x="213" y="128" w="61" h="19" zOrder="2">
          <font family="%E5%BE%AE%E8%BD%AF%E9%9B%85%E9%BB%91" displayName="%E5%BE%AE%E8%BD%AF%E9%9B%85%E9%BB%91" postScript="" weightStyle="Regular" weight="400" isBold="False" isItalic="False"/>
          <text>%E5%85%B3%E4%BA%8E%E6%88%91%E4%BB%AC</text>
          <textColor>4288256409</textColor>
          <lineSpacing>18</lineSpacing>
          <useDefaultTextSize>False</useDefaultTextSize>
          <selectedIndex>-1</selectedIndex>
        </control>
        <control controlID="30A7835B-5753-4ACB-831D-A3D99ACD49DD" controlTypeID="QRCode" x="597" y="90" w="66" h="66" zOrder="3"/>
        <control controlID="074FD820-FBC3-4C61-AEAF-B735006B8375" controlTypeID="QRCode" x="680" y="90" w="66" h="66" zOrder="4"/>
        <control controlID="0417A313-337B-4C8C-8C29-D6FD10A8B7C3" controlTypeID="Shape" x="0" y="208" w="802" h="40" zOrder="5">
          <color>4278190080</color>
          <font family="%E5%BE%AE%E8%BD%AF%E9%9B%85%E9%BB%91" displayName="%E5%BE%AE%E8%BD%AF%E9%9B%85%E9%BB%91" postScript="" weightStyle="Regular" weight="400" isBold="False" isItalic="False"/>
          <lineSpacing>16</lineSpacing>
          <selectedIndex>-1</selectedIndex>
        </control>
        <control controlID="56BCC413-B790-4EC8-8CFE-6760B2AF576B" controlTypeID="Label" x="304" y="222" w="171" h="16" zOrder="6">
          <font family="%E5%BE%AE%E8%BD%AF%E9%9B%85%E9%BB%91" displayName="%E5%BE%AE%E8%BD%AF%E9%9B%85%E9%BB%91" postScript="" weightStyle="Regular" weight="400" isBold="False" isItalic="False"/>
          <text>%E5%A4%87%E6%A1%88%E5%8F%B7%EF%BC%9A10010101010100111</text>
          <textColor>4291611852</textColor>
          <textSize>12</textSize>
          <lineSpacing>16</lineSpacing>
          <useDefaultTextSize>False</useDefaultTextSize>
          <selectedIndex>-1</selectedIndex>
        </control>
      </groupChildrenDescriptors>
    </control>
    <control controlID="C41B95D5-9F3E-4644-8D22-7E0F8DB3280D" controlTypeID="AvatarEx" x="714" y="5" w="45" h="45" zOrder="11">
      <color>4284900966</color>
      <groupChildrenDescriptors>
        <control controlID="13BF8917-5C7A-4250-A600-3A348EFB5734" controlTypeID="Shape" x="0" y="0" w="45" h="45" zOrder="0">
          <color>4288256409</color>
          <canMove>False</canMove>
          <alias>shape</alias>
          <font family="%E5%BE%AE%E8%BD%AF%E9%9B%85%E9%BB%91" displayName="%E5%BE%AE%E8%BD%AF%E9%9B%85%E9%BB%91" postScript="" weightStyle="Regular" weight="400" isBold="False" isItalic="False"/>
          <lineSpacing>16</lineSpacing>
          <selectedIndex>-1</selectedIndex>
          <thickness>2</thickness>
        </control>
        <control controlID="D5DD7E40-4D07-4FDF-B7A4-6D32AF8C0506" controlTypeID="Icon" x="5" y="8" w="35" h="35" zOrder="1">
          <color>4294967295</color>
          <canMove>False</canMove>
          <alias>icon</alias>
          <icon>
            <ID/>
            <iconFontName>jdiconfontB</iconFontName>
            <iconCode>59652</iconCode>
          </icon>
          <URL>467605F5F90D9FF65132C1A6EF883F26.svg</URL>
        </control>
      </groupChildrenDescriptors>
    </control>
  </controls>
  <param>
    <backgroundColor>4294967295</backgroundColor>
    <fontSize>12</fontSize>
    <fontFamily>%E5%BE%AE%E8%BD%AF%E9%9B%85%E9%BB%91</fontFamily>
    <guideLines/>
  </param>
</mockup>