﻿<mockup version="4.8" minAllowVersion="4.8" ID="E07BABD8-EBA7-4F0B-B67F-77CEEB490293" platform="MtDesktop" defaultW="800" defaultH="600" measureW="800" measureH="600" mobileScreenScale="0">
  <controls controlCount="25">
    <control controlID="D226D910-E36F-4244-B6AF-5788BE9DC653" controlTypeID="Shape" x="0" y="0" w="188" h="600" zOrder="0">
      <color>436247039</color>
      <borderColor>436247039</borderColor>
      <font family="%E5%BE%AE%E8%BD%AF%E9%9B%85%E9%BB%91" displayName="%E5%BE%AE%E8%BD%AF%E9%9B%85%E9%BB%91" postScript="" weightStyle="Regular" weight="400" isBold="False" isItalic="False"/>
      <lineSpacing>16</lineSpacing>
      <selectedIndex>-1</selectedIndex>
    </control>
    <control controlID="05E67511-8C4D-4DFC-8198-63CF09999F4B" controlTypeID="Shape" x="0" y="0" w="188" h="40" zOrder="1">
      <color>4278229503</color>
      <font family="%E5%BE%AE%E8%BD%AF%E9%9B%85%E9%BB%91" displayName="%E5%BE%AE%E8%BD%AF%E9%9B%85%E9%BB%91" postScript="" weightStyle="Regular" weight="400" isBold="False" isItalic="False"/>
      <text>%E4%BC%97%E7%AD%B9%E7%AE%A1%E7%90%86</text>
      <textColor>4294967295</textColor>
      <textSize>18</textSize>
      <lineSpacing>24</lineSpacing>
      <useDefaultTextSize>False</useDefaultTextSize>
      <selectedIndex>-1</selectedIndex>
    </control>
    <control controlID="058B2440-DB8B-41B7-9A18-244DAEC427D0" controlTypeID="Shape" x="0" y="39" w="188" h="40" zOrder="2">
      <color>4288256409</color>
      <font family="%E5%BE%AE%E8%BD%AF%E9%9B%85%E9%BB%91" displayName="%E5%BE%AE%E8%BD%AF%E9%9B%85%E9%BB%91" postScript="" weightStyle="Regular" weight="400" isBold="False" isItalic="False"/>
      <text>%E9%A1%B9%E7%9B%AE%E8%AE%BE%E7%BD%AE</text>
      <textColor>4294967295</textColor>
      <textSize>18</textSize>
      <lineSpacing>24</lineSpacing>
      <useDefaultTextSize>False</useDefaultTextSize>
      <selectedIndex>-1</selectedIndex>
    </control>
    <control controlID="37620A2B-5591-43B0-8C13-E9EF696FB0D6" controlTypeID="Shape" x="0" y="78" w="188" h="40" zOrder="3">
      <color>4288256409</color>
      <font family="%E5%BE%AE%E8%BD%AF%E9%9B%85%E9%BB%91" displayName="%E5%BE%AE%E8%BD%AF%E9%9B%85%E9%BB%91" postScript="" weightStyle="Regular" weight="400" isBold="False" isItalic="False"/>
      <text>%E9%A1%B9%E7%9B%AE%E7%8A%B6%E6%80%81</text>
      <textColor>4294967295</textColor>
      <textSize>18</textSize>
      <lineSpacing>24</lineSpacing>
      <useDefaultTextSize>False</useDefaultTextSize>
      <selectedIndex>-1</selectedIndex>
    </control>
    <control controlID="BB9D4FE5-D691-412B-A7F7-FA4297C03E36" controlTypeID="Shape" x="0" y="117" w="188" h="40" zOrder="4">
      <color>4288256409</color>
      <font family="%E5%BE%AE%E8%BD%AF%E9%9B%85%E9%BB%91" displayName="%E5%BE%AE%E8%BD%AF%E9%9B%85%E9%BB%91" postScript="" weightStyle="Regular" weight="400" isBold="False" isItalic="False"/>
      <text>%E4%BA%A4%E6%98%93%E5%BD%95%E5%85%A5</text>
      <textColor>4294967295</textColor>
      <textSize>18</textSize>
      <lineSpacing>24</lineSpacing>
      <useDefaultTextSize>False</useDefaultTextSize>
      <selectedIndex>-1</selectedIndex>
    </control>
    <control controlID="FFA360EE-E989-423A-9C53-0A70B503D260" controlTypeID="Shape" x="0" y="156" w="188" h="40" zOrder="5">
      <color>4288256409</color>
      <font family="%E5%BE%AE%E8%BD%AF%E9%9B%85%E9%BB%91" displayName="%E5%BE%AE%E8%BD%AF%E9%9B%85%E9%BB%91" postScript="" weightStyle="Regular" weight="400" isBold="False" isItalic="False"/>
      <text>%E4%BA%BA%E5%91%98%E5%88%97%E8%A1%A8</text>
      <textColor>4294967295</textColor>
      <textSize>18</textSize>
      <lineSpacing>24</lineSpacing>
      <useDefaultTextSize>False</useDefaultTextSize>
      <selectedIndex>-1</selectedIndex>
    </control>
    <control controlID="DADDEF8C-07D7-466E-80B8-F6044259B91B" controlTypeID="Shape" x="0" y="194" w="188" h="40" zOrder="6">
      <color>4278229503</color>
      <font family="%E5%BE%AE%E8%BD%AF%E9%9B%85%E9%BB%91" displayName="%E5%BE%AE%E8%BD%AF%E9%9B%85%E9%BB%91" postScript="" weightStyle="Regular" weight="400" isBold="False" isItalic="False"/>
      <text>%E5%95%86%E5%9F%8E%E7%AE%A1%E7%90%86+</text>
      <textColor>4294967295</textColor>
      <textSize>18</textSize>
      <lineSpacing>24</lineSpacing>
      <useDefaultTextSize>False</useDefaultTextSize>
      <selectedIndex>-1</selectedIndex>
    </control>
    <control controlID="37873855-6FE9-4703-AA58-88CABECF919A" controlTypeID="Shape" x="0" y="231" w="188" h="40" zOrder="7">
      <color>4288256409</color>
      <font family="%E5%BE%AE%E8%BD%AF%E9%9B%85%E9%BB%91" displayName="%E5%BE%AE%E8%BD%AF%E9%9B%85%E9%BB%91" postScript="" weightStyle="Regular" weight="400" isBold="False" isItalic="False"/>
      <text>%E5%95%86%E5%93%81%E8%AE%BE%E7%BD%AE</text>
      <textColor>4294967295</textColor>
      <textSize>18</textSize>
      <lineSpacing>24</lineSpacing>
      <useDefaultTextSize>False</useDefaultTextSize>
      <selectedIndex>-1</selectedIndex>
    </control>
    <control controlID="F0146A51-FF4B-4CCF-B9E3-6DF3339B154E" controlTypeID="Shape" x="0" y="268" w="188" h="40" zOrder="8">
      <color>4288256409</color>
      <font family="%E5%BE%AE%E8%BD%AF%E9%9B%85%E9%BB%91" displayName="%E5%BE%AE%E8%BD%AF%E9%9B%85%E9%BB%91" postScript="" weightStyle="Regular" weight="400" isBold="False" isItalic="False"/>
      <text>%E5%95%86%E5%93%81%E5%88%97%E8%A1%A8</text>
      <textColor>4294967295</textColor>
      <textSize>18</textSize>
      <lineSpacing>24</lineSpacing>
      <useDefaultTextSize>False</useDefaultTextSize>
      <selectedIndex>-1</selectedIndex>
    </control>
    <control controlID="ED71CA73-3E08-4C3A-BD4A-EC1162C561BF" controlTypeID="Label" x="211" y="8" w="78" h="24" zOrder="9">
      <font family="%E5%BE%AE%E8%BD%AF%E9%9B%85%E9%BB%91" displayName="%E5%BE%AE%E8%BD%AF%E9%9B%85%E9%BB%91+Bold" postScript="" weightStyle="Bold" weight="700" isBold="True" isItalic="False"/>
      <text>%E4%BA%A4%E6%98%93%E4%BF%A1%E6%81%AF</text>
      <textColor>4288256409</textColor>
      <textSize>18</textSize>
      <lineSpacing>24</lineSpacing>
      <textStyles>[fsBold]</textStyles>
      <useDefaultTextSize>False</useDefaultTextSize>
      <selectedIndex>-1</selectedIndex>
    </control>
    <control controlID="9876B64B-464B-4C95-8410-6E9FCF71B5C6" controlTypeID="DataGrid" x="211" y="98" w="562" h="421" zOrder="10">
      <font family="%E5%BE%AE%E8%BD%AF%E9%9B%85%E9%BB%91" displayName="%E5%BE%AE%E8%BD%AF%E9%9B%85%E9%BB%91" postScript="" weightStyle="Regular" weight="400" isBold="False" isItalic="False"/>
      <text>ID%2C%E5%A7%93%E5%90%8D+%2C+%E5%95%86%E5%93%81%E5%90%8D%E7%A7%B0%2C%E5%95%86%E5%93%81%E7%BC%96%E5%8F%B7%2C+%E5%BA%97%E9%93%BA%2C%E9%87%91%E9%A2%9D(%E4%B8%87)%2C+%E7%A7%AF%E5%88%86(%E4%B8%87)+%2C%E6%97%B6%E9%97%B4%2C%E7%BB%8F%E5%8A%9E%E4%BA%BA+%0D%0A000001%2C+%E5%BC%A0%E4%B8%89%2C+%E9%92%BB%E7%9F%B3%2C0001%2C%E9%95%BF%E5%AE%89%E8%A1%97%E5%BD%93%E9%93%BA%2C+5%2C5%2C1%2F1%2F2014%2C%E8%80%81%E7%8E%8B+%0D%0A000001%2C+%E5%BC%A0%E4%B8%89%2C+%E9%92%BB%E7%9F%B3%2C0001%2C%E9%95%BF%E5%AE%89%E8%A1%97%E5%BD%93%E9%93%BA%2C+5%2C5%2C1%2F1%2F2014%2C%E8%80%81%E7%8E%8B+%0D%0A000001%2C+%E5%BC%A0%E4%B8%89%2C+%E9%92%BB%E7%9F%B3%2C0001%2C%E9%95%BF%E5%AE%89%E8%A1%97%E5%BD%93%E9%93%BA%2C+5%2C5%2C1%2F1%2F2014%2C%E8%80%81%E7%8E%8B+%0D%0A000001%2C+%E5%BC%A0%E4%B8%89%2C+%E9%92%BB%E7%9F%B3%2C0001%2C%E9%95%BF%E5%AE%89%E8%A1%97%E5%BD%93%E9%93%BA%2C+5%2C5%2C1%2F1%2F2014%2C%E8%80%81%E7%8E%8B%0D%0A%7B4%2C2R%2C4R%2C4C%2C2C%7D</text>
      <lineSpacing>16</lineSpacing>
      <headerHeight>23</headerHeight>
      <columnRatio>{14.9,7.5,14.9,14.9,7.5,10,10,11.6,8.5}</columnRatio>
      <itemRect>[{"left":0,"top":0,"right":562,"bottom":23},{"left":0,"top":23,"right":562,"bottom":48},{"left":0,"top":48,"right":562,"bottom":73},{"left":0,"top":73,"right":562,"bottom":98},{"left":0,"top":98,"right":562,"bottom":123}]</itemRect>
    </control>
    <control controlID="C3F601BF-E19A-46A9-9470-DB80A62117D8" controlTypeID="Master" x="559" y="529" w="198" h="16" zOrder="11" masterID="8E90D492-7903-4700-ACBC-1234180E34F3">
      <groupChildrenDescriptors>
        <control controlID="822FCF1F-093E-48D3-8EA6-E17DFB12CEC2" controlTypeID="__group__" x="0" y="0" w="198" h="16" zOrder="0">
          <groupChildrenDescriptors>
            <control controlID="06BAA2B3-816E-403B-B068-2D44626C6676" controlTypeID="Label" x="0" y="0" w="40" h="16" zOrder="0">
              <font family="%E5%BE%AE%E8%BD%AF%E9%9B%85%E9%BB%91" displayName="%E5%BE%AE%E8%BD%AF%E9%9B%85%E9%BB%91" postScript="" weightStyle="Regular" weight="400" isBold="False" isItalic="False"/>
              <text>%E4%B8%8A%E4%B8%80%E9%A1%B5</text>
              <textSize>12</textSize>
              <lineSpacing>16</lineSpacing>
              <selectedIndex>-1</selectedIndex>
            </control>
            <control controlID="2CFDE464-10C2-4757-83AD-267D738967D7" controlTypeID="Label" x="158" y="0" w="40" h="16" zOrder="1">
              <font family="%E5%BE%AE%E8%BD%AF%E9%9B%85%E9%BB%91" displayName="%E5%BE%AE%E8%BD%AF%E9%9B%85%E9%BB%91" postScript="" weightStyle="Regular" weight="400" isBold="False" isItalic="False"/>
              <text>%E4%B8%8B%E4%B8%80%E9%A1%B5</text>
              <textSize>12</textSize>
              <lineSpacing>16</lineSpacing>
              <selectedIndex>-1</selectedIndex>
            </control>
            <control controlID="FD251F46-0618-4EAA-B2D3-AE49FD88B895" controlTypeID="Label" x="55" y="0" w="11" h="16" zOrder="2">
              <font family="%E5%BE%AE%E8%BD%AF%E9%9B%85%E9%BB%91" displayName="%E5%BE%AE%E8%BD%AF%E9%9B%85%E9%BB%91" postScript="" weightStyle="Regular" weight="400" isBold="False" isItalic="False"/>
              <text>1</text>
              <textSize>12</textSize>
              <lineSpacing>16</lineSpacing>
              <selectedIndex>-1</selectedIndex>
            </control>
            <control controlID="1516DB31-3531-4801-846E-79F3F411EB82" controlTypeID="Label" x="81" y="0" w="11" h="16" zOrder="3">
              <font family="%E5%BE%AE%E8%BD%AF%E9%9B%85%E9%BB%91" displayName="%E5%BE%AE%E8%BD%AF%E9%9B%85%E9%BB%91" postScript="" weightStyle="Regular" weight="400" isBold="False" isItalic="False"/>
              <text>2</text>
              <textSize>12</textSize>
              <lineSpacing>16</lineSpacing>
              <selectedIndex>-1</selectedIndex>
            </control>
            <control controlID="9C32961C-11FB-4032-BF56-264ABE311A2E" controlTypeID="Label" x="107" y="0" w="11" h="16" zOrder="4">
              <font family="%E5%BE%AE%E8%BD%AF%E9%9B%85%E9%BB%91" displayName="%E5%BE%AE%E8%BD%AF%E9%9B%85%E9%BB%91" postScript="" weightStyle="Regular" weight="400" isBold="False" isItalic="False"/>
              <text>3</text>
              <textSize>12</textSize>
              <lineSpacing>16</lineSpacing>
              <selectedIndex>-1</selectedIndex>
            </control>
            <control controlID="706239D8-1108-48AE-AD49-2B50C4A17B83" controlTypeID="Label" x="133" y="0" w="12" h="16" zOrder="5">
              <font family="%E5%BE%AE%E8%BD%AF%E9%9B%85%E9%BB%91" displayName="%E5%BE%AE%E8%BD%AF%E9%9B%85%E9%BB%91" postScript="" weightStyle="Regular" weight="400" isBold="False" isItalic="False"/>
              <text>...</text>
              <textSize>12</textSize>
              <lineSpacing>16</lineSpacing>
              <selectedIndex>-1</selectedIndex>
            </control>
          </groupChildrenDescriptors>
        </control>
      </groupChildrenDescriptors>
    </control>
    <control controlID="43DBB862-E75F-4E55-9E7F-A689C2772EF9" controlTypeID="Label" x="695" y="72" w="78" h="16" zOrder="12">
      <font family="%E5%BE%AE%E8%BD%AF%E9%9B%85%E9%BB%91" displayName="%E5%BE%AE%E8%BD%AF%E9%9B%85%E9%BB%91" postScript="" weightStyle="Regular" weight="400" isBold="False" isItalic="False"/>
      <text>%E6%AF%8F%E9%A1%B5%E6%98%BE%E7%A4%BA15%E4%B8%AA</text>
      <textSize>12</textSize>
      <lineSpacing>16</lineSpacing>
      <selectedIndex>-1</selectedIndex>
    </control>
    <control controlID="79B38EC4-AE55-4727-A336-C21D2A875CE4" controlTypeID="Shape" x="0" y="307" w="188" h="40" zOrder="13">
      <color>4288256409</color>
      <font family="%E5%BE%AE%E8%BD%AF%E9%9B%85%E9%BB%91" displayName="%E5%BE%AE%E8%BD%AF%E9%9B%85%E9%BB%91" postScript="" weightStyle="Regular" weight="400" isBold="False" isItalic="False"/>
      <text>%E4%BA%A4%E6%98%93%E5%BD%95%E5%85%A5</text>
      <textColor>4294967295</textColor>
      <textSize>18</textSize>
      <lineSpacing>24</lineSpacing>
      <useDefaultTextSize>False</useDefaultTextSize>
      <selectedIndex>-1</selectedIndex>
    </control>
    <control controlID="D4D14EEE-791A-4175-8959-86C38F59041F" controlTypeID="Shape" x="0" y="346" w="188" h="40" zOrder="14">
      <color>4288256409</color>
      <font family="%E5%BE%AE%E8%BD%AF%E9%9B%85%E9%BB%91" displayName="%E5%BE%AE%E8%BD%AF%E9%9B%85%E9%BB%91" postScript="" weightStyle="Regular" weight="400" isBold="False" isItalic="False"/>
      <text>%E4%BA%BA%E5%91%98%E5%88%97%E8%A1%A8</text>
      <textColor>4294967295</textColor>
      <textSize>18</textSize>
      <lineSpacing>24</lineSpacing>
      <useDefaultTextSize>False</useDefaultTextSize>
      <selectedIndex>-1</selectedIndex>
    </control>
    <control controlID="088E6AA5-9CD7-4F68-B8E0-595B7EC6F498" controlTypeID="Shape" x="0" y="425" w="188" h="40" zOrder="15">
      <color>4288256409</color>
      <font family="%E5%BE%AE%E8%BD%AF%E9%9B%85%E9%BB%91" displayName="%E5%BE%AE%E8%BD%AF%E9%9B%85%E9%BB%91" postScript="" weightStyle="Regular" weight="400" isBold="False" isItalic="False"/>
      <text>%E4%BA%BA%E5%91%98%E5%BD%95%E5%85%A5</text>
      <textColor>4294967295</textColor>
      <textSize>18</textSize>
      <lineSpacing>24</lineSpacing>
      <useDefaultTextSize>False</useDefaultTextSize>
      <selectedIndex>-1</selectedIndex>
    </control>
    <control controlID="83A1CE29-7DA7-471F-A038-8BEF3FC29C4A" controlTypeID="Shape" x="0" y="464" w="188" h="40" zOrder="16">
      <color>4288256409</color>
      <font family="%E5%BE%AE%E8%BD%AF%E9%9B%85%E9%BB%91" displayName="%E5%BE%AE%E8%BD%AF%E9%9B%85%E9%BB%91" postScript="" weightStyle="Regular" weight="400" isBold="False" isItalic="False"/>
      <text>%E4%BA%BA%E5%91%98%E5%88%97%E8%A1%A8</text>
      <textColor>4294967295</textColor>
      <textSize>18</textSize>
      <lineSpacing>24</lineSpacing>
      <useDefaultTextSize>False</useDefaultTextSize>
      <selectedIndex>-1</selectedIndex>
    </control>
    <control controlID="B2FC62B1-BA2C-488F-803A-EE4E340C4800" controlTypeID="Shape" x="0" y="386" w="188" h="40" zOrder="17">
      <color>4278229503</color>
      <font family="%E5%BE%AE%E8%BD%AF%E9%9B%85%E9%BB%91" displayName="%E5%BE%AE%E8%BD%AF%E9%9B%85%E9%BB%91" postScript="" weightStyle="Regular" weight="400" isBold="False" isItalic="False"/>
      <text>%E4%B8%89%E7%BA%A7%E5%88%86%E9%94%80%E7%AE%A1%E7%90%86</text>
      <textColor>4294967295</textColor>
      <textSize>18</textSize>
      <lineSpacing>24</lineSpacing>
      <useDefaultTextSize>False</useDefaultTextSize>
      <selectedIndex>-1</selectedIndex>
    </control>
  </controls>
  <param>
    <backgroundColor>4294967295</backgroundColor>
    <fontSize>0</fontSize>
    <fontFamily/>
    <guideLines/>
  </param>
</mockup>